title,imageUrl,promptEn,promptCh,sourceUrl
前卫奢华美妆广告大片,https://img.opennana.com/prompts/assets/202604/1777290186135-gsrocuc3-1777290188310-1.jpeg,"Avant-garde luxury beauty campaign, oversized sculptural red lipstick posed as monumental pedestal, elegant female model standing atop the lipstick bullet in a dramatic black asymmetrical evening gown with thigh-high slit, one hand on hip in powerful couture pose, giant word “BOLD” in oversized black serif typography behind, monochrome crimson studio backdrop, glossy reflective floor, ultra-clean fashion editorial composition, cinematic luxury beauty advertising lighting, high contrast, museum-like minimalism, premium campaign aesthetic, 1:1",前卫奢华美妆广告，巨大的雕塑感红唇膏被摆放成宏伟的底座，优雅的女性模特站在唇膏膏体的顶端，穿着引人注目的黑色不对称晚礼服，带有高开衩，单手叉腰摆出充满力量的高级定制姿势，身后是巨大的黑色衬线字体单词“BOLD”，单色深红影棚背景，光滑的反射地面，超干净的时尚大片构图，电影级奢华美妆广告灯光，高对比度，博物馆般的极简主义，高级广告美学，1:1,https://opennana.com/awesome-prompt-gallery/avant-garde-luxury-beauty
视觉丰富的人物信息图设计,https://img.opennana.com/prompts/assets/202604/1777290364770-ne9lfels-1777290368196-1.jpeg,"Create a visually rich infographic about [PERSON NAME]. Start by researching his life, major achievements, career milestones, philosophy, and unique impact on technology and design. Present information through annotated visuals and structured callouts, not generic sections. Style it like a bold graphic illustration: a detailed, photorealistic central portrait as the focal point, supported by timelines, diagrams, product references, quotes, and concise text elements. Use clean backgrounds and a mix of photorealism with strong graphic elements (shapes, icons, color blocking) in a layered composition. Make it dense, tactile, and professionally authored.",创建一个关于 [PERSON NAME] 的视觉丰富的信息图。首先研究他的生平、主要成就、职业里程碑、理念以及对科技和设计的独特影响。通过带有注释的视觉元素和结构化的标注来呈现信息，而不是普通的版块。风格类似于大胆的图形插画：以一幅详细的、照片般逼真的中心肖像作为视觉焦点，辅以时间轴、图表、产品参考、引言和简洁的文本元素。使用干净的背景，在分层构图中将照片般逼真与强烈的图形元素（形状、图标、色块）混合在一起。使其具有密集感、触感，并且看起来是专业创作的。,https://opennana.com/awesome-prompt-gallery/visually-rich-character-infographic
暗调情绪风手机广告大片,https://img.opennana.com/prompts/assets/202604/1777215220752-m2i1rmld-1777215227144-1.jpeg,"A hyperrealistic Apple iPhone 17 Pro Max advertisement shot in a dark, moody editorial style. A young stylish woman with a warm complexion and soft upswept brunette hair, wearing a dusty mauve velvet off-shoulder mini dress, thigh-high taupe suede heeled boots, and a thin black choker necklace, is captured mid-pose extending her arm forward holding an iPhone 17 Pro Max toward the camera in a confident selfie gesture. The phone — featuring a titanium Desert Sand finish with a flush quad-lens camera system and a edge-to-edge ProMotion display glowing with vivid color — dominates the center of the frame. The composition uses shallow depth of field with tack-sharp focus on the phone screen and extended arm, soft cinematic blur on the background figure. The near-black charcoal background is layered with subtle urban texture — faint graffiti strokes in electric yellow and muted olive barely visible through a heavy dark vignette. Multiple rows of ultra-small all-caps typographic text orbit the phone at different angles reading phrases like ""EVERY ANGLE. EVERY MOMENT. EVERY YOU."" and ""THE SHOT YOU NEVER MISS"" — some running vertically, some at 30-degree angles, creating a chaotic yet intentional graphic zine energy. At the upper right, the Apple logo appears in clean brushed silver against the dark background. At the top center, a thin horizontal navigation-style text bar reads ""PRO CAMERA · TITANIUM BUILD · BEYOND INTELLIGENCE"" in spaced all-caps serif font. A large commanding headline is placed center-right — ""CAPTURE"" in massive ultra-bold white letters followed by ""EVERYTHING"" in lighter weight creating dramatic type hierarchy. Small yellow plus (+) symbols and diagonal arrows (↗) scattered throughout as accent details. Bottom left features a bold slogan lockup: ""YOUR WORLD. YOUR FRAME."" in large bold sans-serif white text with a thin subline reading ""The most powerful iPhone ever made. Every selfie is a cinematic moment."" The overall lighting is dramatic and directional — a single cold key light from the upper left causing the titanium frame to shimmer, the ProMotion display to glow, and the velvet dress to catch a soft warm sheen against the darkness. Photorealistic. Commercial photography quality. High contrast. 4K resolution. 3:4 vertical format optimized for social media.",一张超写实的苹果 iPhone 17 Pro Max 广告镜头，采用暗调、情绪化的杂志大片风格。一位年轻时尚的女性，拥有暖色调肤色和柔和向上盘起的深棕色头发，穿着灰粉色天鹅绒露肩超短裙、灰褐色及膝麂皮高跟靴和一条纤细的黑色颈圈项链，被捕捉到正在摆姿势，向前伸出手臂，以自信的自拍手势将一部 iPhone 17 Pro Max 举向镜头。这部手机——采用钛金属沙漠色饰面，配备平齐式四镜头相机系统，以及闪烁着生动色彩的边到边 ProMotion 显示屏——占据了画面的中心位置。构图使用浅景深，对手机屏幕和伸出的手臂具有极其锐利的焦点，对背景人物使用柔和的电影级模糊。近乎黑色的炭灰色背景层叠着微妙的都市纹理——微弱的电黄色和柔和橄榄色的涂鸦笔触，透过浓重的暗角勉强可见。多排超小号的全大写排版文字以不同角度环绕手机，阅读诸如“EVERY ANGLE. EVERY MOMENT. EVERY YOU.”和“THE SHOT YOU NEVER MISS”的短语——有些垂直排列，有些呈30度角，创造出一种混乱却又刻意的图形杂志能量。在右上方，苹果标志以干净的拉丝银色出现在黑暗的背景上。在顶部中心，一条纤细的水平导航风格文本栏以带间距的全大写衬线字体写着“PRO CAMERA · TITANIUM BUILD · BEYOND INTELLIGENCE”。一个醒目的大标题放置在中心偏右——“CAPTURE”以巨大的超粗体白色字母呈现，随后是较细字重的“EVERYTHING”，营造出戏剧性的字体层级。小型黄色加号（+）符号和对角线箭头（↗）作为强调细节散布在各处。左下角具有醒目的标语组合：以大号粗体无衬线白色文字显示的“YOUR WORLD. YOUR FRAME.”，下方有一条细线写着“The most powerful iPhone ever made. Every selfie is a cinematic moment.”整体光照具有戏剧性且带有方向感——来自左上方的一道冷色主光使得钛金属边框闪烁，ProMotion 显示屏发光，并让天鹅绒裙子在黑暗中捕捉到柔和温暖的光泽。照片级真实感。商业摄影品质。高对比度。4K 分辨率。针对社交媒体优化的 3:4 垂直格式。,https://opennana.com/awesome-prompt-gallery/dark-moody-phone-ad
图穷匕见古风电影票根设计,https://img.opennana.com/prompts/assets/202604/1777215746254-0sunw80x-1777215757207-1.jpeg,"Jing Ke assassinating the King of Qin movie ticket stub, dagger map unfolding pattern, copywriting ""When the map is unrolled, the dagger is revealed""","荆轲刺秦电影票根，匕首地图展开图案，文案""图穷匕见""",https://opennana.com/awesome-prompt-gallery/ancient-dagger-reveal-ticket-stub
粉彩御窑杨贵妃赏牡丹,https://img.opennana.com/prompts/assets/202604/1777215853834-r52y2qws-1777215857702-1.jpeg,"Famille rose porcelain Yang Guifei admiring a flower vase, peony and butterfly famille rose, imperial kiln style",粉彩瓷器杨贵妃赏花瓶，牡丹蝴蝶粉彩，皇家御窑风格,https://opennana.com/awesome-prompt-gallery/imperial-yang-guifei-peony
慈禧太后御用翡翠朝珠设计,https://img.opennana.com/prompts/assets/202604/1777215775950-1qh3e3mx-1777215786789-1.jpeg,"Empress Dowager Cixi jadeite court beads design, 108 jadeite beads with stupa and back cloud, imperial court royal grade",慈禧翡翠朝珠设计，108颗翡翠珠配佛塔背云，宫廷御用级,https://opennana.com/awesome-prompt-gallery/cixi-imperial-jadeite-necklace
人像照片的专业发型分析,https://img.opennana.com/prompts/assets/202604/1777217653046-zjbwohr3-1777217663321-1.jpeg,,"你是一位兼具国际审美、发型专业知识、人物形象诊断能力、版式设计能力与高情商表达能力的顶级发型顾问兼视觉总监。请基于用户上传的人像照片，生成一张高端发型分析海报、发型咨询报告、发型诊断提案。

这不是普通拼图，也不是廉价模板，而是一张可以直接用于咨询展示、打印传单、社交媒体分享、门店服务展示的海报级作品。整张图必须让人一眼觉得专业、现代、明亮、可信、科学，并且推荐逻辑必须真正成立，不能为了凑数量而乱推荐。

核心任务

请基于用户上传的人像照片，做一份“十二个推荐发型”的专业分析报告。不要设置黑榜，不要做带冒犯感的否定性内容。整套推荐必须建立在真实可行、审美先进、理论充分、因人而异的基础上。推荐的十二个发型不是简单罗列，而是结合人物的脸型、头型、五官、骨相、发量、发质、年龄感、气质、身份场景、文化背景、日常维护能力，以及现代发型理论与经典设计体系，综合推导出来的个性化结果。

最重要的优化原则

准确性优先于数量装饰。每一个推荐都必须有明确依据。
不要为了显得时髦而强行给出夸张、先锋、实验性、极难驾驭的发型，除非人物本身条件与风格真的非常适合。
不要只看脸型，要综合“轮廓结构、头型结构、发质条件、气质风格、实操可行性、维护成本”。
如果某类发型理论上成立，但对当前人物的发量、发际线、头型、年龄气质、生活场景并不友好，就不要作为优先推荐。
推荐逻辑必须像真正的资深发型师和形象顾问，而不是像网络模板文章。
十二个推荐发型之间必须有清晰差异，但都要保持“适合本人”这个大前提，不能出现明显不靠谱的尝试项。
整张报告既要有审美，也要有科学性，还要有现实可执行性。

理论与分析基础

请综合以下理论框架进行智能判断，并将这些内容转化为通俗、可信、专业、易读的结果，不要空洞堆术语，但要让人感受到专业深度。

第一类，脸型与头型分析理论。包括脸部横纵比例、头型顶部高度、后脑饱满度、头包脸关系、面部重心、横向量感、纵向延展感、轮廓松紧关系。

第二类，五官与骨相结构观察。包括额头宽度、太阳穴状态、颧骨存在感、面中部比例、下颌线、下巴走势、面部转折、软组织覆盖感、骨相清晰度。

第三类，发型设计原理。包括顶部重心控制、两侧收缩、纵向拉伸、横向平衡、轮廓修饰、体积设计、层次分布、轻重关系、刘海逻辑、发尾处理、空气感、纹理感、结构感。

第四类，发质与发量逻辑。包括细软发、粗硬发、自然卷、扁塌、毛躁、浓密、稀疏、油性倾向、蓬松能力、支撑能力、对烫染与定型的适配度。

第五类，气质风格分析。包括清爽、温柔、知性、利落、英气、成熟、年轻、优雅、可爱、酷感、职业感、艺术感、松弛感、精致感、亲和感等。

第六类，现代发型趋势与经典设计思想。可参考现代日韩潮流、国际沙龙设计趋势，以及经典剪裁理念、几何造型原则、个性化修饰原则，但不要机械点名堆砌，要把这些理论真正转化成更精准的推荐结果。

第七类，现实可行性原则。包括当前发长是否能直接实现、是否需要蓄长、是否适合烫发、是否建议染发、维护难度、复刻难度、适用场景与日常投入成本。

人物理解原则

用户上传的人可能是男性、女性、儿童、青少年、成年人、中老年人，也可能来自不同国家、民族与文化背景。请根据具体照片智能判断，不可套用单一模板，不可一概而论。不要把任何一类人群粗暴归纳为固定发型结论。必须做到“这个人就是这个人”，针对具体人物做具体分析。

高情商表达要求

整张报告不能冷冰冰，也不能像在挑毛病。请先基于照片中的人物特点，给出一段简短但真诚、专业、有分寸、有情商的优点解读。要让对方感受到被理解、被尊重、被欣赏。可以夸赞对方的五官协调度、轮廓辨识度、精神面貌、气质方向、风格可塑性、亲和感、利落感、成熟魅力、年轻感等。语言必须自然、真诚、专业，不油腻，不夸张，不虚假。后续发型建议必须建立在“放大优点、进一步优化”的逻辑上，而不是否定对方。

新增的科学分析模块

请加入一轮科学的头型与脸型分析。如果版式适合，优先采用横向报告布局。页面可分为左侧大面板与右侧多个小面板。

左侧大面板使用大型人物头部特写，清晰展示头型、脸型、发际线和整体轮廓。左侧主图上叠加优雅、克制、专业的几何分析元素，包括头型轮廓线、垂直中心线、水平引导线、宽度标记、比例辅助线、关键结构点、简洁文字注释。所有分析叠加必须像高端造型咨询图，精致、轻盈、现代，不能廉价、不能像医疗示意图、不能过重过乱。

请在左侧分析区域附近加入“头型与脸型分析总结”。这一部分要根据具体人物智能生成，概括额头宽度、颊部与太阳穴区域、下颌与下巴特征、脸部横向与纵向比例、整体轮廓印象、面部量感与视觉重心，并进一步提炼本人的造型目标。例如视觉拉长头型、提升顶部高度、减少两侧宽度、增强纵向比例、增加轻盈感和层次感、强化轮廓清晰度、让整体更精神、更协调、更时尚。这里的造型目标必须由分析自然推导出来，不能空喊口号。

版式要求

画面的宽度、高度、比例、布局方式必须根据内容数量、内容密度与空间规划灵活适应，不要机械固定比例，除非用户明确指定比例或版式方向。
如果内容更适合展示分析逻辑、人物头部特写与多个信息模块，则优先采用横向报告布局。
如果内容较多，也可以智能拉宽或拉长版面，但整体必须仍然像高级海报，而不是杂乱长图。
绝不允许出现图片拉伸、脸部畸变、头型失真、发型比例崩坏。
所有发型展示图都要裁切合理，确保头发完整可见、脸部比例自然、肩颈关系舒服。
模块之间留白明确，信息层级清晰，版式科学，不能拥挤。
整体视觉要像高端咨询海报、精品沙龙提案、时尚形象分析板，而不是低端电商长图。
整体风格必须明亮、现代、精致、时尚、可信，不压抑，不土气，不昏暗。
主色调以米白、暖白、浅灰、浅卡其、雾感中性色为主，可搭配少量精致点缀色。
字体要现代、清晰、时尚，有设计感但易读。标题可以更有气质，正文必须可读。
整体必须具备海报级呈现效果，拿出去能建立信任感。

内容结构

整张图至少包含以下内容，并根据版式灵活组织。

第一部分，主标题区。标题要高级、有吸引力，例如“专属发型诊断报告”“你的发型适配分析”“个人发型优化提案”等。副标题可简洁说明：基于脸型、头型、骨相、发质、气质与现实可行性生成的个性化建议。

第二部分，人物优势解读区。简短夸赞和概括人物优点，语气要有情商，也要有专业感。

第三部分，头型与脸型科学分析区。展示左侧主图分析和总结性文字。要明确写出轮廓特征与造型目标。这一模块必须认真做，不能敷衍。

第四部分，十二个推荐发型。必须严格是十二个，不多不少。每一个推荐发型都必须包含以下信息：发型展示图，发型名称，适配度评分，格式必须明确写成“适配度：9.2分”；推荐理由，说明它如何优化轮廓、强化气质、适应场景、提升整体观感；适配关键词，例如通勤友好、减龄自然、精致高级、温柔知性、利落清爽、层次感强、氛围感好等，但不要过多；难度或维护提示，例如“好打理”“需要吹整”“需要定期修剪”“需轻烫辅助”“更适合发量较多者”“建议蓄长后尝试”等。十二个推荐发型之间必须拉开差异，不要十二个都像同一个发型的小改款，但也不能脱离人物本身条件乱跳。

推荐发型的差异可以体现在分线方式、顶部长度、两侧处理、刘海形式、层次轻重、纹理强弱、发尾表达、直发或轻卷、正式或休闲、温柔或利落、年轻或成熟等方向上。所有差异都要建立在“适合这个人”的基础上。

第五部分，最终结论区。请给出最终最值得优先尝试的前三名发型，并总结原因。这一部分要像造型顾问的明确结论，而不是模糊态度。要说明最适合形象升级的方向、最稳妥的长期选择、最容易落地的优先方案。

第六部分，后续维护建议。内容包括修剪周期建议、吹整建议、造型产品建议、日常整理建议、不同推荐发型的维护难度差异。要简洁实用。

第七部分，头发养护建议。内容包括洗护建议、头皮护理建议、发质修护建议、减少毛躁、扁塌、出油、干枯等问题的建议，以及饮食、作息、生活方式的基础建议。语言要通俗、可信、简洁，不要像医学论文，也不要像空泛鸡汤。

推荐逻辑强化要求

十二个发型必须显得比普通模板推荐更精准。推荐不能只是“看起来差不多就放进去”，而要让人感觉这些发型是由严谨分析推导出来的。
如果某个发型只是勉强成立，宁可不要列入十二个推荐，也不要为了凑满数量而降低质量。
可以将十二个推荐在内部隐性分层，例如“最优先推荐”“稳定适配”“可进阶尝试”，但整体仍然都是正向推荐，而不是黑榜。
每个推荐都要让人感觉“这是可以认真考虑、真正可做的方案”，而不是纸上谈兵。

人物与服装规则

核心人物必须基于用户上传的真实照片进行分析与重构，保留人物辨识度与主要气质，不要变成完全不同的人。
发型变化时，人物的身份与气质要保持统一，不能十二个发型看起来像十二个不同的人。
照片中的穿着不一定要和原始照片完全一致。
如果用户明确要求服装变化，则可以根据不同发型调整服装风格。
如果用户没有明确要求服装变化，则保持服装统一，形成专业整洁的系列感。
服装只能辅助整体形象，不可喧宾夺主。
如果人物年龄、身份或文化背景不适合过度时装化，请保持克制与得体。

摄影与成像质量要求

所有发型展示图都必须有真实、高级、可信的人像摄影质感。
光线柔和但清晰，肤质真实细腻，发丝结构清楚。
背景简洁明亮，不能阴沉压抑，不能黑闷脏乱。
观感接近高端日韩摄影工作室与高端形象照的结合。
不要做成低质证件照，也不要做成浮夸大片，而是介于专业形象照与精品咨询图之间。

文字质量要求

全部文字必须真实可读、逻辑通顺、没有乱码。
文字必须专业、自然、有信息量，不机械，不空洞，不土气。
所有分析、推荐、评分都必须让人一眼看出是有依据的。
评分文字必须一眼能看懂，例如“适配度：9.3分”。
整体要建立信任感、专业感、审美品位与实用价值。

最终输出要求

输出为一张高完成度的大图海报。整张图必须同时具备科学分析价值、发型推荐价值、形象顾问报告价值、海报展示价值，以及可阅读、可分享、可印刷、可传单分发的商业品质。

请在开始生成前，先基于用户上传的照片进行智能判断，然后输出完整结果。

用户输入内容

请上传一张清晰的人像照片，生活照也可以，正面、半侧面、日常自拍、他拍都可以，但尽量保证脸部、头发、头型轮廓清楚可见。
可选补充：你的性别、年龄段、职业或风格偏好。
可选补充：是否希望服装跟随不同发型变化。
可选补充：是否有想尝试的发型方向，或明确不想要的风格。
可选补充：你更重视日常好打理、提升气质、显年轻、显成熟、正式感、时尚感，还是个性表达。",https://opennana.com/awesome-prompt-gallery/professional-hair-style
柔光八零年代中国女孩一日分镜,https://img.opennana.com/prompts/assets/202604/1777289832460-2frng6n9-1777289834831-1.jpeg,,"Create a high-quality cinematic storyboard in a soft 1980s-inspired aesthetic, featuring a young adult Chinese woman in her early 20s, with no text anywhere in the image. Use a warm nostalgic visual language with soft film grain, pastel colors, golden sunlight, subtle neon accents, and retro photography styling.

The character should wear authentic 1980s-inspired outfits across the scenes, such as high-waisted jeans, denim jackets, oversized blazers, graphic tees, scrunchies, retro sneakers, and soft vintage makeup with voluminous hairstyle details.

Design the storyboard in a 16:9 layout with 8 panels, showing a concise day-in-the-life sequence with cinematic storytelling:
- waking up in a sunlit bedroom with sheer curtains
- getting ready in front of a mirror
- walking through a lively street with vintage cars and old shop signs
- listening to music with headphones or a cassette player
- relaxing in a cozy café or retro diner
- riding a bike or enjoying an open-road moment in golden light
- sharing a warm candid smile with friends at sunset
- ending in a peaceful nighttime scene with soft neon glow or city lights

Use a mix of wide shots, close-ups, side angles, and POV-style compositions. Focus on natural expressions, candid emotional moments, soft lighting, gentle motion blur, and a dreamy retro mood throughout. No text, no subtitles, no logos, no branding.

视频提示词：

[图片 1] Create a 8-second cinematic video in a soft 1980s-inspired aesthetic, featuring a young adult Chinese woman in her early 20s going through a few nostalgic moments in her day. She has a natural, charming appearance and wears authentic 1980s-inspired outfits such as an oversized denim jacket, high-waisted jeans, a loose shirt, retro sneakers, scrunchies, and bold vintage accessories.Use soft film grain, warm sunlight, pastel tones, and subtle neon lighting to create a dreamy retro mood. Keep the pacing concise and smooth, with elegant transitions and visually rich storytelling suitable for a short 7-second sequence.Suggested sequence:1. Morning — she wakes up in a sunlit bedroom, sheer curtains moving gently in the breeze.2. Getting ready — a quick mirror moment, adjusting her outfit or lightly touching up makeup.3. Daytime street — she walks confidently along a lively retro street with old cars and vintage storefronts.4. Music / freedom moment — a brief shot of her listening to music through headphones or riding a bike in warm golden light.5. Ending — a calm evening or night shot near a window or neon-lit street, creating a soft reflective finish.Use smooth camera movement, a mix of wide shots, medium shots, and close-ups, with subtle slow-motion feeling in emotional moments. Focus on natural expressions, soft lighting, and a warm nostalgic atmosphere. No text, no logos, no branding.",https://opennana.com/awesome-prompt-gallery/soft-80s-chinese-girl-storyboard
极致运动美学着陆页,https://img.opennana.com/prompts/assets/202604/1777289997974-5orhweq9-1777290000306-1.jpeg,"Premium activewear landing page, female model in sleek gym set mid-motion, “PixPretty Active”, clean light gray background, floating product cards (leggings, tops, shoes), performance-focused UI sections, bold typography “MOVE”, dynamic lighting, modern sporty aesthetic, 1:1",高端运动服着陆页，身着时尚运动套装动作进行中的女性模特，“PixPretty Active”，干净的浅灰色背景，悬浮的产品卡片（紧身裤、上衣、鞋子），注重性能的UI部分，粗体排版“MOVE”，动态照明，现代运动美学，1:1,https://opennana.com/awesome-prompt-gallery/ultimate-sporty-aesthetic
温柔清新高级刺绣图,https://img.opennana.com/prompts/assets/202604/1777290041117-rxjup437-1777290044085-1.jpeg,"Exquisite three-dimensional embroidery style illustration, bas-relief fiber art effect, pure ""silkworm white + milky white"" background color, delicate silk thread texture. The picture shows several small birds perched on winding floral branches, surrounded by pink-white, light peach, coral pink, and pale gold flowers and leaves, with a light and elegant composition and ample negative space. The birds' feathers are expressed in milky white, light blue, light pink, and light gold silk thread embroidery, the floral branches are slender and natural, the flowers are layered with threads, presenting an overall artistic effect of high-end handmade embroidery, silk thread stumpwork, soft light and shadow, rich details, gentle and fresh.",精致立体刺绣风插画，浅浮雕纤维艺术效果，纯净「蚕丝白 + 奶白」底色，细腻丝线质感。画面为数只小鸟停在蜿蜒花枝上，周围点缀粉白、浅桃、珊瑚粉、淡金色花朵与叶片，构图轻盈雅致、留白充足。鸟儿羽毛以奶白、浅蓝、淡粉、浅金丝线刺绣表现，花枝纤细自然，花朵层层叠线，整体呈现高级手工刺绣、丝线堆绣、柔和光影、细节丰富、温柔清新的艺术效果。,https://opennana.com/awesome-prompt-gallery/gentle-silk-stumpwork-birds
皮克斯风格3D甜美青年肖像,https://img.opennana.com/prompts/assets/202604/1777290338019-yzi1bw52-1777290339663-1.jpeg,"A stylized Pixar-style 3D portrait of a young person with smooth skin, large expressive blue eyes, soft facial features, wearing round transparent glasses, modern hairstyle (short styled hair / soft bob cut), casual outfit (hoodie or minimal sweater), slight head tilt and warm smile, friendly and approachable expression, ultra-clean character design, vibrant orange-to-pink gradient background, soft studio lighting with subtle rim light, cinematic depth of field, ultra-detailed, 8K render, octane render style.",一幅风格化的皮克斯风格3D年轻人物肖像，有着光滑的肌肤，大而富有表现力的蓝色眼睛，柔和的面部特征，戴着圆形透明眼镜，现代发型（造型短发 / 柔和波波头），休闲装（连帽衫或极简毛衣），轻微的头部倾斜和温暖的微笑，友好且平易近人的表情，超干净的角色设计，充满活力的橙色到粉色渐变背景，柔和的影棚灯光配合微妙的边缘光，电影级景深，超精细细节，8K渲染，octane渲染风格。,https://opennana.com/awesome-prompt-gallery/pixar-style-3d-portrait
极简风格教育信息图设计,https://img.opennana.com/prompts/assets/202604/1777290398458-pq84eo65-1777290400217-1.jpeg,"A clean educational infographic poster explaining ""{Knowledge Topic}"",

[Overall Style]
Modern minimalist UI style,
Background uses soft light colors (such as cream #FAF7F2 / light grayish blue),
Restrained and comfortable color scheme, suitable for long-time reading,

[Core Requirements (Key)]
Naturally organize content modules according to the information structure of the ""Knowledge Topic"",
Do not force a fixed number or order of modules,
Prioritize clear information logic rather than formal symmetry,

[Layout (Adaptive)]
- Use grid layout (automatically choose 2 columns / 3 columns / irregular distribution)
- Number of cards automatically adjusts according to content (usually 5–9)
- Modules with high information density can be appropriately enlarged (higher visual weight)
- Simple content modules can be shrunk or merged

[Card Design]
- White cards (#FFFFFF)
- Rounded corners + slight shadow (soft hierarchy)
- Maintain consistent spacing and alignment

[Each Information Module Contains]
- Concise illustrations (unified style)
- Clear titles (strong hierarchy)
- 1–3 sentences of core explanation (avoid verbosity)
- Provide examples / comparisons / summaries when necessary

[Content Organization Principles (Key Point)]
Automatically select the appropriate structure based on the topic, for example:
- Concept type → Definition + Principle + Characteristics + Example
- Comparison type → A vs B (contrast structure)
- Process type → Steps / Flowchart
- System type → Components + Relationships
- Skill type → Methods + Tips + Common misconceptions

[Visual Hierarchy]
- Title > Module title > Body text > Auxiliary information
- Important information can be emphasized with color or icons

[Color Suggestions]
- Primary color: Choose based on topic (Technology=Blue, Learning=Green, Warning=Orange)
- Secondary colors: 1–2 types are enough
- Avoid high saturation, avoid flashy

[Style Requirements]
- Plenty of white space, strong sense of breathing
- Unified icons (linear or flat)
- High readability priority
- Clear teaching orientation

[Extra Optimization (Optional)]
- Can add: Comparison blocks / Flow arrows / Structure diagrams
- Can have a ""Core Summary"" module as a visual ending","一张干净的教育类信息图海报，讲解「{知识主题}」，

【整体风格】
现代极简UI风格，
背景使用柔和浅色（如奶油色 #FAF7F2 / 浅灰蓝），
配色克制、舒适，适合长时间阅读，

【核心要求（关键）】
根据“知识主题”的信息结构，自然组织内容模块，
不要强制固定模块数量或顺序，
优先保证信息逻辑清晰，而不是形式对称，

【布局（自适应）】
- 使用网格布局（自动选择 2列 / 3列 / 不规则分布）
- 卡片数量根据内容自动调整（通常 5–9 个）
- 信息密度高的模块可适当放大（视觉权重更高）
- 简单内容模块可缩小或合并

【卡片设计】
- 白色卡片（#FFFFFF）
- 圆角 + 轻微阴影（柔和层级）
- 保持统一间距和对齐

【每个信息模块包含】
- 简洁插图（统一风格）
- 清晰标题（强层级）
- 1–3句核心说明（避免冗长）
- 必要时提供示例 / 对比 / 小结

【内容组织原则（重点）】
根据主题自动选择合适结构，例如：
- 概念类 → 定义 + 原理 + 特点 + 示例
- 对比类 → A vs B（对照结构）
- 流程类 → 步骤 / 流程图
- 系统类 → 组成部分 + 关系
- 技能类 → 方法 + 技巧 + 常见误区

【视觉层级】
- 标题 > 模块标题 > 正文 > 辅助信息
- 重要信息可用颜色或图标强调

【配色建议】
- 主色：根据主题选择（科技=蓝，学习=绿，警告=橙）
- 辅色：1–2种即可
- 避免高饱和、避免花哨

【风格要求】
- 大量留白，呼吸感强
- 图标统一（线性或扁平）
- 高可读性优先
- 教学导向清晰

【额外优化（可选）】
- 可以加入：对比块 / 流程箭头 / 结构图
- 可以有一个“核心总结”模块作为视觉收尾",https://opennana.com/awesome-prompt-gallery/minimalist-educational-infographic
潮男紫色羽绒服广告大片,https://img.opennana.com/prompts/assets/202604/1777290486554-46dqncdj-1777290488954-1.jpeg,"Ultra-realistic fashion campaign poster featuring a young male model with curly hair, light stubble, and tinted rectangular sunglasses, posing in a confident, relaxed stance. He is wearing an oversized glossy purple puffer jacket with a large hood, styled in a high-fashion streetwear aesthetic.

Branding elements: subtle The North Face and Nike co-branded logos placed on the jacket and in the composition. Add small graphic patches (smiley icon, abstract symbols) on the jacket for a modern, playful edge.

Composition: medium close-up, slightly angled pose, model looking directly at camera with a calm, dominant expression. Jacket fills most of the frame with exaggerated volume and texture.

Background: deep purple gradient wall with large graffiti-style white brushstroke typography behind the model, slightly blurred for depth.

Lighting: cinematic, high-contrast lighting with cool purple tones and warm orange rim light hitting one side of the jacket, creating a glossy reflective texture. HDR, sharp focus, premium editorial look.

Typography layout:

* Top left: brand collaboration logos
* Left side block: product description text
* Right side: minimal tagline “I have to wear it to bear it”
* Bottom: “Winter Collection” label

Style: luxury streetwear campaign, Nike-level advertising, editorial photography, ultra-detailed, 8k resolution, shallow depth of field, soft grain, modern graphic overlays, clean but bold layout.

Aspect ratio: 3:4","超写实时尚广告海报，主角是一位留着卷发、带有淡淡胡茬、戴着染色矩形墨镜的年轻男模，以自信放松的姿态摆拍。他穿着一件带有大兜帽的宽松光面紫色羽绒服，呈现出高级时尚街头穿搭美学。

Branding elements: 在羽绒服上和画面构图中放置低调的 The North Face 和 Nike 联名标志。在羽绒服上添加小图形贴片（笑脸图标、抽象符号），以增添现代感和俏皮边缘。

Composition: 中等特写，略微倾斜的姿势，模特以平静、具有主导感的表情直视镜头。羽绒服以夸张的体积感和纹理占据了画面的大部分。

Background: 深紫色渐变墙壁，模特身后有大型涂鸦风格的白色笔触字体排版，略微模糊以营造景深。

Lighting: 电影级、高对比度灯光，带有冷紫色调和打在羽绒服一侧的暖橙色轮廓光，营造出光面反光质感。HDR，锐利对焦，高级杂志大片质感。

Typography layout:

* Top left: 品牌联名标志
* Left side block: 产品描述文字
* Right side: 极简标语 “I have to wear it to bear it”
* Bottom: “Winter Collection” 标签

Style: 奢侈街头服饰广告，Nike级别广告，杂志摄影，超精细细节，8k分辨率，浅景深，柔和颗粒感，现代图形叠加，干净但大胆的排版。

Aspect ratio: 3:4",https://opennana.com/awesome-prompt-gallery/trendy-puffer-poster
陌陌右滑匹配潘金莲西门庆,https://img.opennana.com/prompts/assets/202604/1777215651738-0evqomi9-1777215664067-1.jpeg,"Pan Jinlian registers on Momo, swipes right to match with Ximen Qing, the successful matching page pops up heart special effects",潘金莲注册陌陌右滑匹配到西门庆，配对成功页面弹出爱心特效,https://opennana.com/awesome-prompt-gallery/momo-swipe-right-match-pan-jinlian-ximen-qing
千里江山图青绿丝巾,https://img.opennana.com/prompts/assets/202604/1777215869675-bjskmfs8-1777215872757-1.jpeg,"A Thousand Li of Rivers and Mountains scarf, surrounded by Wang Ximeng's blue-green landscape, silk texture soft light",千里江山图围巾，王希孟青绿山水环绕，丝绸质感柔光,https://opennana.com/awesome-prompt-gallery/thousand-li-rivers-silk-scarf
冷艳黑裙女郎凝视艺术展,https://img.opennana.com/prompts/assets/202604/1777136105110-cxci1t8e-1777136108218-1.jpeg,"Stunningly beautiful Asian girl with a cool, aloof atmospheric presence, exquisite facial features, a cold and glamorous high-end look, long flowing hair, and a graceful, alluring figure (character features fully locked and consistent)

Outfit: Minimalist, form-fitting black dress with clean tailoring, no embellishments, restrained and high-end aesthetic

Scene: Modern art exhibition space, white walls with abstract installations, minimalist composition with ample negative space

Pose: Standing beside the installation, body slightly shifting weight, relaxed shoulder line, arms naturally hanging or one hand lightly touching the side of her body

Expression: Direct gaze into the camera, calm and restrained eyes, with a subtle sense of distance and quiet scrutiny, no obvious emotional fluctuation

Camera: Medium close-up (framed above the waist), slight low angle or eye-level shot, subject occupies the main focus, background moderately preserved

Lighting: Overhead cool lighting as the primary source, soft structured light on the face, subtle shadows enhancing dimensionality

Style: High-end fashion editorial, subtle film grain, low contrast

Details: Realistic and delicate skin texture, slight imperfections preserved, subtle edge highlights, background installation slightly blurred while retaining form

Atmosphere: Rational, restrained, distant, with a slight sense of pressure and tension from direct eye contact

Quality: 8K, cinematic lighting, shallow depth of field 

aspect : 2:3","惊艳美丽的亚洲女孩，带有冷酷疏离的氛围感，精致的面部特征，冷艳的高级感造型，飘逸的长发，优雅迷人的身材（角色特征完全锁定且一致）

服装：极简、贴身的黑色连衣裙，剪裁利落，无装饰，克制的高级美学

场景：现代艺术展览空间，白色墙面配有抽象装置，极简构图，留有充足的负空间

姿势：站在装置旁，身体重心略微偏移，肩部线条放松，双臂自然下垂或单手轻触身体侧边

表情：直视镜头的目光，平静克制的眼神，带有微妙的距离感和安静的审视感，无明显情绪波动

相机：中近景（腰部以上取景），轻微仰拍或平视拍摄，主体占据主要焦点，背景适度保留

灯光：顶部冷光作为主光源，面部柔和的结构光，微妙的阴影增强立体感

风格：高端时尚杂志大片，微妙的胶片颗粒，低对比度

细节：逼真细腻的皮肤纹理，保留轻微瑕疵，微妙的边缘高光，背景装置轻微模糊但保留形态

氛围：理性、克制、疏离，直视的眼神交流带来轻微的压迫感与张力

质量：8K分辨率，电影级灯光，浅景深 

aspect : 2:3",https://opennana.com/awesome-prompt-gallery/cold-glamour-art-exhibition
历史名臣日历插画集,https://img.opennana.com/prompts/assets/202604/1777216375401-uj01atlw-1777216389995-1.jpeg,"Historical famous ministers calendar, 365 days one historical figure's famous quote paired with an illustrated portrait every day",历史名臣日历，365天每天一位历史人物名言配插画肖像,https://opennana.com/awesome-prompt-gallery/historical-ministers-calendar
地景档案立体沙盘模型图,https://img.opennana.com/prompts/assets/202604/1777040472825-34ic46he-1777040492827-1.jpeg,"Please create a high-completion, high-texture, suitable-for-series-release ""Landscape Archive Model"" visual image based on the 【Theme】.

This is not an ordinary map, nor an ordinary landscape illustration or city rendering, but a high-end archival visual image combining ""2D map drawing + 3D regional model + professional explanation system + museum exhibition sense"". The image needs to look like a real geographical research model, urban planning sandbox, architectural proposal model, or worldview setting exhibit, possessing a professional, restrained, precise, touchable high-end texture.

【Basic Settings】
Theme: 【Theme, for example Crater Lake / Guangzhou / Chongqing Mountain City / Island City / Ancient City Ruins / Post-Apocalyptic Ruins / Fantasy Continent / Game Main City】
Theme Type: 【Natural Landform / Urban Space / Mixed Landscape】
Core Subject: 【Core Subject, for example crater, canyon, mountain range, lake, CBD, old city district, landmark cluster, island city, ruins cluster, main city area】
Content Focus: 【Content Focus, for example terrain elevation difference / urban landmarks / road network structure / water system relationship / nature and city relationship / setting collection display】
Style Direction: 【Style Direction, for example geographic mapping style, paper carving model style, architectural proposal style, museum archive style, urban planning style, game setting collection style】
Main Color Tone: 【Main Color Tone, for example off-white, light gray, parchment white, sand color, snow white】
Auxiliary Color: 【Auxiliary Color, for example earth brown, rock gray, cold gray, light blue, moss green】
Accent Color: 【Accent Color, for example black thin lines, red routes, blue hydrological lines, yellow numbered markers】
Aspect Ratio: 【Aspect Ratio, for example 16:9 horizontal / 3:4 vertical / 4:5 vertical / 1:1 square】

【Image Structure】
The main body of the image is a rectangular map model board placed on a clean desktop or white cloth. The baseboard has real thickness, with cross-section structure visible at the edges, like an exquisite map slice or model base. The map surface is covered with clear but restrained information layers, including contour lines, road networks, hydrological lines, zoning boundaries, geographic textures, coordinate sense, slight annotations, and drawing borders.

In the center or off-center area of the map, a three-dimensional main model ""grows"" three-dimensionally from the two-dimensional map, becoming the visual core of the entire image.

If the 【Theme Type】 is Natural Landform:
The subject can be composed of mountains, canyons, craters, lakes, basins, islands, glaciers, faults, coastlines, emphasizing terrain elevation differences, stacked contour line structures, rock wall textures, and natural landform undulations.

If the 【Theme Type】 is Urban Space:
The subject can be composed of core urban areas, CBDs, old city blocks, landmark building clusters, waterfront areas, road network nodes, bridges, water systems, park green spaces, emphasizing building volumes, city recognition, spatial layers, and planning structures.

If the 【Theme Type】 is Mixed Landscape:
It needs to simultaneously integrate natural terrain and artificially built environments, such as mountain cities, island cities, ancient city ruins, post-apocalyptic ruins, fantasy main cities, sci-fi bases, allowing natural landforms and urban structures to jointly form the core visual.

【Detail Requirements】
- The model surface retains the sense of map drawing and professional information
- Terrain areas should have contour lines, slope layers, depression and undulation relationships
- Building areas should have a sense of volume, block relationships, and clear layers
- Water areas are represented using low-saturation light blue
- Green spaces, forests, parks, and mountains can be represented using moss green or low-saturation green
- Road networks, paths, transportation axes, or exploration routes can be represented with thin lines, but must not overshadow the main subject
- If there are landmark buildings or key structures, they should have clear recognition
- If there are fantasy, sci-fi, or game setting elements, the archive model and drawing display sense must be retained, rather than making them into pure scene illustrations

【Explanation System】
The edges of the map board need to be designed with complete and restrained explanation modules, including:
- Outer frame line and inner frame line
- Scale bar
- Legend area
- Title area
- Archive number
- Index markers
- Annotation labels
- Concise symbol explanations
The text does not need to be fully readable, but the overall must present a real, clear, precise, orderly archival typographic structure.

【Composition and Camera】
Adopt an oblique overhead isometric or sandbox-style composition, with the camera observing the entire model board from about 30 to 45 degrees above, allowing the audience to simultaneously see the map plane, the three-dimensional main subject height, the edge thickness, and the explanation area. The visual center of gravity is concentrated on the central main model, and the reading path is: first look at the core subject, then look at the surrounding terrain/road network/water system/block information, and finally look at the legend, scale bar, and explanation area.

【Material and Lighting】
The overall needs to have a real model photography texture:
- Paper texture
- Map printing texture
- Paper carving or sandbox model sense
- Architectural model or terrain slice texture
- Soft natural light
- Delicate real shadows
- Clean background
- Low saturation, high-end, restrained
Avoid cartoonization, cheap game UI sense, excessive clutter, excessive showing off, focusing on highlighting the unified visual of ""map baseboard + three-dimensional main subject + professional explanation system"".

The final effect should look like a landscape archive model image that can be used for geography science popularization, urban research, architectural proposals, cultural tourism visual features, worldview setting collections, or high-end series covers.","请根据【主题】创作一张高完成度、高质感、适合系列化发布的「地景档案模型 / Landscape Archive Model」视觉图。

这不是普通地图，也不是普通风景插画或城市效果图，而是一张结合“二维地图图纸 + 三维立体区域模型 + 专业说明系统 + 博物馆展陈感”的高端档案式视觉图。画面需要像一件被真实制作出来的地理研究模型、城市规划沙盘、建筑提案模型或世界观设定展品，具有专业、克制、精密、可触摸的高级质感。

【基础设定】
主题：【主题，例如火山口湖 / 广州 / 重庆山城 / 海岛城市 / 古城遗址 / 末日废墟 / 幻想大陆 / 游戏主城】
主题类型：【自然地貌 / 城市空间 / 混合景观】
核心主体：【核心主体，例如火山口、峡谷、山脉、湖泊、CBD、老城区、地标群、岛屿城市、遗址群、主城区域】
内容重点：【内容重点，例如地形高差 / 城市地标 / 路网结构 / 水系关系 / 自然与城市关系 / 设定集展示】
风格方向：【风格方向，例如地理测绘风、纸雕模型风、建筑提案风、博物馆档案风、城市规划风、游戏设定集风】
主色调：【主色调，例如米白、浅灰、羊皮纸白、沙色、雪白】
辅助色：【辅助色，例如土褐、岩灰、冷灰、淡蓝、苔绿】
点缀色：【点缀色，例如黑色细线、红色路线、蓝色水文线、黄色编号标记】
画幅比例：【画幅比例，例如16:9横版 / 3:4竖版 / 4:5竖版 / 1:1方图】

【画面结构】
画面主体是一块放置在干净桌面或白色布面上的矩形地图模型板。底板具有真实厚度，边缘可见剖面结构，像一块精致的地图切片或模型底座。地图表面覆盖清晰但克制的信息层，包括等高线、道路网络、水文线、分区边界、地理纹理、坐标感、轻微标注和图纸边框。

在地图中央或偏中心区域，从二维地图中立体“生长”出一个三维主体模型，成为整张图的视觉核心。

如果【主题类型】为自然地貌：
主体可由山体、峡谷、火山口、湖泊、盆地、岛屿、冰川、断层、海岸线等构成，强调地形高差、层叠等高线结构、岩壁纹理和自然地貌起伏。

如果【主题类型】为城市空间：
主体可由核心城区、CBD、老城街区、地标建筑群、滨水区、路网节点、桥梁、水系、公园绿地等构成，强调建筑体块、城市识别度、空间层次与规划结构。

如果【主题类型】为混合景观：
需同时整合自然地形与人工建成环境，例如山城、海岛城市、古城遗址、末日废墟、幻想主城、科幻基地等，让自然地貌与城市结构共同构成核心视觉。

【细节要求】
- 模型表面保留地图图纸感与专业信息感
- 地形区域应有等高线、坡面层次、凹陷与起伏关系
- 建筑区域应有体块感、街区关系和清晰层次
- 水域使用低饱和淡蓝色表现
- 绿地、森林、公园、山体可用苔绿色或低饱和绿色表现
- 路网、路径、交通轴线或探索线路可用细线表现，但不要喧宾夺主
- 若有地标建筑或重点结构，应具备明确识别度
- 若有幻想、科幻或游戏设定元素，应保留档案模型和图纸展示感，而不是做成纯场景插画

【说明系统】
地图板边缘需要设计完整而克制的说明模块，包括：
- 外框线和内框线
- 比例尺
- 图例区
- 标题区
- 档案编号
- 索引标记
- 注释标签
- 简洁的符号说明
文字不必全部可读，但整体必须呈现真实、清晰、精密、有秩序的档案式排版结构。

【构图与镜头】
采用斜俯视等轴测或沙盘式构图，镜头从上方约30到45度观察整块模型板，让观众同时看到地图平面、立体主体高度、边缘厚度和说明区。视觉重心集中在中央主体模型，阅读路径为：先看核心主体，再看周边地形/路网/水系/街区信息，最后看图例、比例尺和说明区。

【材质与光影】
整体需要具有真实模型摄影质感：
- 纸张纹理
- 地图印刷质感
- 纸雕或沙盘模型感
- 建筑模型或地形切片质感
- 柔和自然光
- 细腻真实阴影
- 干净背景
- 低饱和、高级、克制
避免卡通化、廉价游戏UI感、过度杂乱、过度炫技，重点突出“地图底板 + 立体主体 + 专业说明系统”的统一视觉。

最终效果应像一张可以用于地理科普、城市研究、建筑提案、文旅视觉专题、世界观设定集或高端系列封面的地景档案模型图。",https://opennana.com/awesome-prompt-gallery/landscape-archive-sandbox-model
巨型未来感墨镜上的先锋广告,https://img.opennana.com/prompts/assets/202604/1777046799011-oew5mxm2-1777046802054-1.jpeg,"Avant-garde fashion advertisement, oversized futuristic sunglasses positioned like sculpture, model casually seated on the frame as if furniture, giant word ""VISION"" behind in bold white typography, powder blue studio background, reflective floor, luxury eyewear campaign aesthetic, ultra-clean layout, editorial magazine styling, 1:1",先锋时尚广告，像雕塑一样放置的超大未来感太阳镜，模特随意坐在镜框上就像坐在家具上，背后巨大的“VISION”一词采用粗体白色字体，粉蓝色影棚背景，反光地板，奢华眼镜广告美学，超简洁布局，杂志大片风格，1:1,https://opennana.com/awesome-prompt-gallery/giant-futuristic-sunglasses-ad
高端运动鞋信息图广告大片,https://img.opennana.com/prompts/assets/202604/1777102544827-1ms93i3r-1777102546025-1.jpeg,"A high-end infographic-style visual featuring an oversized Puma sneaker placed beside a young woman. The shoe is scaled to be nearly the same size as her entire seated body, emphasizing dramatic proportion. The woman sits casually leaning against the shoe, one arm resting on it, creating a natural interaction.

Her face must closely match the provided reference image — accurate facial structure, skin tone, hairstyle, and expression — clean, polished, and visually appealing.

Composition is modern and minimal, with a soft gradient or clean studio background. Include subtle infographic elements such as thin annotation lines, labels, or callouts highlighting features of the shoe (material, cushioning, sole design), but keep them elegant and not cluttered.

Lighting is soft studio lighting with gentle shadows, giving a premium commercial look. The sneaker texture should be ultra-detailed (fabric, stitching, logo clarity). The model is styled in minimal, contemporary clothing that complements the shoe color palette.

Color grading is crisp and slightly vibrant, with a professional advertising aesthetic. Balanced composition, sharp focus, depth of field subtly applied.

Style: premium product infographic, fashion editorial meets product showcase, clean UI-inspired annotations.

Resolution: ultra high resolution, 4K, highly detailed, realistic
85mm lens, f/2.8 for soft depth
photorealistic, commercial ad quality
no distortion, accurate proportions
clean typography annotations","一张高端信息图风格的视觉图像，以一只放在年轻女性旁边的超大号彪马运动鞋为特色。这只鞋的尺寸被放大到几乎与她整个坐着的身体一样大，强调戏剧性的比例。女性随意地靠在鞋上坐着，一只手臂搭在上面，创造出自然的互动。

她的脸部必须与提供的参考图像密切匹配——准确的面部结构、肤色、发型和表情——干净、精致且具有视觉吸引力。

构图现代且极简，带有柔和的渐变或干净的影棚背景。包含微妙的信息图元素，例如细标注线、标签或引出线，突出鞋子的特点（材质、缓震、鞋底设计），但保持优雅且不杂乱。

光线是柔和的影棚灯光，带有轻柔的阴影，呈现出高端商业外观。运动鞋的纹理应该是超精细的（面料、缝线、标志清晰度）。模特穿着极简的现代服装，与鞋子的调色板相得益彰。

调色清晰且略显鲜艳，具有专业的广告美学。平衡的构图，锐利的焦点，微妙地应用景深。

风格：高端产品信息图，时尚杂志大片与产品展示的结合，干净的受UI启发的标注。

分辨率：超高分辨率，4K，高度详细，逼真
85mm镜头，f/2.8用于柔和景深
照片写实，商业广告质量
无畸变，准确的比例
干净的排版标注",https://opennana.com/awesome-prompt-gallery/premium-sneaker-infographic-ad
大师级建筑手绘设计长卷,https://img.opennana.com/prompts/assets/202604/1777103554859-0lhn4kyc-1777103560195-1.jpeg,"Create a high-quality visual work with an **architectural designer's hand-drawn style**, showcasing **architectural details**, **structure**, **technical measurements**, and **cultural background**. The work should be a perfect combination full of **artistry** and **knowledgeability**. The overall style should retain the **sense of freedom of hand-drawn sketches**, while focusing on details and measurements, similar to the **original manuscripts of architectural masters**, such as the works of Lin Huiyin or internationally renowned architects.

### I. Overall Style:
- The overall work is **hand-drawn style + architectural measurement and technical annotation**, full of freehand lines and artistic sense. Through **rough lines**, **imperfect details**, and **measurement numbers and units**, the work reflects the structural beauty and design intent of the architecture.
- The picture needs to reflect the **randomness of hand-drawn sketches**, without being too refined, but must retain the authenticity and technicality of architectural design. Every architectural detail (such as roofs, pillars, carvings, etc.) should have clear measurements and technical annotations, presenting both the exterior appearance of the architecture and revealing the internal structure and design concepts.

### II. Core Composition Logic:
- The **core visual subject** of the work should unfold in a **diagonal way**, ensuring the composition has **fluidity and tension**. The structure of the architecture, every angle, dimensional proportions, and other content should unfold naturally, constructing a visual long scroll of **information flow**.
- It is necessary to use details such as **dimension rulers** and **units** for annotation, making the proportions, spatial relationships, and design details of each part of the architecture clear at a glance.
- **Architectural details**, **structural design**, **material application**, etc., should be presented through freehand brushstrokes, while adding **precise technical annotations**, forming a perfect fusion of art and technology.

### III. Measurement and Technical Details:
- Every **architectural detail** should have clear measurement annotations, and **dimensions**, **units**, **proportions**, etc., should be annotated in detail at the key parts of the architecture.
- **Technical details** such as the diameter of pillars, the length of beams, the angle of the roof, etc., should be clearly displayed, accompanied by annotations of **building materials**, so that every architectural part has detailed **technical descriptions**.
- In the picture, use **ruler lines** to ensure the accuracy of the architecture, while maintaining the freedom of hand-drawing.

### IV. Background and Negative Space:
- The background should be a **simple off-white** or **light gray tone**, with a slight **handmade paper texture**, presenting the texture of **high-end handmade paper**, without interfering with the main architectural body. The background tone should have a **rough feel**, but ensure a good **contrast ratio** with the text, making the text clear and readable.
- It is necessary to retain a large area of **negative space**, which not only provides a sense of space but also helps to highlight every detail of the architecture, focusing the audience's attention on the architecture itself. The use of negative space should have a sense of rhythm and visual hierarchy.

### V. Text and Typography:
- The text information must be naturally integrated with the architectural elements in the picture, and the text such as annotations, rulers, and technical instructions should be **clear and readable**.
- **Language adaptation**: Automatically select Chinese or English as the explanatory text according to the user's input language. For example, if the input is Chinese, all annotations and knowledge points should be presented in Chinese, and vice versa.
- **Annotation content** needs to include the **historical background**, **cultural symbolism**, **technical features**, **design concepts**, etc., of the architecture, and be presented through **clear typography**. The text typography should echo the architectural graphics, avoiding interference with the main content.

### VI. Material and Color Scheme of Pinyin/English Large Text:
- **Pinyin or English large text title** serves as the core text of the picture, displaying the name of the architecture.
- The large text title should have a **hot stamping texture**, **metal material sense**, or **relief effect**, displaying a **sense of high class** and **exquisite printing effect**.
- **Color tone** can adopt **metallic colors**, **champagne gold**, **platinum**, etc., displaying the high-end sense and exquisite sense of the architecture.

### VII. Surrounding Information and Knowledge Points:
- The surroundings of the picture should contain **relevant knowledge points** of the architecture, including the **historical background**, **cultural value**, **technical innovation**, **design philosophy**, etc., of the architecture.
- This information should be presented in an **artistic typography method**, **avoiding lengthy text stacking**, but rather being **concise and valuable**, providing an in-depth understanding of the architecture.
- The **integration of information and architectural details** should have a sense of rhythm, with text and architectural graphics naturally intertwining to form an organic whole.

### VIII. Overall Temperament Goal:
- The picture should present a fusion of **architectural artistry** and **technicality**, ensuring that the hand-drawn style does not lose the accuracy of the architecture, while simultaneously displaying the spirit and structural beauty of the architecture.
- The work should have a strong **academic and cultural nature**, capable of serving as a **classic display** of architectural design, while also possessing the collection value of an artwork.
- The overall atmosphere should be warm, free, and full of creativity, without losing the rigor of structure and the richness of details, suitable for **teaching and display use**.

### IX. Problems to Avoid:
- Avoid **overly refined drawing**, maintaining the natural and rough feel of hand-drawing.
- Do not let the text interfere with the visual expression of the architecture; the **text should be concise and precise**, without stacking too much information.
- **Measurement annotations** and **annotation text** must ensure **clear and easy readability**, and cannot be blurred.

### X. Final Goal:
Create an architectural hand-drawn work combining **artistry and technicality**, through detailed **measurement annotations**, **technical annotations**, and **cultural descriptions**, presenting all aspects of the architecture, making it both possess high-end artistry and capable of serving as **professional materials for teaching use**.
This work will display the history, structure, and design philosophy of the architecture, with a **freehand drawing style**, while ensuring the **clear display** of knowledge points.

User final input:
【Architecture Name】: _____
Size requirements: _____","创作一张具有**建筑设计师手绘风格**的高质量视觉作品，展现**建筑细节**、**结构**、**技术测量**以及**文化背景**，作品应充满**艺术性**与**知识性**的完美结合。整体风格应保留**手绘草图的自由感**，同时注重细节和测量，类似**建筑大师原稿**，如林徽因或国际知名建筑师的作品。

### 一、整体风格：
- 整体作品为**手绘风格 + 建筑测量与技术标注**，充满自由的手绘线条和艺术感。通过**粗犷的线条**、**不完美的细节**以及**测量数字与单位**，让作品体现建筑的结构美感和设计意图。  
- 画面中需体现出**手绘草图的随机感**，不必过于精细，但必须保留建筑设计的真实性与技术性。每个建筑细节（如屋顶、柱子、雕刻等）都应该有清晰的测量和技术注释，既呈现建筑外观，又揭示内部结构与设计理念。

### 二、核心构图逻辑：
- 作品的**核心视觉主体**应通过**对角线的方式**展开，确保构图具有**流动性和张力**。建筑的结构、每个角度、尺寸比例等内容都应该自然展开，构建起**信息流动**的视觉长卷。  
- 需要用**尺寸标尺**、**单位**等细节标注，使得建筑的各部分比例、空间关系、设计细节一目了然。  
- **建筑的细节**、**结构设计**、**材料运用**等要通过自由的手绘笔触呈现，同时加上**精确的技术标注**，形成艺术与技术的完美融合。

### 三、测量与技术细节：
- 每个**建筑细节**都应该有明确的测量标注，**尺寸**、**单位**、**比例**等要详细标注在建筑的关键部分。  
- **技术性细节**如柱子的直径、梁的长度、屋顶的角度等要清晰显示，配合**建筑材料**的标注，使得每个建筑部分都有详细的**技术描述**。  
- 在画面中，使用**标尺线条**来确保建筑的精确性，同时保持手绘的自由感。

### 四、背景与留白：
- 背景应为**简约的米白色**或**浅灰色调**，带有轻微的**手工纸纹理**，呈现**高档手工纸的质感**，不干扰建筑主体。背景色调应具有**粗糙感**，但保证与文字之间有良好的**对比度**，使文字清晰可读。  
- 需要保留大面积**留白**，这种留白既提供空间感，也帮助突出建筑的每个细节，使观众的注意力聚焦在建筑本身。留白的使用应富有节奏感和视觉层次感。

### 五、文字与排版：
- 文字信息必须与画面中的建筑元素自然融合，注释、标尺、技术说明等文字要**清晰可读**。  
- **语言适配**：根据用户的输入语言，自动选择中文或英文作为解释文字。例如，若输入为中文，则所有注释和知识点都应呈现为中文，反之则为英文。  
- **注释内容**需包括建筑的**历史背景**、**文化象征**、**技术特色**、**设计理念**等，并通过**清晰的排版**呈现。文字排版要与建筑图形呼应，避免干扰主体内容。

### 六、拼音/英文大字的材质与配色：
- **拼音或英文大字标题**作为画面的核心文字，展现建筑名称。  
- 大字标题应具有**烫印质感**、**金属材质感**或**浮雕效果**，展现**高级感**和**精致的印刷效果**。  
- **色调**可以采用**金属色**、**香槟金**、**铂金**等色调，展现建筑的高端感和精致感。

### 七、四周信息与知识点：
- 画面四周应包含建筑的**相关知识点**，包括建筑的**历史背景**、**文化价值**、**技术创新**、**设计哲学**等。  
- 这些信息要通过**艺术化的排版方式**呈现，**避免冗长的文字堆砌**，而是要**简洁而富有价值**，提供建筑的深度理解。  
- **信息与建筑细节的融合**应富有节奏感，文字与建筑图形自然交织，形成有机的整体。

### 八、整体气质目标：
- 画面应呈现**建筑艺术性**与**技术性**的融合，确保手绘风格不失建筑的精确度，同时展现建筑的精神与结构之美。  
- 作品应具有强烈的**学术性与文化性**，能够作为建筑设计的**经典展示**，同时具备艺术品的收藏价值。  
- 整体氛围应温暖、自由、充满创意，又不失结构的严谨和细节的丰富，适合**教学与展示使用**。

### 九、避免的问题：
- 避免**过于精细的绘制**，保持手绘的自然感和粗糙感。  
- 不要让文字干扰建筑的视觉表达，**文字应简洁而精确**，不堆砌过多信息。  
- **测量标注**和**注释文字**要保证**清晰易读**，不能模糊不清。

### 十、最终目标：
创作一张结合**艺术性与技术性的建筑手绘作品**，通过精细的**测量标注**、**技术注释**和**文化说明**，呈现建筑的各个方面，使其既具备高端艺术性，又能够作为**教学使用的专业资料**。  
这幅作品将展示建筑的历史、结构和设计哲学，带有**自由的手绘风格**，同时保证知识点的**清晰展示**。

用户最终输入：  
【建筑名称】：_____
尺寸要求：_____",https://opennana.com/awesome-prompt-gallery/master-architectural-sketch-scroll
奥斯卡级大片电影海报,https://img.opennana.com/prompts/assets/202604/1777104381742-k2z2yxip-1777104389202-1.jpeg,"[
  Character/Theme
],
Oscar-level official movie poster (Official Key Visual),
theatrical commercial blockbuster style,
cinematic lighting,
dark premium color grading,
light film grain,
anime character cosplaying movie actor,
leaning towards realistic makeup shot texture,
randomly generated movie title,
director credit voxcat,
keep top cast,
bottom movie title and promotional tagline,
naturally add signature voxcat,
default 2:3.",【角色/主题】，奥斯卡级官方电影海报（Official Key Visual），院线商业大片风，电影级布光，暗色高级调色，轻胶片颗粒，动漫角色 cosplay 电影演员，偏真人定妆照质感，随机生成电影名，导演署名voxcat，保留顶部卡司、底部片名与宣传语，自然加入签名voxcat，默认 2:3。,https://opennana.com/awesome-prompt-gallery/oscar-movie-poster
高端美发喷雾商业大片,https://img.opennana.com/prompts/assets/202604/1777104465911-yw11wl87-1777104473884-1.jpeg,"A high-resolution commercial marketing photograph features a young woman with sleek dark hair and a pink ribbed top in a neutral grey studio setting, centered behind a glossy Ellie Beauty spray bottle held prominently in the foreground. The composition is energized by vibrant, lime-green graphic ""swooshes"" and floating pill-shaped callouts that highlight product features like ""glossy finish"" and ""upto 450°F protection"" in bold black sans-serif text. The lighting is professionally diffused, casting soft highlights on the model’s face while creating a sharp, vertical reflection on the metallic green-to-gold gradient bottle label. Topping the scene is a large, lime-green headline in the upper right asking, ""What does it do?"", altogether creating a clean, modern, and high-contrast aesthetic with a shallow depth of field that keeps the product and the model's focused expression in sharp relief.",一张高分辨率的商业营销照片，以一位留着顺滑黑发、穿着粉色罗纹上衣的年轻女性为特色，置身于中性灰色影棚环境中，她居中位于前景中醒目展示的光泽感Ellie Beauty喷雾瓶后方。画面充满活力，鲜艳的酸橙绿图形“弧线”和漂浮的药丸形标注突出了产品特点，如“光泽饰面”和“高达450°F的保护”，采用粗体黑色无衬线字体。灯光经过专业漫反射处理，在模特脸上投下柔和的高光，同时在金属绿到金渐变的瓶身标签上形成清晰锐利的垂直倒影。画面顶部右上方有一个巨大的酸橙绿标题提问道：“它能做什么？”，整体营造出一种干净、现代、高对比度的美学效果，浅景深使产品和模特专注的表情在鲜明对比中清晰突出。,https://opennana.com/awesome-prompt-gallery/premium-hair-spray-ad
诗意分层诗歌解析海报设计,https://img.opennana.com/prompts/assets/202604/1777214972971-7kc2kzbj-1777214978628-1.jpeg,"Generate a poetic and visually richly layered poetry analysis poster. The structure and style of the poster should be customized according to the verse, noun, or place entered by the user, ensuring a strong literary atmosphere and artistic sense.

**Basic Requirements**:
1. **Poster Title**: Use domineering handwritten large characters at the top of the poster, with an elegant and imposing font shape. The large characters should be the verse provided by the user or a theme related to the noun/place. The font shape should coordinate with the overall artistic style of the poster and create a strong visual impact.
2. **Typography**: Below the title, there should be small text or small graphic typography, containing related analysis or quotations. The content can be annotations of the verse, introductions to related backgrounds, or explanations of symbolic words. The typography of the small text should have a sense of design, forming contrast and rhythm, and enhancing the visual hierarchy.
3. **Knowledge Points**: Integrate 5 to 10 related knowledge points into the poster design. The user needs to provide a theme (such as a verse, noun, or place), and based on this, generate knowledge points related to its culture, history, and poetic connotation. These knowledge points can be displayed in the poster through small icons, graphics, or text.
4. **Image Style**: The image needs to echo the input poetry or theme. The color tone, light and shadow, and image style should be consistent with the artistic conception of the poetry. Depending on the input content, it may involve elements such as natural scenery, emotional expression, and character depiction, ensuring the style is both modern and culturally deep.
5. **Visual Effect**: The design must have strong visual appeal. The overall image should not be monotonous, using distinctly layered backgrounds, shapes, graphics, and illustrations, avoiding being too crowded or cluttered. The image should make the audience visually experience a poetic immersion.

**User Input Variables**:

User Input Theme: [Fill in verse / poem title / poet / noun / place / imagery here]
Supplementary Requirements: [Optional, fill in the direction you wish to emphasize, such as ""leaning towards desolation"", ""leaning towards farewell"", ""leaning towards heroic"", ""leaning towards ethereal"", ""leaning towards knowledge-based"", ""leaning towards historical sense""]
Number of Knowledge Points: [Fill in a number between 5 and 10, if not filled, it will be intelligently generated]
Whether to Include the Full Text of the Original Poem: [Yes / No]
Whether to Include Author and Dynasty Information: [Yes / No]
Language Style: [Concise and condensed / Strong literary sense / Strong academic sense / Easy to understand]
Poster Ratio: [Vertical 9:16 / Horizontal 4:3 / Square 1:1]","生成一张富有诗意且视觉上层次丰富的诗歌解析海报。海报结构和风格要根据用户输入的诗句、名词或地点定制，确保具有强烈的文学氛围和艺术感。

**基本要求**：
1. **海报标题**：海报上方使用霸气的手写体大字，字形优雅且充满气势。大字应为用户提供的诗句或与名词/地点相关的主题。字形应与海报的整体艺术风格协调，并且营造出强烈的视觉冲击。
   
2. **文字排版**：标题下方应有小字或小图形排版，包含相关的解析或引文，内容可以是对诗句的注释、相关背景的介绍或象征性字词的解释。小字的排版要有设计感，形成对比和节奏感，增强视觉层次。

3. **知识点**：将 5 至 10 个相关知识点融入海报设计。用户需要提供一个主题（如诗句、名词或地点），根据此生成与其相关的文化、历史、诗歌内涵等知识点，这些知识点可以通过小图标、图形或文字形式在海报中展示。

4. **画面风格**：画面需要与输入的诗歌或主题相呼应。色调、光影、图像的风格应与诗歌的意境保持一致。根据输入内容，可能涉及自然景象、情感表达、人物描绘等元素，确保风格既具现代感又带有文化的深度。

5. **视觉效果**：设计要有强烈的视觉吸引力。整体画面不应单调，运用层次分明的背景、形状、图形和插图，避免过于拥挤或杂乱。画面要使观众在视觉上产生诗意的沉浸感。

**用户输入的变量**：

用户输入主题：［在这里填写诗句 / 诗题 / 诗人 / 名词 / 地点 / 意象］
补充要求：［可选，填写你希望强调的方向，例如“偏苍凉”“偏送别”“偏豪迈”“偏空灵”“偏知识型”“偏历史感”］
知识点数量：［填写 5 到 10 之间的数字，不填则智能生成］
是否需要出现原诗全文：［是 / 否］
是否需要作者与朝代信息：［是 / 否］
语言风格：［简洁凝练 / 文学感强 / 学术感强 / 通俗易懂］
海报比例：［竖版 9:16 / 横版 4:3 / 方版 1:1］",https://opennana.com/awesome-prompt-gallery/poetic-layered-poetry-poster
大唐贵妃六步惊艳宫廷妆,https://img.opennana.com/prompts/assets/202604/1777215713753-mvumrqk5-1777215723495-1.jpeg,"Yang Yuhuan Tang Dynasty makeup six steps, Huadian->Xiehong->Mianye->lip makeup->eyebrow shape->Tiefu, palace style",杨玉环唐代妆容六步，花钿→斜红→面靥→唇妆→眉形→贴花，宫廷风,https://opennana.com/awesome-prompt-gallery/tang-dynasty-makeup-steps
潘金莲叫滴滴遇到武松骑马,https://img.opennana.com/prompts/assets/202604/1777216118021-ug24e1dy-1777216127196-1.jpeg,"Pan Jinlian calls a Didi premium car, the one who comes is Wu Song riding a horse, she silently cancels the order and calls another one",潘金莲叫滴滴专车，来的是武松骑马，她默默取消订单又叫了一辆,https://opennana.com/awesome-prompt-gallery/pan-jinlian-didi-wu-song
金莲朋友圈自拍风波,https://img.opennana.com/prompts/assets/202604/1777216059864-ms5ogsou-1777216062808-1.jpeg,"Pan Jinlian posting a selfie on Moments, Wu Song commenting ""Sister-in-law, behave yourself"", Ximen Qing giving 99+ likes","潘金莲发朋友圈晒自拍，武松评论""嫂嫂自重""，西门庆点赞99+",https://opennana.com/awesome-prompt-gallery/pan-jinlian-moments-selfie
虞姬巴黎秀场高定红裙,https://img.opennana.com/prompts/assets/202604/1777215943562-snnhlm3d-1777215945176-1.jpeg,"Yu Ji trying on a haute couture dress, red trailing long skirt with a sword, under the spotlight of a Paris fashion show runway",虞姬试穿高定礼服，红色拖尾长裙佩剑，巴黎秀场聚光灯下,https://opennana.com/awesome-prompt-gallery/yuji-paris-haute-couture
绝美潘金莲弹幕刷屏美妆课,https://img.opennana.com/prompts/assets/202604/1777216090023-6fxihi59-1777216102675-1.jpeg,"Pan Jinlian posts a makeup tutorial on Bilibili ""How to use ancient methods for concealing"", bullet comments are flooding with ""Sister-in-law's skills are amazing""","潘金莲B站发美妆教程""如何用古代方法遮瑕""，弹幕刷""嫂嫂技术绝了""",https://opennana.com/awesome-prompt-gallery/beautiful-pan-jinlian-bullet-screen-makeup
超现实电影感视觉大片,https://img.opennana.com/prompts/assets/202604/1777036498660-3yfvr9z4-1777036555586-1.jpeg,"A high-fashion cinematic portrait of a young woman with a thoughtful expression, looking slightly upward. The image is a deconstructed multimedia collage: her face is overlaid with faint, intricate architectural blueprints, geometric grid lines, and technical schematics. The composition features an explosive, splattered edge effect with charcoal and white paint strokes. Scattered hyper-realistic orange autumn maple leaves drift around her neck and hair.She wears a thick, textured brown knit scarf. High-contrast lighting, 8k resolution, ultra-sharp focus on the eyes, featuring hyper-realistic skin textures, muted earth-tone color palette with pops of vibrant orange, editorial photography style.",一张高定时尚电影感肖像，描绘一位表情若有所思、微微仰视的年轻女性。该图像是一幅解构的多媒体拼贴画：她的脸上叠加着隐约、错综复杂的建筑蓝图、几何网格线和技术示意图。构图具有爆炸式的泼溅边缘效果，带有木炭和白色颜料笔触。散落的超写实橙色秋枫叶在她的脖颈和头发周围飘荡。她戴着一条厚实、有纹理的棕色针织围巾。高对比度照明，8k分辨率，眼睛处超清晰对焦，具有超写实皮肤纹理，柔和的大地色调调色板配以鲜艳的橙色点缀，时尚杂志摄影风格。,https://opennana.com/awesome-prompt-gallery/surreal-cinematic-visual-blockbuster
慵懒夏日里的日系胶片少女,https://img.opennana.com/prompts/assets/202604/1776962706087-27wqm9z4-1776962707811-1.jpeg,"Japanese negative film aesthetic, lazy summer indoor scene, soft morning light, slight overexposure highlights, low contrast, muted faded colors, subtle grain, subject lying casually on bed, body slightly curled or stretched, loose clothing, hair naturally spread, one arm covering part of face or resting on forehead, relaxed sleepy expression, unmade bed details, imperfect composition, intimate but distant mood --ar 2:3",日系负片美学，慵懒夏日室内场景，柔和晨光，轻微过曝高光，低对比度，柔和褪色色彩，细腻颗粒感，人物随意躺在床上，身体微微蜷缩或舒展，宽松衣物，头发自然散开，一只手臂遮挡部分脸部或搭在额头上，放松困倦的表情，未整理的床铺细节，不完美的构图，亲密却疏远的氛围 --ar 2:3,https://opennana.com/awesome-prompt-gallery/lazy-summer-japanese-film-girl
现代极简美食信息图设计,https://img.opennana.com/prompts/assets/202604/1776962535644-e9nwzyur-1776962539978-1.jpeg,"Ultra-clean modern recipe infographic. Showcase [FOOD/DISH] in a visually appealing finished form—sliced, plated, or portioned—floating slightly in perspective or angled view. Arrange ingredients, steps, and tips around the dish in a dynamic editorial layout, not restricted to top-down. Ingredients Section: Include icons or mini illustrations for each ingredient with quantities. Arrange them in clusters, lists, or circular flows connected visually to the dish. Steps Section: Show preparation steps with numbered panels, arrows, or lines, forming a logical flow around the main dish. Include small cooking icons (knife, pan, oven, timer) where helpful. Additional Info (optional): Total calories, prep/cook time, servings, spice level—displayed as clean bubbles or badges near the dish. Visual Style: Editorial infographic meets lifestyle food photography. Vibrant, natural food colors, subtle drop shadows, clean vector icons, modern typography, soft gradients or glassmorphism for step panels. Accent colors can highlight key info (calories, prep time). Composition Guidelines: Finished meal as hero visual (perspective or angled) Ingredients and steps flow dynamically around the dish Clear visual hierarchy: dish > steps > ingredients > optional stats Enough negative space to keep design airy and readable Lighting & Background: Soft, natural studio lighting, minimal textured or gradient background for premium editorial feel. Ultra-crisp, social-feed optimized, no watermark.",超干净的现代食谱信息图。展示[食物/菜品]在视觉上吸引人的成品形式——切片、摆盘或分份——以透视或倾斜视角略微悬浮。以动态的编辑布局在菜品周围安排食材、步骤和技巧，不局限于俯视图。Ingredients Section: 包含每种带有数量的食材的图标或迷你插图。将它们以簇、列表或环形流动的形式排列，在视觉上与菜品相连。Steps Section: 使用带编号的面板、箭头或线条展示准备步骤，围绕主菜形成逻辑流动。在有帮助的地方包含小型烹饪图标（刀、平底锅、烤箱、计时器）。Additional Info (optional): 总卡路里、准备/烹饪时间、份量、辛辣程度——以干净的气泡或徽章形式显示在菜品附近。Visual Style: 编辑信息图与生活方式美食摄影的结合。鲜艳、自然的食物色彩，微妙的投影，干净的矢量图标，现代排版，用于步骤面板的柔和渐变或玻璃拟态。强调色可以突出关键信息（卡路里、准备时间）。Composition Guidelines: 成品餐食作为主视觉（透视或倾斜） 食材和步骤围绕菜品动态流动 清晰的视觉层级：菜品 > 步骤 > 食材 > 可选统计数据 足够的留白以保持设计通透且易读 Lighting & Background: 柔和、自然的演播室灯光，极简的纹理或渐变背景，营造高级编辑感。超清晰，针对社交信息流进行优化，无水印。,https://opennana.com/awesome-prompt-gallery/modern-minimalist-food-infographic
运动员荣耀旅程电影感肖像,https://img.opennana.com/prompts/assets/202604/1776962432521-9aafre27-1776962438390-1.jpeg,"Cinematic portrait of [Athlete Name] showing his/her journey, with bold text of achievements and best performances","[
  运动员姓名
]展示他/她的旅程的电影感肖像，
带有成就和最佳表现的粗体文字",https://opennana.com/awesome-prompt-gallery/athlete-glory-journey-portrait
盛世长安繁华夜景游戏主城设计,https://img.opennana.com/prompts/assets/202604/1776963852602-cb44qpyk-1776963853782-1.jpeg,"Chang'an City game main city design, brilliantly illuminated Tang Dynasty architecture, bustling with NPC pedestrians",长安城游戏主城设计，唐代建筑灯火辉煌，NPC行人熙攘,https://opennana.com/awesome-prompt-gallery/prosperous-changan-night-city
史诗级动画战斗分镜图,https://img.opennana.com/prompts/assets/202604/1776962487411-nnu6mgul-1776962493094-1.jpeg,"Please generate a high-energy storyboard image in [xx style], featuring [Character A] vs [Character B].

The overall image must be in a 3:4 vertical composition, adopting a 3-column x 4-row layout with a total of 12 storyboard panels, presenting a complete set of continuously progressing animated battle storyboard, rather than an ordinary collage or a collection of single illustrations. The overall style should have a high-energy anime feel, cinematic camera tension, intense action design, and an epic battle atmosphere, like a collection of key frames from an already edited passionate anime trailer. The entire set of images must strictly advance according to the following rhythm:

Panel 1 environment establishment, Panel 2 Character A close-up, Panel 3 Character B close-up, Panel 4 confrontation between both sides, Panel 5 Character A attacks first, Panel 6 Character B counterattacks, Panel 7 close-quarters clash, Panel 8 power escalation, Panel 9 both sides' ultimate moves manifest, Panel 10 final sprint, Panel 11 decisive blow, Panel 12 aftermath of the battle. Each panel must have a clear large white number 1~12 in the top left corner, and each panel must have a white timecode and a concise Chinese description in the bottom left corner. Character A and Character B must maintain a unified appearance, unified clothing, unified abilities, and unified temperament throughout the entire set of 12 panels; if they are well-known characters, their highly recognizable classic images and ability characteristics must be retained; if they are original characters, a distinct design must be automatically generated based on the name and maintained consistently throughout.

The overall must emphasize character contrast, ability contrast, color contrast, and aura contrast, strengthen the sense of speed, sense of burst, sense of impact, energy fission, smoke, debris, and ultimate move special effects, ultimately forming a high-energy anime storyboard image where one can see at a glance the ""complete battle process"".","请生成一张【xx风格】的高燃分镜图，角色为【角色A】vs【角色B】。

整体画面必须为3:4竖版构图，采用3列×4行共12格分镜排版，呈现一整组连续推进的动画式战斗分镜图，而不是普通拼图或单张插画合集。整体风格应具有高燃动画感、电影级镜头张力、强烈动作设计与史诗级战斗氛围，像一支已经剪好的热血动画预告片关键帧合集。整组画面必须严格按照以下节奏推进：

第1格环境建立，第2格角色A特写，第3格角色B特写，第4格双方对峙，第5格角色A先攻，第6格角色B反击，第7格近身交锋，第8格力量升级，第9格双方大招显现，第10格最终冲刺，第11格决胜一击，第12格战后余波。每一格左上角必须有清晰的大号白色编号1~12，每一格左下角必须有白色时间码与一句简洁中文说明。角色A与角色B必须在整组12格中保持外观统一、服装统一、能力统一与气质统一；如果是知名角色，需保留高辨识度的经典形象与能力特征；如果是原创角色，则根据名称自动生成鲜明造型并保持全程一致。

整体必须强调角色对比、能力对比、色彩对比、气场对比，强化速度感、爆发感、冲撞感、能量裂变、烟尘碎石与大招特效，最终形成一张让人一眼看出“完整战斗过程”的高燃动画分镜图。",https://opennana.com/awesome-prompt-gallery/epic-anime-battle-storyboard
双重曝光的巅峰体育海报,https://img.opennana.com/prompts/assets/202604/1777026910002-pekb38k5-1777026913803-1.jpeg,"Cinematic sports poster, double exposure style, ultra-detailed, high-end editorial design.

A vertical 9:16 cinematic poster featuring a professional elite athlete [character name] from reference image.

The composition shows a powerful full-body athlete standing in the foreground, wearing a modern professional sports uniform designed in team-appropriate colors, with realistic athletic fabric, subtle branding details, and performance wear aesthetics. The athlete is standing confidently on a [SPORT](e.g. football, basketball, or relevant equipment depending on the sport), placed inside a dramatic professional stadium environment at night.

Behind the athlete is a large, cinematic close-up portrait of the same character, seamlessly blended into a double exposure composition. The portrait layer enhances emotional depth, identity, and intensity, creating a powerful visual hierarchy between body and spirit.

---

## 🌍 Background & Environment

The background is a highly stylized sports environment featuring:
- Abstract national or team identity symbolism inspired by the athlete’s country or club (flag shapes, emblems, or cultural motifs)
- Dynamic motion paint splashes that match the team’s primary and secondary color palette
- Energetic light streaks and particle effects to emphasize motion and speed
- A realistic stadium filled with soft crowd bokeh, depth, and atmospheric haze

---

## 💡 Lighting & Atmosphere

The lighting is cinematic and highly dramatic:
- Strong stadium floodlights with high contrast shadows  
- Volumetric lighting beams cutting through mist and rain  
- Atmosphere enriched with moisture particles, rain droplets, or dust in the air  
- Color grading automatically adapted to the team identity (cool, warm, neon, or high-contrast cinematic tone)  
- Ultra-realistic rendering of skin, sweat, fabric texture, and environmental reflections  

---

## 🎨 Visual Style Direction

The overall design follows a premium global sports campaign aesthetic:
- Inspired by high-end athletic branding such as Adidas, Nike, Y-3, and Olympic visual identity systems  
- Editorial magazine cover quality composition  
- Strong emphasis on identity, performance, and emotional intensity  
- Balanced fusion of realism and stylized cinematic enhancement  

---

## 🧩 Typography & Graphic System

Integrated but subtle sports branding elements:
- Visible jersey number on the athlete’s uniform  
- Authentic-looking team or national badge placed on the chest area  
- Bold headline typography integrated into composition (sports editorial style)  
- Subtle multilingual or culturally relevant typographic accents depending on athlete background  
- Minimal sponsor-style branding elements for realism  

---

## 🔥 Mood & Emotion

The overall mood is:
**powerful, elite, focused, emotionally intense, heroic, and representative of national or team pride**

The athlete feels like a global sports icon at the peak of performance, captured in a decisive cinematic moment.

---

## 📸 Final Output Quality

Ultra realistic, 8K resolution, sharp focus, cinematic depth of field, professional sports photography composition, motion energy design, high-end advertising poster quality, globally broadcast sports campaign aesthetic.","电影级体育海报，双重曝光风格，超精细，高端编辑设计。

一张垂直比例 9:16 的电影级海报，以参考图片中的职业精英运动员 [角色名称] 为特色。

构图展示一位强壮的全身运动员站在前景中，穿着采用适合队伍的颜色设计的现代职业运动服，具有逼真的运动面料、微妙的品牌细节和运动装备美学。运动员自信地站在 [运动项目]（例如足球、篮球，或根据运动项目而定的相关装备）上，置身于夜间极具戏剧性的专业体育场环境中。

在运动员身后是一个巨大的、电影级的同一角色特写肖像，无缝融合到双重曝光构图中。肖像层增强了情感深度、身份认同和强烈感，在身体与精神之间创造了强大的视觉层次感。

---

## 🌍 背景与环境

背景是一个高度风格化的体育环境，特色包括：
- 受运动员所在国家或俱乐部启发的抽象国家或队伍身份象征（旗帜形状、徽章或文化图案）
- 与队伍主次调色板相匹配的动态运动颜料飞溅
- 充满活力的光线条纹和粒子效果，以强调运动和速度
- 一个真实的体育场，充满柔和的人群虚化、深度感和大气薄雾

---

## 💡 光照与氛围

光照具有电影感且极具戏剧性：
- 强烈的体育场泛光灯，带有高对比度阴影  
- 穿透薄雾和雨水的体积光束  
- 充满水分颗粒、雨滴或空气中尘埃的丰富氛围  
- 色彩分级自动适应队伍身份（冷色调、暖色调、霓虹色调或高对比度电影色调）  
- 皮肤、汗水、面料纹理和环境反射的超写实渲染  

---

## 🎨 视觉风格方向

整体设计遵循高端全球体育活动美学：
- 灵感来自阿迪达斯、耐克、Y-3 和奥林匹克视觉识别系统等高端运动品牌  
- 杂志封面质量级别的编辑构图  
- 强烈强调身份、表现和情感强度  
- 现实主义与风格化电影增强的平衡融合  

---

## 🧩 排版与图形系统

融合但微妙的体育品牌元素：
- 运动员制服上可见的球衣号码  
- 位于胸部区域的逼真队伍或国家队徽章  
- 融入构图的粗体标题排版（体育编辑风格）  
- 根据运动员背景采用微妙的多语言或相关文化的排版点缀  
- 极简的赞助商风格品牌元素以增加真实感  

---

## 🔥 情绪与情感

整体情绪为：
**强大、精英、专注、情感强烈、英雄主义，并代表国家或队伍的骄傲**

这位运动员感觉像是一位处于表现巅峰的全球体育偶像，被捕捉在一个决定性的电影时刻。

---

## 📸 最终输出质量

超写实，8K分辨率，锐利对焦，电影景深，专业体育摄影构图，运动能量设计，高端广告海报质量，全球转播体育活动美学。",https://opennana.com/awesome-prompt-gallery/double-exposure-sports-poster
威震天高定西装时尚大片,https://img.opennana.com/prompts/assets/202604/1776963895635-t7nsbdhd-1776963896182-1.jpeg,"Megatron fashion magazine cover, silver-gray mecha wearing haute couture suit, cyberpunk neon background",威震天时尚杂志封面，银灰机甲穿高定西装，赛博朋克霓虹背景,https://opennana.com/awesome-prompt-gallery/megatron-haute-couture-fashion
运动瑜伽服模特摆拍姿势指南,https://img.opennana.com/prompts/assets/202604/1776962570210-fvnifb7m-1776962572826-1.jpeg,"Professional sportswear product photography pose guide, East Asian female model, dark gray/black yoga set (sports bra + high-waisted leggings), clean studio background, soft natural light. Collage layout: 2 rows × 5 columns, each pose with Chinese description.",专业运动服装产品摄影姿势指南，东亚女性模特，深灰色/黑色瑜伽套装（运动内衣+高腰紧身裤），干净摄影棚背景，柔和自然光。拼图布局：2行×5列，每个姿势配中文说明。,https://opennana.com/awesome-prompt-gallery/yoga-pose-guide
现代趣味品牌图标设计,https://img.opennana.com/prompts/assets/202604/1777037084565-kb56t8or-1777037091444-1.jpeg,"Create a cohesive collection of playful icons for [BRAND NAME], a [BRAND TYPE/INDUSTRY] brand. Style should be [STYLE KEYWORDS: e.g., rounded, 3D, flat, hand-drawn, minimal] with a [COLOR STYLE: vibrant, pastel, gradient, monochrome] palette. Use [DESIGN TRAITS: soft shadows, bold outlines, subtle textures, glow, etc.] to give a friendly and modern feel. Maintain consistency across all icons with a unified grid, proportions, and visual language. Icons should represent [LIST OF FEATURES/FUNCTIONS]. Ensure high clarity, balanced spacing, and scalable design suitable for UI, apps, and branding.",为 [BRAND NAME]，一个 [BRAND TYPE/INDUSTRY] 品牌，创建一套具有凝聚力的趣味图标。风格应为 [STYLE KEYWORDS: 例如，圆润、3D、扁平、手绘、极简]，搭配 [COLOR STYLE: 鲜艳、柔和、渐变、单色] 调色板。使用 [DESIGN TRAITS: 柔和阴影、粗轮廓、微妙纹理、发光] 营造出友好和现代的感觉。通过统一的网格、比例和视觉语言保持所有图标的一致性。图标应代表 [LIST OF FEATURES/FUNCTIONS]。确保高清晰度、均衡的间距，以及适合 UI、应用程序和品牌形象的可缩放设计。,https://opennana.com/awesome-prompt-gallery/modern-playful-brand-icons
各家大模型化身恋人游戏截图,https://img.opennana.com/prompts/assets/202604/1777037789037-nm6aidx3-1777037801062-1.jpeg,"Dating game, personification of major LLM models as lovers, colors and personalities must match, game screenshot",恋爱游戏，各大家 LLM 模型拟人化作为恋人，颜色和性格要匹配，游戏画面截图,https://opennana.com/awesome-prompt-gallery/llm-models-lover-game-screenshot
高端橙汁商业海报大片,https://img.opennana.com/prompts/assets/202604/1777037571037-b4hurw3t-1777037573673-1.jpeg,"Create a bold, high-end commercial poster for a premium orange juice brand, shot in a hyper-realistic studio environment with a strong emphasis on freshness, precision, and striking visual appeal.
Hero Composition:
A sleek transparent bottle filled with rich, vibrant orange juice stands at the center. The label is minimal, modern, and premium, featuring a clean orange graphic with refined typography. The bottle is topped with a matte black cap, enhanced by subtle highlights and realistic reflections.
Action & Story:
Two hands wearing matte black gloves interact with the product:
One hand firmly grips the bottle from the top
The other slices through a thick, juicy orange using a sharp stainless steel knife
The cut is captured mid-action, showcasing the juicy pulp and fresh citrus texture. A few orange slices are placed at the base, slightly scattered to create a natural yet styled composition.
Lighting & Mood:
Background: deep, rich green gradient with cinematic falloff
Surface: dark matte table with soft, controlled reflections
Lighting: dramatic studio setup
Strong key light from one side for depth
Soft fill light for balance
Crisp highlights on the bottle and knife
Deep, clean shadows for contrast
Typography Layout:

Top corner:
Clean, modern brand name (e.g., “VITRA”, “FRESCO”, or “NATURO”) in white
Bottom section:
Small line: “Not your average juice”

Large bold headline: “PURE ORANGE. NO COMPROMISE.”
Typography should feel modern, bold, and premium with a strong visual hierarchy. Use a rich orange tone for the headline to complement the juice.

Visual Style:

High-end food advertising aesthetic

Cinematic, bold, and contrast-driven

Ultra-sharp details and textures

Premium editorial look (like a global campaign)

Clean yet powerful composition

Output Requirements:

4K resolution

Photorealistic, advertisement-grade quality

Sharp focus, rich contrast, high dynamic range","创作一张大胆、高端的优质橙汁品牌商业海报，在超写实的摄影棚环境中拍摄，强烈强调新鲜感、精准度和引人注目的视觉吸引力。
核心构图：
一款流线型的透明玻璃瓶，装满浓郁、鲜艳的橙汁，矗立在正中央。标签极简、现代且高端，采用干净的橙色图形与精致的排版。瓶顶配有哑光黑色瓶盖，通过微妙的高光和逼真的反射得到增强。
动作与故事：
两只戴着哑光黑手套的手与产品互动：
一只手从顶部紧紧握住瓶子
另一只手用一把锋利的不锈钢刀切开一个厚实多汁的橙子
切割动作在半空中被捕捉，展现出多汁的果肉和新鲜的柑橘纹理。底部放置了几个橙子切片，略微散落以营造自然而又经过精心设计的构图。
光线与氛围：
背景：深沉浓郁的绿色渐变，带有电影感的衰减效果
表面：深色哑光桌面，带有柔和、受控的反射
光线：戏剧性的摄影棚布光设置
一侧强烈的主光以增加深度
柔和的补光以平衡画面
瓶子和刀子上清脆的高光
深邃、干净的阴影以形成对比
排版布局：

顶部角落：
干净、现代的品牌名称（例如，“VITRA”、“FRESCO”或“NATURO”），白色
底部区域：
小字行：“Not your average juice”

大号粗体标题：“PURE ORANGE. NO COMPROMISE.”
排版应感觉现代、大胆且高端，具有强烈的视觉层次感。标题使用浓郁的橙色色调以与橙汁相呼应。
视觉风格：

高端食品广告美学

电影感、大胆且以对比为导向

超清晰的细节与纹理

高端杂志大片感（宛如全球性广告活动）

干净而有力的构图
输出要求：

4K分辨率

照片级逼真，广告级品质

焦点锐利，对比丰富，高动态范围",https://opennana.com/awesome-prompt-gallery/premium-orange-juice-poster
薄荷绿丝绸睡衣少女沙发自拍,https://img.opennana.com/prompts/assets/202604/1776962878598-5i3cgvcs-1776962880782-1.jpeg,"A captivating, high-quality, full-color, medium-shot selfie of a young woman sitting on a luxurious, light-colored (cream or white) tufted sofa indoors.
The subject is wearing a two-piece silky satin pajama set in a soft mint green
Clothing Details: The top is a bralette style with thin spaghetti straps and a V-neckline. The shorts are low waisted and short, with a delicate lace trim along the hem.
Action/Pose: She is holding a modern smartphone (mint green colored case) with her right hand extended to take the selfie, looking at the camera with a slight, engaging smile. Her left hand is resting lightly on her left thigh. Her legs are crossed or positioned casually. She is curvy yet fit with hour glass figure.
Environment & Mood:
Setting: A bright, airy living space.
Background: A tall window with sheer white curtains, providing natural daylight and soft shadows. A hint of green foliage (trees/bushes) is visible outside the window.
Lighting: Soft, flattering natural light (daylight ambiance).
Style: Fashion-forward, cozy, and luxurious loungewear aesthetic.
Camera Angle: Medium shot, focused on the subject from the waist up.","一张迷人的、高质量的、全彩色的、中景自拍，一位年轻女子坐在室内一张豪华的浅色（奶油色或白色）簇绒沙发上。
主体穿着一套柔软薄荷绿色的两件式真丝缎面睡衣
服装细节：上衣为胸衣式风格，带有细吊带和V领。短裤为低腰且短小，下摆带有精致的蕾丝镶边。
动作/姿势：她右手伸出拿着一部现代智能手机（薄荷绿色手机壳）来自拍，看着镜头，带着轻微、迷人的微笑。她的左手轻轻放在左大腿上。她的双腿交叉或随意摆放。她曲线优美且身材健美，呈沙漏型身材。
环境与氛围：
场景：一个明亮、通风的生活空间。
背景：一扇带有纯白薄纱窗帘的高大窗户，提供自然光和柔和的阴影。窗外隐约可见绿色植物（树木/灌木）。
光照：柔和、讨喜的自然光（日光氛围）。
风格：前卫时尚、舒适且豪华的居家服美学。
拍摄角度：中景，聚焦于主体的腰部以上。",https://opennana.com/awesome-prompt-gallery/mint-green-silk-pajama-selfie
五千年世界文明时空图谱,https://img.opennana.com/prompts/assets/202604/1777037614407-bjlrdpnt-1777037640519-1.jpeg,"Visual display of a 5000-year spatiotemporal map of world civilization, both time and space dimensions must be included, popular science style, accurate details",可视化展示 世界文明 5000 年时空图，时间、空间维度都要有，科普风，细节准确,https://opennana.com/awesome-prompt-gallery/5000-year-world-civilization-map
现代护肤广告亚洲女性拼贴画,https://img.opennana.com/prompts/assets/202604/1777037704507-m2zx6v2s-1777037760892-1.jpeg,"Ultra-modern high-end skincare advertising collage featuring four beautiful young Asian women, each portrait styled in a separate geometric section of a dynamic diagonal layout. Clean editorial beauty photography with soft natural skin texture, glowing healthy complexion, and subtle makeup. Bright vibrant color blocking design using pink, yellow, cyan, and coral tones. Minimal abstract background shapes, smooth gradients, and modern graphic design composition. Studio-quality lighting, fashion magazine aesthetic, premium cosmetic campaign feel. Each woman posed confidently in different angles, smiling softly, fresh and youthful vibe. Balanced symmetry with sharp diagonal divisions and circular portrait frames. Highly polished commercial beauty branding style, cinematic lighting, ultra-detailed, 4k resolution.

IMPORTANT NEGATIVE PROMPT:
No text, no typography, no logos, no brand names, no product bottles, no packaging, no watermark, no labels, no written elements.","超现代高端护肤广告拼贴画，以四位美丽的年轻亚洲女性为特色，每位肖像都经过精心设计，位于动态对角线布局中独立的几何区域。干净利落的杂志大片美容摄影，具有柔软自然的皮肤纹理、容光焕发的健康肤色和淡雅妆容。明亮鲜艳的色块设计，使用粉色、黄色、青色和珊瑚色调。极简抽象背景形状、平滑渐变和现代平面设计构图。影棚级灯光，时尚杂志美学，高端化妆品广告活动感觉。每位女性以不同角度自信摆姿势，温柔微笑，清新青春的氛围。平衡的对称性，具有锐利的对角线划分和圆形肖像框架。高度精致的商业美容品牌风格，电影级灯光，超精细，4k分辨率。

重要负面提示词：
无文字，无排版，无标志，无品牌名称，无产品瓶，无包装，无水印，无标签，无书面元素。",https://opennana.com/awesome-prompt-gallery/modern-skincare-ad-collage
星光女侠白金战衣宣传照,https://img.opennana.com/prompts/assets/202604/1777037670515-srzlmwb7-1777037683803-1.jpeg,"{
  ""meta"": {
    ""style"": ""ultra-photorealistic cinematic superhero promotional photography"",
    ""quality"": ""8K, extremely detailed skin texture, realistic lighting, high dynamic range"",
    ""aspect_ratio"": ""2:3 vertical"",
    ""camera"": {
      ""type"": ""full-frame DSLR"",
      ""lens"": ""85mm f/1.8 portrait lens"",
      ""settings"": ""ISO 100, f/2.2, 1/200 shutter"",
      ""depth_of_field"": ""shallow depth with sharp subject focus and soft background blur""
    }
  },
  ""subject"": {
    ""gender"": ""female"",
    ""age"": ""mid-20s"",
    ""body_type"": ""fit, curvy, athletic proportions"",
    ""skin"": ""smooth, luminous, slightly glossy with natural highlights"",
    ""face"": {
      ""expression"": ""confident, subtle smirk, calm dominance"",
      ""eyes"": ""sharp, slightly narrowed, engaging viewer"",
      ""makeup"": ""soft glam, warm tones, highlighted cheekbones, glossy lips""
    },
    ""hair"": {
      ""style"": ""long, voluminous, soft waves"",
      ""texture"": ""thick and glossy"",
      ""movement"": ""slightly flowing, natural fall over shoulders""
    }
  },
  ""outfit"": {
    ""type"": ""superhero costume"",
    ""design"": ""white and gold bodysuit with deep V neckline"",
    ""material"": ""textured fabric with subtle sparkle and stretch tension"",
    ""details"": [
      ""gold trim outlining torso"",
      ""star emblem at waist"",
      ""metallic gold gloves"",
      ""thigh-high gold boots"",
      ""flowing cape with gold border and star patterns""
    ],
    ""fit"": ""tight, form-fitting, emphasizing body contours""
  },
  ""pose"": {
    ""stance"": ""standing, one hip slightly shifted"",
    ""hands"": [
      ""one hand resting on hip"",
      ""other relaxed near thigh""
    ],
    ""body_language"": ""confident, heroic, poised like a public figure""
  },
  ""environment"": {
    ""type"": ""press event / promotional backdrop"",
    ""background"": {
      ""design"": ""dark blue cinematic backdrop with metallic branding"",
      ""text_elements"": [
        ""THE SEVEN"",
        ""STARLIGHT"",
        ""BRINGING LIGHT TO A""
      ],
      ""graphics"": ""large poster of same character behind subject, slightly blurred""
    },
    ""lighting"": {
      ""key_light"": ""soft diffused frontal light"",
      ""rim_light"": ""gold-toned rim light from side for glow effect"",
      ""background_light"": ""cool blue highlights to separate subject"",
      ""effect"": ""cinematic contrast with glossy highlights on skin and costume""
    }
  },
  ""composition"": {
    ""framing"": ""mid-full body shot"",
    ""angle"": ""slightly low angle for dominance"",
    ""focus"": ""sharp focus on face and torso"",
    ""symmetry"": ""balanced with background poster alignment""
  },
  ""rendering"": {
    ""engine"": ""photorealistic renderer"",
    ""textures"": ""high-frequency skin pores, fabric weave, metallic reflections"",
    ""color_grading"": ""cinematic teal and gold contrast"",
    ""sharpness"": ""ultra crisp subject, soft background blur""
  },
  ""consistency_controls"": {
    ""seed"": 123456,
    ""sampler"": ""DPM++ 2M Karras"",
    ""steps"": 30,
    ""cfg_scale"": 7.5
  },
  ""negative_prompt"": [
    ""low quality"",
    ""blurry face"",
    ""distorted anatomy"",
    ""extra limbs"",
    ""oversharpening"",
    ""cartoon style"",
    ""flat lighting"",
    ""bad proportions"",
    ""duplicate face"",
    ""watermark"",
    ""text artifacts""
  ]
} Don't change face signature: “ XSydneyFan "" in corner Cursive style","{
  ""meta"": {
    ""style"": ""超逼真电影级超级英雄宣传摄影"",
    ""quality"": ""8K, 极其细致的皮肤纹理, 逼真的光线, 高动态范围"",
    ""aspect_ratio"": ""2:3 竖屏"",
    ""camera"": {
      ""type"": ""全画幅单反"",
      ""lens"": ""85mm f/1.8 人像镜头"",
      ""settings"": ""ISO 100, f/2.2, 1/200 快门"",
      ""depth_of_field"": ""浅景深, 主体对焦清晰, 背景柔焦模糊""
    }
  },
  ""subject"": {
    ""gender"": ""女性"",
    ""age"": ""25岁左右"",
    ""body_type"": ""健美, 曲线优美, 运动比例"",
    ""skin"": ""光滑, 明亮, 略带光泽并带有自然高光"",
    ""face"": {
      ""expression"": ""自信, 微妙的坏笑, 冷静的统治力"",
      ""eyes"": ""锐利, 微微眯起, 与观者互动"",
      ""makeup"": ""柔和魅力妆, 暖色调, 高光颧骨, 光泽唇部""
    },
    ""hair"": {
      ""style"": ""长发, 丰盈, 柔和波浪"",
      ""texture"": ""浓密且光泽"",
      ""movement"": ""微微飘动, 自然垂落在肩上""
    }
  },
  ""outfit"": {
    ""type"": ""超级英雄战衣"",
    ""design"": ""白金连体紧身衣, 深V领口"",
    ""material"": ""带有微妙闪光的纹理面料和拉伸张力"",
    ""details"": [
      ""金色镶边勾勒躯干"",
      ""腰部星形徽章"",
      ""金属金手套"",
      ""及大腿金色长靴"",
      ""带有金色边缘和星形图案的飘逸披风""
    ],
    ""fit"": ""紧身, 贴身, 强调身体轮廓""
  },
  ""pose"": {
    ""stance"": ""站立, 一侧臀部微微移动"",
    ""hands"": [
      ""一只手放在臀部"",
      ""另一只手放松靠近大腿""
    ],
    ""body_language"": ""自信, 英勇, 像公众人物一样从容""
  },
  ""environment"": {
    ""type"": ""新闻发布会 / 宣传背景板"",
    ""background"": {
      ""design"": ""深蓝色电影级背景板, 带有金属品牌标识"",
      ""text_elements"": [
        ""THE SEVEN"",
        ""STARLIGHT"",
        ""BRINGING LIGHT TO A""
      ],
      ""graphics"": ""背景中同一角色的大型海报, 略微模糊""
    },
    ""lighting"": {
      ""key_light"": ""柔和漫反射正面光"",
      ""rim_light"": ""侧面金色调轮廓光, 用于发光效果"",
      ""background_light"": ""冷蓝色高光用于分离主体"",
      ""effect"": ""电影级对比度, 皮肤和服装上有光泽高光""
    }
  },
  ""composition"": {
    ""framing"": ""中全身镜头"",
    ""angle"": ""略微低角度以展现统治力"",
    ""focus"": ""面部和躯干清晰对焦"",
    ""symmetry"": ""与背景海报对齐保持平衡""
  },
  ""rendering"": {
    ""engine"": ""照片级真实感渲染器"",
    ""textures"": ""高频皮肤毛孔, 面料编织, 金属反射"",
    ""color_grading"": ""电影级青色与金色对比"",
    ""sharpness"": ""超清晰主体, 柔和背景模糊""
  },
  ""consistency_controls"": {
    ""seed"": 123456,
    ""sampler"": ""DPM++ 2M Karras"",
    ""steps"": 30,
    ""cfg_scale"": 7.5
  },
  ""negative_prompt"": [
    ""低质量"",
    ""面部模糊"",
    ""解剖结构扭曲"",
    ""多余肢体"",
    ""过度锐化"",
    ""卡通风格"",
    ""平淡光线"",
    ""比例失调"",
    ""重复面部"",
    ""水印"",
    ""文字伪影""
  ]
} 不要更改面部签名：角落中的“ XSydneyFan "" 草书风格",https://opennana.com/awesome-prompt-gallery/starlight-white-gold-suit
剑齿虎终极科学探索图鉴,https://img.opennana.com/prompts/assets/202604/1777039547277-po0l7j34-1777039576524-1.jpeg,"Create a visually rich museum-style infographic of a Smilodon (Saber-Toothed Tiger), designed like a premium scientific discovery plate.

Use a hyper-realistic central Smilodon as the focal point, massive and intimidating, with ultra-detailed fur, giant saber teeth, powerful muscles, and cinematic lighting.

Include:
– skeleton breakdown
– skull anatomy with giant fangs
– hunting strategy diagrams
– prey comparison (bison, mammoth, giant sloth)
– size comparison with human silhouette
– habitat map
– fossil evidence
– extinction timeline
– clean layered composition
– bold editorial design
– strong typography
– premium documentary style
Background should be clean, museum-grade, with neutral tones and subtle texture.
Every detail must feel scientific, dramatic, and worthy of a National Geographic cover.
Ultra detailed, 4K, stop-scroll quality, highly shareable.","创作一张视觉丰富的博物馆风格剑齿虎信息图，设计得像一张高级科学发现图版。

使用一只超写实的中央剑齿虎作为视觉焦点，体型巨大且令人生畏，拥有超精细的毛发、巨大的剑齿、强壮的肌肉以及电影级光照。

包含：
– 骨骼拆解图
– 带有巨大獠牙的头骨解剖图
– 狩猎策略图表
– 猎物对比（野牛、猛犸象、大地懒）
– 与人类剪影的体型对比
– 栖息地地图
– 化石证据
– 灭绝时间线
– 干净的分层构图
– 大胆的编辑式设计
– 强有力的排版
– 高级纪录片风格
背景应当干净，达到博物馆级别，带有中性色调和微妙的纹理。
每一个细节都必须让人感觉具有科学性、戏剧性，并且配得上《国家地理》的封面。
超精细，4K，让人停止滑动的质量，极具分享性。",https://opennana.com/awesome-prompt-gallery/smilodon-ultimate-science-guide
日系负片里的夏日午后少女,https://img.opennana.com/prompts/assets/202604/1777037029794-vx78l123-1777037037920-1.jpeg,"Japanese negative film aesthetic, quiet summer afternoon, natural candid moment, soft sunlight through window, slight overexposure highlights, low contrast but rich tonal layers, muted and slightly faded colors, gentle warm skin tone, realistic texture without retouching, subtle film grain, a young beautiful japanese girl is sitting casually on floor near window, legs loosely folded, eating ice cream, relaxed unfocused gaze, light curtain moving with breeze, imperfect composition, quiet and distant mood, “memory-like realism”， --ar 2:3","日系负片美学,宁静的夏日午后,自然的抓拍瞬间,透过窗户的柔和阳光,轻微过曝的高光,低对比度但丰富的色调层次,柔和且微微褪色的色彩,温暖柔和的肤色,无修图的真实质感,细腻的胶片颗粒,一位年轻美丽的日本女孩随意地坐在窗边的地板上,双腿松散地折叠着,吃着冰淇淋,放松且失焦的凝视,轻薄的窗帘随风飘动,不完美的构图,安静而疏远的情绪,“记忆般的真实感”， --ar 2:3",https://opennana.com/awesome-prompt-gallery/japanese-film-summer-girl
虚构电影五十六帧极致拼贴,https://img.opennana.com/prompts/assets/202604/1777039847286-eoo8abd7-1777039858419-1.jpeg,"A 7-column by 8-row grid of 56 film frames, all captured from the same fictional feature film each panel showcasing cinematic stills with consistent color grading, matching production design, and a unified visual tone throughout the entire grid.",一个7列8行共56个电影画面的网格，均取自同一部虚构故事片，每个面板展示电影静帧，具有一致的电影调色、匹配的美术设计，以及贯穿整个网格的统一视觉基调。,https://opennana.com/awesome-prompt-gallery/fictional-film-56-frames-collage
巴士窗边的日系负片少女,https://img.opennana.com/prompts/assets/202604/1777039590619-xpgm5t2n-1777039600362-1.jpeg,"Japanese negative film aesthetic, bus window seat, soft daylight streaming in, slight overexposure highlights on face and window edges, low contrast, muted faded colors, subtle grain  subject leaning lightly against window, head tilted slightly, direct or soft gaze toward camera, calm expression, natural posture  moving light patterns on skin, reflections and glass distortions, imperfect framing, quiet drifting mood, nostalgic everyday realism --2:3","日系负片美学, 巴士窗边座位, 柔和的日光倾泻而入, 脸部和窗边缘有轻微过曝的高光, 低对比度, 柔和褪色的色彩, 细腻的颗粒感  人物轻轻靠在窗户上, 头部微微倾斜, 直视或柔和地注视着镜头, 平静的表情, 自然的姿态  皮肤上移动的光影图案, 倒影与玻璃扭曲, 不完美的构图, 宁静漂泊的氛围, 怀旧的日常写实主义 --2:3",https://opennana.com/awesome-prompt-gallery/bus-window-japanese-film
婚礼舞台新娘致辞父亲背影,https://img.opennana.com/prompts/assets/202604/1776962634607-4v7siebq-1776962637219-1.jpeg,"iPhone candid shot, the bride speaking on stage at a wedding, with the father’s back visible as he sits at a banquet table below.",iPhone抓拍，婚礼上新娘在舞台上讲话，父亲的背影可见，他坐在下方的宴会桌旁。,https://opennana.com/awesome-prompt-gallery/wedding-bride-speech-father-back
游戏角色设定档案总览,https://img.opennana.com/prompts/assets/202604/1777039177478-mzcwc03v-1777039180247-1.jpeg,"Please create a high-completion, high-consistency ""Character Archive Board"" suitable for serialized release based on the [Theme / Worldview / Character Setting].

This is not an ordinary character illustration or a single character poster, but an official character setting overview combining ""main character display + skill action display + expression setting + three-view drawing description + weapon and equipment display + color palette description + brand title system"". The overall image should look like a standard display page in a game art book, character data page, project proposal board, or IP visual development document, possessing both character charm and a clear sense of information organization and setting description.

【Basic Settings】
- Theme / Worldview: 【Theme】
- Project Name / Brand Name: 【Brand Name】
- Character Name: 【Character Name】
- Identity / Profession / Faction: 【Character Identity】
- Core Temperament: 【Character Temperament, e.g., cold, elegant, heroic, wild, mysterious, fierce】
- Combat Position: 【Combat Position, e.g., warrior, knight, mage, assassin, gunman, guardian】
- Weapon Type: 【Weapon Type】
- Elemental Attribute / Ability Direction: 【Ability Direction】
- Main Color: 【Main Color】
- Auxiliary Color: 【Auxiliary Color】
- Accent Color: 【Accent Color】
- Style Direction: 【Style Direction, e.g., anime game original art, light impasto character setting, fantasy epic, future sci-fi, oriental fantasy】
- Aspect Ratio: 【Aspect Ratio, recommended 3:2 landscape】

【Auto-Completion Rules】
If the user has not filled in the complete basic character settings, or if some fields are empty, please do not stop generating, but instead automatically deduce and complete a set of complete, reasonable, and unified character settings based on the 【Theme】【Worldview】【Character Identity】【Combat Position】【Weapon Type】【Ability Direction】【Main Color】【Style Direction】.

During auto-completion, you should prioritize generating the following content and ensure logical consistency among them:
- Character gender tendency
- Age sense (youth / young adult / adult / mature)
- Body type characteristics (slender, muscular, light, burly)
- Facial temperament (calm, sharp, gentle, wild, noble, mysterious)
- Hairstyle and hair color
- Clothing structure (robe, armor, cloak, light outfit, uniform, formal dress, techwear)
- Armor and accessory ratio
- Weapon appearance style
- Skill effect form
- Expression tendency
- Clothing and equipment details in the three-view drawing

Auto-completion is not a random patchwork, but forming a unified scheme around the same character positioning. The final character must have clear recognizability and highly match the worldview, profession, color scheme, and combat style.

【Auto-Combination Suggestion Logic】
When the user has not explicitly filled in character details, please prioritize combining the basic character settings according to the following logic:
1. Determine the general direction of the character based on the 【Worldview】, such as fantasy, sci-fi, oriental fantasy, steampunk, future city, mythological epic;
2. Determine the character's body type, clothing structure, armor degree, and weapon temperament based on the 【Character Identity / Combat Position】;
3. Determine the skill action form, effect trajectory, combat posture, and equipment details based on the 【Weapon Type / Ability Direction】;
4. Determine the clothing color scheme, weapon material, energy color, and overall visual recognition based on the 【Main Color / Auxiliary Color / Accent Color】;
5. Unify the character's facial shaping, clothing language, light and shadow processing, and module expression based on the 【Style Direction】.

If the user only provides a small number of keywords, a complete character setting should also be automatically generated. For example:
- Only given ""Flame Female Knight"" -> Automatically complete the age sense, cloak, red-gold-black color scheme, spear or greatsword, flame skill effects, heroic expression;
- Only given ""Ice Prince"" -> Automatically complete the blue-silver-white color scheme, light armor or ceremonial armor, longsword or scepter, ice crystal skills, calm demeanor.

【Image Structure Requirements】
The entire image uses a landscape character setting description board layout, organizing the image with a ""left main, right auxiliary"" structure:

1. Left main visual area:
- Place a high-completion large-size main character standing illustration as the visual core of the entire image
- The character's posture is complete, with strong recognizability and character charm
- Details of clothing, armor, cloak, patterns, accessories, weapons are clear
- The character should reflect clear professional attributes and worldview affiliation
- Can include a small amount of faded character virtual shadows or background auxiliary outlines to enhance layering, but must not overshadow the main subject

2. Top-left title and introduction area:
- Display a large English title or series title, such as the series name / brand name the character belongs to
- Paired with the character's Chinese name, subtitle, faction, profession, or identity tags
- Add a brief character background introduction text to create a data page feel
- Title typography is concise and powerful, with a brand visual system feel

3. Top-right skill display area:
- Display a set of small character skill action images, numbering about 4~6
- Including action moments such as dash, slash, casting, burst, ultimate skill, area attack
- Each action should retain character recognition features and skill effect styles
- The skill module should look like an action breakdown display or combat illustration

4. Middle-right expression display area:
- Display about 4 character head expressions
- Such as calm, angry, surprised, contemplative, sneering, eyes closed
- The expression images should be unified in style with the main standing illustration, used to supplement the layers of the character's personality

5. Bottom three-view drawing area:
- Display the character's front, side, and back three-view drawings
- Used to clearly explain the clothing structure, cloak outline, armor design, back of the hairstyle, shoe and boot design
- The three-view drawings should be relatively neat, clear, and unified, like a formal setting draft

6. Right-side weapon and additional settings area:
- Display the character's main weapon separately, adding partial breakdowns or multiple angles when necessary
- Paired with a brief weapon name and descriptive text
- Can include small supplementary elements such as faction emblems, element icons, character crests

7. Color palette area:
- Use 3~5 color blocks to display the character's main color scheme system
- The color palette should be consistent with the character's clothing, weapon, and effect colors
- Strengthen the character's visual recognizability

【Visual Style Requirements】
- The overall background is mainly light gray-white, fog white, and cool white, clean and restrained, with ample white space
- The page has the temperament of an official art book, game data page, and character specification board
- The image has both a exquisite illustration feel and a rational typography and manual feel
- Module boundaries are clear, layout alignment is explicit, and information zoning is reasonable
- The main subject is finely drawn, and the styles of expressions, actions, weapons, and three-view drawings are unified
- Light and shadow are clean, do not be overly realistic or overly heavy
- Maintain a light UI feel, modern feel, brand feel, and proposal feel
- Do not make it into a messy collage, nor an overly flashy poster

【Output Target】
Generate a character setting archive board suitable for serialized reuse, allowing viewers to see at a glance the character's image, professional positioning, skill style, equipment characteristics, and worldview affiliation. The overall work must simultaneously possess ""strong visual appeal"" and ""high information organization"".

【Execution Principles】
- If the user fills in completely, prioritize faithful execution of the user's settings;
- If the user only fills in partial content, complete the missing fields;
- If the user fills in very little, automatically combine a complete set of basic character settings;
- Whether manually set or automatically completed, the final character must have a unified, complete, and serially expandable visual logic.","请根据【主题 / 世界观 / 角色设定】，创作一张高完成度、高统一性、适合系列化发布的「角色设定档案板 / Character Archive Board」。

这不是普通角色插画，也不是单张立绘海报，而是一张结合“主立绘展示 + 技能动作展示 + 表情设定 + 三视图说明 + 武器装备展示 + 色板说明 + 品牌标题系统”的官方角色设定总览图。整体画面应像游戏设定集、角色资料页、项目提案板或IP视觉开发文档中的标准展示页，既有角色魅力，又有清晰的信息组织与设定说明感。

【基础设定】
- 主题 / 世界观：【主题】
- 项目名 / 品牌名：【品牌名】
- 角色名：【角色名】
- 身份 / 职业 / 阵营：【角色身份】
- 核心气质：【角色气质，例如冷峻、优雅、英勇、野性、神秘、暴烈】
- 战斗定位：【战斗定位，例如战士、骑士、法师、刺客、枪手、守护者】
- 武器类型：【武器类型】
- 元素属性 / 能力方向：【能力方向】
- 主色调：【主色调】
- 辅助色：【辅助色】
- 点缀色：【点缀色】
- 风格方向：【风格方向，例如二次元游戏原画、轻厚涂角色设定、奇幻史诗、未来科幻、东方幻想】
- 画幅比例：【画幅比例，建议 3:2 横版】

【自动补全规则】
如果用户没有填写完整的角色基础设定，或部分字段为空，请不要停止生成，而是根据【主题】【世界观】【角色身份】【战斗定位】【武器类型】【能力方向】【主色调】【风格方向】自动推导并补全一套完整、合理、统一的角色设定。

自动补全时，应优先生成以下内容，并确保彼此逻辑一致：
- 角色性别倾向
- 年龄感（少年 / 青年 / 成年 / 成熟）
- 体型特征（修长、健壮、轻盈、魁梧等）
- 面部气质（冷静、锐利、温柔、狂野、高贵、神秘等）
- 发型与发色
- 服装结构（长袍、战甲、披风、轻装、制服、礼装、机能装等）
- 盔甲与配饰比例
- 武器外观风格
- 技能特效形态
- 表情倾向
- 三视图中的服装和装备细节

自动补全不是随机拼凑，而是要围绕同一个角色定位形成统一方案。最终角色必须具备明确辨识度，并与世界观、职业、配色和战斗方式高度匹配。

【自动组合建议逻辑】
当用户未明确填写角色细节时，请优先依据以下逻辑组合角色基础设定：
1. 根据【世界观】确定角色的大方向，例如奇幻、科幻、东方幻想、蒸汽朋克、未来都市、神话史诗等；
2. 根据【角色身份 / 战斗定位】决定角色的体型、服装结构、盔甲程度和武器气质；
3. 根据【武器类型 / 能力方向】决定技能动作形式、特效走向、战斗姿态和装备细节；
4. 根据【主色调 / 辅助色 / 点缀色】决定服装配色、武器材质、能量颜色与整体视觉识别；
5. 根据【风格方向】统一角色脸部塑造、服饰语言、光影处理和模块表现方式。

如果用户只提供了少量关键词，也应自动生成完整角色设定。例如：
- 只给“火焰女骑士” → 自动补出年龄感、披风、红金黑配色、长枪或大剑、火焰技能特效、英气表情等；
- 只给“冰系王子” → 自动补出蓝白银配色、轻甲或礼甲、长剑或权杖、冰晶技能、冷静神态等。

【画面结构要求】
整张图采用横版角色设定说明板式布局，以“左主右辅”的结构组织画面：

1. 左侧主视觉区：
- 放置一张高完成度的大尺寸角色主立绘，作为整张图的视觉核心
- 角色姿态完整，具有强烈识别度和人物魅力
- 服装、盔甲、披风、纹样、配饰、武器等细节清晰
- 角色应体现明确的职业属性和世界观归属
- 可以带有少量淡化的角色虚影或背景辅助轮廓，以增强层次，但不能抢主体

2. 左上标题与简介区：
- 显示大号英文标题或系列标题，例如角色所属系列名 / 品牌名
- 搭配角色中文名、副标题、阵营、职业或身份标签
- 添加一段简洁的角色背景介绍文字，形成资料页感
- 标题排版简洁有力，具有品牌视觉系统感

3. 右上技能展示区：
- 展示一组角色技能动作小图，数量约 4~6 个
- 包括突进、挥击、施法、爆发、大招、范围攻击等动作瞬间
- 每个动作都应保留角色识别特征和技能特效风格
- 技能模块像动作分解展示或战斗说明图

4. 中右表情展示区：
- 展示约 4 个角色头像表情
- 如平静、愤怒、惊讶、沉思、冷笑、闭眼等
- 表情图应与主立绘风格统一，用于补充角色性格层次

5. 下方三视图区：
- 展示角色正面、侧面、背面三视图
- 用于清晰说明服装结构、披风轮廓、盔甲设计、发型背面、鞋靴造型等
- 三视图相对规整、清晰、统一，像正式设定稿

6. 右侧武器与附加设定区：
- 单独展示角色主武器，必要时可增加局部拆分或多个角度
- 搭配简短武器名称与说明文案
- 可加入阵营徽记、元素图标、角色纹章等小型补充元素

7. 色板区：
- 使用 3~5 个色块展示角色主配色体系
- 色板应与角色服装、武器、特效颜色保持一致
- 强化角色的视觉识别度

【视觉风格要求】
- 整体背景以浅灰白、雾白、冷白为主，干净克制，留白充足
- 页面具有官方设定集、游戏资料页、角色规格说明板的气质
- 画面既有精美插画感，也有理性排版和说明书感
- 模块边界清晰，版式对齐明确，信息分区合理
- 主体绘制精细，表情、动作、武器、三视图风格统一
- 光影干净，不要过度写实或过度厚重
- 保持轻UI化、现代感、品牌感、提案感
- 不要做成杂乱拼贴，也不要做成过度花哨的海报

【输出目标】
生成一张适合系列化复用的角色设定档案板，让观者一眼就能看出角色形象、职业定位、技能风格、装备特点和世界观归属。整体必须同时具备“强视觉吸引力”和“高信息组织度”。

【执行原则】
- 如果用户填写完整，则优先忠实执行用户设定；
- 如果用户只填写部分内容，则补全缺失字段；
- 如果用户填写非常少，则自动组合出一套完整角色基础设定；
- 无论是手动设定还是自动补全，最终角色都必须具备统一、完整、可系列化扩展的视觉逻辑。",https://opennana.com/awesome-prompt-gallery/game-character-setting-board
专业品牌视觉套件展示板,https://img.opennana.com/prompts/assets/202604/1777039275423-ax412pcj-1777039281886-1.jpeg,"Create a premium brand kit board for [BRAND NAME], presented like a professional branding studio slide. Show the existing brand identity in a clean, organized visual presentation. Include primary logo, secondary logo, icon, [COLOR PALETTE], typography pairing, branded packaging or product mockups, social media mockup, and simple brand pattern elements. Style: [STYLE]. Use a clean editorial grid, realistic materials, strong hierarchy, and polished presentation. Text to include: ""[BRAND NAME]","为 [BRAND NAME] 创建一个高级品牌套件板，呈现方式类似于专业的品牌工作室幻灯片。在干净、有条理的视觉呈现中展示现有的品牌标识。包括主标志、辅助标志、图标、[COLOR PALETTE]、字体搭配、品牌包装或产品模型、社交媒体模型和简单的品牌图案元素。风格：[STYLE]。使用干净的编辑网格、逼真的材质、强烈的层次感和经过润色的呈现。要包含的文本：""[BRAND NAME]",https://opennana.com/awesome-prompt-gallery/professional-brand-kit-board
一张具有收藏价值设计师海报,https://img.opennana.com/prompts/assets/202604/1777039408395-4sldk1eq-1777039425186-1.jpeg,,"创作一张具有收藏价值、设计师海报气质与作者性审美的高完成度视觉作品。

整体风格为：油画风格 + 大师级排版文字设计。
画面需具有明显的厚涂技法质感，通过厚薄差异塑造立体感、材料感、节奏感与视觉层次，既有绘画肌理，又有现代设计感与展览级海报气质。

一、核心构图逻辑
采用居中偏斜的对角线主构图。
整张海报的核心视觉主体，不是缩在中间的一小团，而是由一条沿对角线方向大幅展开的不规则综合色带 / 图示承载区构成。
这条综合色带必须从画面一个对角方向自然延伸至另一个对角方向，形成近似贯穿全版的斜向视觉骨架，具备足够的长度、面积、张力与版面统摄力。
它必须舒展、大气、完整，不可局促，不可收缩成中间一坨，不可导致版面显得逼仄、狭窄、拘谨。

这条综合色带既像厚涂油彩横扫而成的一道主笔触，又像被提炼后的主题地貌、信息地带、文化切片或视觉载体。
综合色带的配色不能写死，必须根据用户最后输入的【城市 / 主题 / 对象 / 灵感】自动判断。
可以从该主题最典型的印象色、文化色、环境色、建筑色、情绪色中提炼出 2-3 种主色，形成高级且有层次的综合色关系。
例如可以呈现类似“紫金蓝”“赭红青”“墨绿金”“灰粉褐”等综合色逻辑，但具体色彩必须智能适配输入内容本身，而不是固定模板。

二、主体内容生成逻辑
在这条沿对角线展开的综合色带之上，承载与用户输入强相关的核心视觉内容。

如果输入的是城市：
自动提炼该城市最具辨识度的地标、建筑、名胜、水系、人文空间、历史象征、城市记忆、代表性文化元素等。

如果输入的是对象、主题或灵感：
自动提炼最有代表性的核心元素、关键场景、象征物、结构信息、文化线索、概念意象或视觉母题。

这些内容不要做成写实堆砌，不要像旅游宣传页素材拼贴，不要杂乱罗列。
必须以“极简俯视图 / 高度概括的图形化俯瞰景观 / 设计化地图感构成 / 信息化景观”的方式进行整合。
让它们像被压缩、提炼、嵌入在这条对角线综合色带之中，形成统一、克制、连续、有秩序的主图示系统。
图示区域内部必须具有连续性、流动性与整体性，让不同元素沿对角线方向自然展开、串联、过渡、呼应，形成类似视觉长卷般的观感。
不要中间挤、两头空，不要让主体断裂，不要把视觉重点缩在局部。

三、背景与留白
背景统一为米白色、暖白色或带轻微旧纸质感的纹理纸质背景。
纸面要有自然纸张纤维感、细腻颗粒感、轻微手工纸或高档印刷纸肌理。
整体背景必须干净、克制、安静，不要过度装饰，不要复杂花纹干扰主体。
必须保留大面积留白，但这种留白不是空洞无力，而是服务于对角线主结构的高级留白。
留白应让主体更突出，也让文字排版拥有足够的呼吸感、空间感、展览感与版式张力。

四、文字系统与版式逻辑
文字系统必须是整张海报的重要组成部分，而不是后贴上的说明文字。
整体文字原则上采用衬线体系统，体现高级、克制、经典、文化感、设计感兼具的大师级排版效果。
标题、主文案、副文案、知识点信息、小标注、注释性小字之间必须有清晰层级，并通过字号、疏密、错落、对齐、留白、聚散、呼应来形成真正的版式节奏。

必须明确版式优先级：
沿对角线大幅展开的综合色带 / 图示主体，是整张海报的第一视觉骨架与主叙事通道，优先级高于普通文字排版。
这条对角线主体必须保持连续、完整、舒展、不断裂。

所有大标题、拼音 / 英文大字、知识点模块、装饰文案、说明性文字，都必须服从这条对角线主体的完整性。
不得从中间横向切断主体，不得把主体拦腰打断，不得在主体最关键的连续区形成明显遮挡或割裂。
必须为对角线主体预留一条完整、清晰、连续的视觉通道。

文字系统应主要分布在主体两侧的留白区、四角留白区、边缘排版区，或沿主体边缘顺势排布，而不是粗暴压在主体中段中心。
若主体内部确实需要少量文字，只能是极少量、低干扰、嵌入式的小标注，例如局部名称、地标注释、小型标签等，并且必须顺应主体内部结构自然嵌入，不可形成大面积横截式排版。

五、拼音 / 英文大字的材质与配色
海报中必须加入一个“拼音 / 英文大字标题”，作为核心视觉文字之一。
如果用户输入的是中文城市、中文主题或中文对象，则自动提炼其拼音作为大字标题；
如果输入内容更适合英文表达，也可自动生成对应英文大字标题。

这个大字标题必须具有明显的烫印质感、金属材质感、箔印感或压印感，呈现高级、细腻、克制、具有印刷工艺美感的材质效果。
它可以带有轻微反光、压痕感、浮雕感、箔面质感、纸面烫印质感，但不能俗气，不能廉价，不能过度炫光，不能显得商业化过强。

这个材质大字的颜色方案不能被锁死为单一纯金色。
它必须根据用户输入的【城市 / 主题 / 对象 / 灵感】自动判断，灵活选择更适合的材质色彩方案，以避免画面在这部分显得死板、僵硬、单调。

可采用以下两种灵活方案之一：

方案一：统一单色
选择一种最能代表该城市 / 主题气质的材质色。
这个颜色可以是金、古金、铜金、香槟金、玫瑰金、银、铂金、墨金等金属色；
也可以是带有金属材质感的其他颜色，例如金属蓝、金属绿、金属紫、金属红、灰银蓝、青铜绿、暖棕金、墨黑金属感等。
重点不是“必须金色”，而是“具有高级材质语言”。

方案二：综合色综合搭配
使用 2-3 种彼此协调的颜色进行综合色搭配。
这些颜色可来自该城市 / 主题的主色调、印象色、建筑色、自然色、文化色或情绪色，并通过彩色箔印、异色箔印、局部异色、综合色金属层次等方式呈现。
这种综合色方案必须高级、克制、有设计感，不要做成廉价渐变，不要花哨，不要破坏整体气质。

无论采用单色还是综合色方案，都必须让拼音 / 英文大字在材质上有“烫印感”，在颜色上有“主题感”，在视觉上有“灵活性”，并与对角线主体及整体版面形成统一关系。

这个拼音 / 英文大字不能孤立存在，也不能横插进对角线主体中央把主体切断。
它应作为整张海报的版式支点，布置在留白区、主体外缘、边缘排版区，或顺应整体版面气流展开，与主体形成呼应关系和排版张力。
如果同时出现中文标题与拼音 / 英文大字，则要形成清晰而高级的层级关系：
拼音 / 英文大字可作为主要视觉标题；
中文标题可作为呼应性标题、副标题或辅助排版元素；
两者需经过精心编排，绝不能简单上下堆叠。

六、四周信息与知识点
四周内容不能空泛，必须围绕主题自动补充“有亮点、有知识点、有阅读价值”的信息。
这些内容由模型根据用户最后输入自动决定，不需要用户额外提供。

如果是城市方向：
自动补充该城市相关的别称、历史定位、文化标签、地理特征、代表性建筑、名胜注释、人文亮点、城市精神、典型符号、简明知识点等。

如果是对象方向：
自动补充其功能、材料、结构、来源、用途、文化背景、代表性特征、技术点等。

如果是抽象主题或灵感方向：
自动补充其概念提炼、风格关键词、象征含义、背景知识、延展性亮点、联想线索等。

这些知识点不要机械罗列成说明书，不要一股脑堆满边角。
必须以设计性的方式拆分、分组、穿插、整合、排布，成为画面的一部分。
它们应围绕对角线主体自然分布在四周留白区中，形成既有信息性、又有装饰性的版式结构。
四周信息应采用“避让式排版”，围绕主体边缘自然展开，形成环绕、陪衬、补充关系，而不是侵入主体中心通道。
信息块之间要有疏密变化和呼吸感，做到丰富但不挤。

七、署名
在画面右下角保留一个极小号署名字样：
“NAICHA DESIGN”
署名字体要克制、干净、低调，不喧宾夺主。

八、整体气质目标
整张海报应呈现以下综合观感：
主体舒展、版面开阔、对角线主结构完整铺开；
留白高级且有呼吸感；
信息丰富但不杂乱；
远看有鲜明主视觉与强烈记忆点；
近看有丰富的知识点与排版细节；
兼具绘画性、设计性、信息性、阅读性与收藏感；
像一张高端展览海报、城市视觉海报、设计年鉴封面或艺术书籍内页级别的作品。

九、避免的问题
不要把中间图示区域缩成一坨；
不要让主体面积过小；
不要让对角线主图示被大字或信息模块拦腰切断；
不要让主体中段被标题横插打断；
不要让拼音 / 英文大字像路障一样压断主体；
不要让版面显得狭隘、逼仄、拘谨；
不要模板化旅游宣传页感；
不要低级拼贴感；
不要普通地图截图感；
不要说明书式排版；
不要廉价插画感；
不要满版塞满元素；
不要让文字沦为附属说明；
不要让材质大字显得俗气、死板、单调或商业化过强。

十、最终目标
要让“沿对角线大幅展开的综合色带主体 + 极简俯视元素 / 图示系统 + 具有烫印 / 金属材质感且颜色灵活的拼音 / 英文大字 + 四周知识信息 + 高级衬线排版 + 大面积留白”共同形成一张完整而高级的作品。

最终让整张图：
远看有强烈主视觉冲击，
近看有丰富阅读内容与设计细节，
主体不断，文字不截流，版面大气，排版高级，
整体具有收藏价值、作者性与大师级审美完成度。

用户最终输入：
【城市 / 主题 / 对象 / 灵感】：_____
尺寸要求：_____ （比如3:4）",https://opennana.com/awesome-prompt-gallery/highly-collectible-designer-poster
优雅蓝孔雀对称花卉装饰图,https://img.opennana.com/prompts/assets/202604/1777103680499-pt5k8qis-1777103688431-1.jpeg,"symmetrical design featuring two elegant blue peacocks with detailed feather patterns, surrounded by blue floral elements, intricate vintage botanical ornament, soft beige background, classical floral decor style with rich navy and sky blue details, decorative art illustration --ar 3:2",对称设计特色是两只优雅的蓝色孔雀带有详细的羽毛图案，被蓝色花卉元素环绕，复杂的复古植物装饰，柔和的米色背景，古典花卉装饰风格带有丰富的海军蓝和天蓝色细节，装饰艺术插画 --ar 3:2,https://opennana.com/awesome-prompt-gallery/elegant-blue-peacock-symmetry
表现主义光影装置艺术,https://img.opennana.com/prompts/assets/202604/1777103854271-50idtkjh-1777103858986-1.jpeg,,以表现主义风格呈现的墙上投影光影装置艺术作品。动态的(主題)的投影在墙面上创造出自由飘逸的唯美光影效果，柔和的光晕营造出朦胧且充满诗意的氛围感。光影的形态细腻且富有变化，带着对生活的向往感，空灵、轻盈，情绪张力十足，画面干净通透，给人一种治愈系的心灵触动。長寬比例為9:16。,https://opennana.com/awesome-prompt-gallery/expressionism-light-installation
巨型百事可乐与少女信息图,https://img.opennana.com/prompts/assets/202604/1777103904784-ut66d9zk-1777103913877-1.jpeg,"A premium infographic-style visual featuring an oversized Pepsi can placed beside a young woman. The can is scaled to be nearly the same size as her entire seated body, creating a striking, surreal proportion. The woman sits casually leaning against the giant can, one arm resting on it, interacting naturally with the object.
Her face must closely match the provided reference image, accurate facial structure, skin tone, hairstyle, and expression — polished, realistic, and visually appealing.
The Pepsi can is ultra-detailed with crisp branding, condensation droplets, realistic reflections, and metallic texture. The logo is clean, sharp, and properly proportioned.
Composition is modern and minimal, set in a clean studio or soft gradient background. Include subtle infographic-style elements such as thin annotation lines, minimal labels, or callouts highlighting features like “refreshment,” “carbonation,” or “chilled texture,” but keep it elegant and uncluttered.
Lighting is soft studio lighting with controlled highlights and shadows, giving a premium advertising look. The model is styled in minimal, contemporary clothing that complements the red, white, and blue tones of the can.
Color grading is crisp and slightly vibrant, with a commercial ad aesthetic. Balanced composition, sharp focus, slight depth of field for realism.
Style: high-end product infographic, commercial beverage advertisement, clean UI-inspired annotations
Resolution: ultra high resolution, 4K, highly detailed, photorealistic

85mm lens, f/2.8
hyper-realistic, studio quality
no distortion, correct proportions
clean typography, modern layout","一张高级信息图风格的视觉图像，特色是一个超大百事可乐易拉罐放置在一位年轻女性身旁。该易拉罐的尺寸被放大到与她整个坐着的身体几乎相同大小，营造出一种引人注目的超现实比例。这位女性随意地坐着，斜靠在这个巨大的易拉罐上，一只手臂搭在上面，与这个物体进行自然互动。
她的面部必须紧密匹配提供的参考图像，准确的面部结构、肤色、发型和表情——精致、逼真且具有视觉吸引力。
百事可乐易拉罐极其细致，具有清晰的品牌标识、冷凝水滴、逼真的反射和金属质感。标志干净、锐利且比例适当。
构图现代且极简，设置在干净的摄影棚或柔和渐变背景中。包含微妙的信息图风格元素，如细标注线、极简标签或引出线，突出“清爽”、“碳酸”或“冰凉质感”等特征，但保持优雅且不杂乱。
灯光是柔和的摄影棚灯光，具有受控的高光和阴影，呈现出高级的广告外观。模特穿着极简的现代服装，与易拉罐的红、白、蓝色调相辅相成。
色彩调校清晰且略显鲜艳，具有商业广告美学。平衡的构图，锐利的焦点，轻微的景深以增强真实感。
Style: 高端产品信息图，商业饮料广告，简洁的UI风格标注
Resolution: 超高分辨率，4K，高度详细，照片级逼真

85mm镜头，f/2.8
超写实，摄影棚质量
无畸变，正确比例
干净的排版，现代布局",https://opennana.com/awesome-prompt-gallery/giant-pepsi-girl-infographic
极简风格角色设定图,https://img.opennana.com/prompts/assets/202604/1777104438135-7ejku8ww-1777104446374-1.jpeg,"Using the reference image, generate a minimal character sheet of [Name]. Include front, side, and back views with a few simple poses. Flat colors, clean lines, balanced layout, lots of negative space. Modern design style.",使用参考图像，生成一份 [Name] 的极简角色设定图。包含正面、侧面和背面视图，以及几个简单的姿势。平涂色彩，干净的线条，均衡的布局，大量的留白。现代设计风格。,https://opennana.com/awesome-prompt-gallery/minimal-character-sheet
电紫烟雾中的飞跃运动少女,https://img.opennana.com/prompts/assets/202604/1777105423784-cg825cbp-1777105427778-1.jpeg,"A highly detailed digital artwork in a surreal, dynamic style inspired by premium athletic advertising for puma, Inc. A young athletic woman with platinum blonde hair tied in a messy bun, fair skin, and a fiercely focused expression is captured mid-jump or leap, her body leaning slightly forward as if bursting with raw, untamed energy.
She wears a loose, off-white puma crewneck sweatshirt with subtle embossed puma branding on the chest, paired with flowy, semi-transparent pants featuring a swirling marbled pattern in graphite grey and electric violet, billowing dramatically around her legs. On her feet are sleek, futuristic white Nike sneakers with glowing violet accents, visible Air-inspired sole details, and an aerodynamic design.
Vibrant electric violet energy or ethereal smoke erupts dramatically from behind her, swirling and dissolving into abstract, cloud-like forms that interact with her clothing, creating a powerful sense of motion and release.
The background is a deep, moody gradient transitioning from charcoal grey to luminous twilight violet, emphasizing a minimalist yet striking composition.
Overlay large, bold metallic silver text reading “i made it” in a sharp, modern sans-serif font, partially integrated and obscured by the energy smoke and the figure, making it feel like an organic part of the scene.
Include the iconic puma logo in the top-left corner in shimmering silver.","一幅极其详细的数字艺术作品，采用超现实、动态的风格，灵感来源于 puma, Inc. 的高端运动广告。一位年轻的运动女性，拥有铂金色头发，扎成一个凌乱的发髻，白皙的皮肤，以及强烈专注的表情，被捕捉在半空中跳跃或腾跃的瞬间，她的身体微微前倾，仿佛要爆发出原始、狂野的能量。
她穿着一件宽松的米白色 puma 圆领运动衫，胸前有微妙的浮雕 puma 品牌标识，搭配飘逸的半透明长裤，长裤上有着石墨灰和电紫色的旋转大理石纹理，在她的腿周围戏剧性地飘动。她的脚上穿着流畅、充满未来感的白色 Nike 运动鞋，带有发光的紫色点缀，可见的 Air 风格鞋底细节，以及空气动力学设计。
充满活力的电紫色能量或空灵的烟雾从她身后戏剧性地喷发而出，旋转并消散成抽象的云状形态，与她的衣物相互作用，创造出强烈的运动感和释放感。
背景是一个深沉、情绪化的渐变，从炭灰色过渡到发光的暮光紫，强调了一种极简却又引人注目的构图。
覆盖大号、粗体的金属银色文本，内容为“i made it”，采用锐利、现代的无衬线字体，部分被能量烟雾和人物整合并遮挡，使其感觉像是场景中有机的一部分。
在左上角包含闪耀银色的标志性 puma 标志。",https://opennana.com/awesome-prompt-gallery/electric-violet-leaping-athlete
悬浮王座上的篮球之王,https://img.opennana.com/prompts/assets/202604/1777179075076-gaq1mosu-1777179080359-1.jpeg,"Avant garde sports fashion advertisement for basketball, featuring a tall male athlete wearing minimal black and white technical sportswear. A monumental oversized chrome basketball hoop is transformed into a floating halo and sculptural throne, positioned as a luxury architectural object above a glossy indoor court. The athlete sits calmly inside the rim with one arm resting on the net, relaxed yet dominant, like a champion suspended in his own orbit. Giant word “ELEVATION” in massive bold condensed typography behind the subject, partially obscured by the hoop and body. Crisp white studio backdrop, reflective polished court floor with subtle basketball court markings, premium sportswear campaign layout, cinematic studio lighting, sharp product photography, ultra clean composition, dynamic circular geometry, refined negative space, small fictional brand mark “ASCENT” with microcopy “BUILT ABOVE THE RIM”, high fashion sports editorial aesthetic, realistic photographic rendering, 1:1 aspect ratio. Avoid real brand logos, cluttered background, extra limbs, distorted anatomy, unreadable messy text, low quality typography.",篮球的前卫运动时尚广告，展示一位高大的男性运动员，穿着极简的黑白技术运动服。一个巨大的超大号镀铬篮球筐被转化为悬浮的光环和雕塑般的王座，作为一件奢华的建筑物品放置在光滑的室内球场上方。运动员平静地坐在篮圈内部，一只手臂搭在网上，放松却充满统治力，像一位悬浮在自己轨道中的冠军。巨大的“ELEVATION”单词以超大号粗体压缩字体位于拍摄对象身后，部分被篮筐和身体遮挡。清脆的白色工作室背景，带有微妙篮球场标线的反光抛光球场地面，高端运动服宣传活动布局，电影级工作室照明，锐利的产品摄影，极度干净的构图，动态的圆形几何，精致的留白空间，小型虚构品牌标志“ASCENT”带有微文本“BUILT ABOVE THE RIM”，高级时尚运动杂志美学，逼真的摄影渲染，1:1 宽高比。避免真实品牌标志、杂乱的背景、多余的肢体、扭曲的解剖结构、无法阅读的杂乱文本、低质量的排版。,https://opennana.com/awesome-prompt-gallery/basketball-king-floating-throne
潮酷模特与霓虹卡通动物同框,https://img.opennana.com/prompts/assets/202604/1777179218823-ezj9r6zg-1777179223817-1.jpeg,"Full-body fashion editorial shot of a confident young person model sitting casually on a concrete ledge, legs slightly apart, one arm resting on knee, the other relaxed, looking straight at camera with a calm dominant expression.

Wearing a light denim jacket over a plain white t-shirt, neutral shorts, bright socks, and modern sneakers. Clean styling, natural pose, wind slightly moving hair and fabric.

Beside and partially interacting with a stylized cartoon [ANIMAL], positioned naturally as if sharing the same space.

The [ANIMAL] is illustrated in bold cartoon style with thick black outlines, vibrant neon color palette (blue, green, yellow accents), exaggerated proportions, expressive features, playful yet powerful presence.

Background: bright outdoor urban setting with clear blue sky, soft clouds, sunlit concrete textures, strong natural daylight, crisp shadows.

Fusion of hyper-realistic photography and graphic illustration, seamless integration between subject and cartoon.

Add graphic overlay elements: doodle arrows, scribbles, abstract shapes, comic-style symbols, dynamic motion lines.

High contrast, HDR lighting, sharp focus, fashion editorial composition, surreal mixed-media aesthetic, ultra-detailed, 8k resolution.","自信的年轻模特的全身高定时尚大片拍摄，随意地坐在混凝土边缘上，双腿微微分开，一只手臂搭在膝盖上，另一只手臂放松，直视镜头，表情冷静且具有主导感。

穿着浅色牛仔夹克内搭纯白T恤，中性色短裤，亮色袜子和现代运动鞋。干净的造型，自然的姿势，微风轻轻吹动头发和面料。

旁边与一只风格化的卡通[ANIMAL]有部分互动，位置自然，仿佛共享同一个空间。

该[ANIMAL]以粗犷的卡通风格绘制，具有粗黑色轮廓，充满活力的霓虹色调（蓝色、绿色、黄色点缀），夸张的比例，富有表现力的特征，俏皮而又强大的存在感。

背景：明亮的户外城市环境，有清澈的蓝天，柔软的云朵，阳光照射的混凝土纹理，强烈的自然日光，清晰锐利的阴影。

超写实摄影与图形插画的融合，拍摄主体与卡通之间无缝衔接。

添加图形叠加元素：涂鸦箭头，乱涂乱画，抽象形状，漫画风格的符号，动态的运动线条。

高对比度，HDR照明，锐利对焦，时尚大片构图，超现实的混合媒体美学，超细节，8k分辨率。",https://opennana.com/awesome-prompt-gallery/cool-model-neon-cartoon-animal
医美前后对比蓝图,https://img.opennana.com/prompts/assets/202604/1777179623308-wh9acwh7-1777179625775-1.jpeg,"You are a top medical aesthetics plastic surgery visual designer, facial aesthetics analyst, and high-end portrait retouching blueprint designer. Please generate a realistic high-definition ""medical aesthetics plastic surgery before and after comparison blueprint,"" adopting a left-right dual-column side-by-side layout, presenting an overall high-end professional medical aesthetics advertising-grade texture, like a real plastic surgery institution's before and after case display image.

【Core Objective】
The focus of this image is not ordinary retouching, but a ""medical aesthetics plastic surgery before and after strong contrast case image.""
The before and after must be the same person, same angle, same expression, same lighting direction, but the post-surgery effect must be significantly improved compared to the pre-surgery, forming a strikingly visible strong difference.
The before and after difference must be significantly greater than ordinary skin smoothing retouching, focusing on highlighting changes in the nose, facial contours, periorbital area, midface, skin, and rejuvenation.
The overall style must be realistic, high-definition, professional, high-end, and natural, neither exaggeratedly deformed nor plastic fake face.

【Overall Image Requirements】
- Horizontal dual-column composition, left and right side by side.
- Left side is ""Pre-surgery Analysis,"" right side is ""Post-surgery Effect.""
- There is a clear dividing line between left and right.
- Same person, same shooting angle, same face orientation, same expression, same composition ratio.
- The person's face occupies the main body of the image, preferably a bust or half-body close-up, ensuring facial features and contour details are clearly visible.
- The image focuses on the face, do not let clothing or background overshadow the main subject.
- The background adopts a clean and simple white, light gray, or high-end medical aesthetics space background.
- The overall image quality must be high-definition, with clear details and naturally visible skin texture.

【Left Panel: Pre-surgery Analysis】
- Display an unretouched pre-surgery original portrait.
- The left side must retain obvious pre-surgery issues, but do not uglify it to the point of distortion, it should look like a real ordinary person's pre-surgery state.
- The pre-surgery issues should be relatively more obvious to widen the before and after gap, including but not limited to:
  - Facial contours are relatively blunt, not smooth enough
  - Jawline is blurred, lower face slightly wide
  - Chin is receding or proportionally inadequate
  - Nasal bridge is low, insufficient three-dimensionality
  - Nasal tip is round and blunt, slightly large
  - Alar is slightly wide, nasal refinement is insufficient
  - Eyes lack spirit, eye shape is average
  - Dark circles are obvious
  - Eye bags are obvious, periorbital puffiness
  - Midface is slightly sunken, apple cheeks lack support
  - Nasolabial folds are quite obvious
  - Slight facial asymmetry
  - Eyebrow shape is messy, insufficient refinement
  - Skin is dull
  - Uneven skin tone
  - Slight redness on cheeks
  - T-zone or face has oily shine
  - Skin texture roughness is more obvious
  - Teeth are slightly yellow
  - Hair strands are frizzy, many flyaway hairs, insufficient hair volume
- Use precise red medical aesthetics analysis annotations to indicate positions that need improvement.
- Annotation methods include: red arrows, red circles, red dashed lines, red auxiliary lines, red hand-drawn grids, facial proportion analysis lines.
- Next to each problem point, there must be a short and clear Chinese retouching instruction.
- The left side must have a ""Pre-surgery Analysis"" title.
- The overall effect of the left side should look like a professional doctor's or medical aesthetics institution's pre-surgery analysis image.

【Chinese Annotation Instructions That Must Appear on the Left Side】
- Refine skin texture
- Reduce facial oiliness
- Even out skin tone
- Improve facial redness
- Adjust eyebrow shape lines
- Optimize eye contour
- Lighten dark circles
- Improve eye bag puffiness
- Raise nasal bridge
- Reduce nasal tip size
- Narrow alar
- Lift midface fullness
- Lighten nasolabial folds
- Define jawline
- Narrow lower facial contour
- Optimize chin proportion
- Improve facial symmetry
- Slightly brighten teeth
- Tidy flyaway hairs
- Add natural hair volume
- Balance overall lighting
- Soften background

【Right Panel: Post-surgery Effect】
- Based on all red annotations and Chinese instructions on the left side, generate a post-surgery portrait with obvious improvements.
- The post-surgery effect must be significantly better than the pre-surgery, achieving a change that can be recognized at a glance as ""after medical aesthetics plastic surgery.""
- The post-surgery changes must be much more obvious than ordinary retouching, but still realistic and natural.
- The right side only displays the final post-surgery effect, without adding red annotations.
- The right side must have a ""Post-surgery Effect"" title.

【Post-surgery Changes That Must Be Strengthened】
1. Nasal changes must be obvious
- Nasal bridge is obviously raised, nasal dorsum line is straighter and more upright
- Nasal tip is obviously reduced, more refined and delicate
- Alar is obviously narrowed, more coordinated
- Overall nasal three-dimensionality is significantly enhanced
- Must make people recognize the refinement after rhinoplasty at a glance

2. Facial contour changes must be obvious
- Jawline is clearer and cleaner
- Lower face is obviously narrower
- Face shape is smoother, more petite, more refined
- Chin proportion is more coordinated, slightly advanced or more three-dimensional
- Facial contour changes from relatively blunt to clearer and more three-dimensional
- Visually has an obvious effect of ""face slimming, refinement, contour optimization""

3. Periorbital changes must be obvious
- Dark circles are obviously lightened
- Eye bags and puffiness are obviously reduced
- Eye fissure shape is smoother, eyes are more spirited
- Both eyes look more energetic and younger
- But do not exaggerate into European-style large double eyelids, maintain natural Asian aesthetics

4. Midface rejuvenation changes must be obvious
- Midface fullness is improved
- Apple cheek support is better
- Nasolabial folds are obviously shallower
- The overall face looks younger, fuller, and more energetic

5. Skin changes must be obvious
- Skin is more refined
- Skin is more translucent and bright
- Skin tone is more even
- Dullness is obviously improved
- Redness is obviously reduced
- Oiliness is obviously reduced
- Skin texture must be good, but do not over-smooth, still retain natural and realistic skin texture

6. Detail refinement changes
- Eyebrow shape is neater, more designed
- Teeth are slightly brightened but natural
- Hair strands are neater, flyaway hairs are reduced
- Hair is more voluminous and natural
- Fill light is more balanced, facial lighting is more high-end
- Background is softer, with more high-end medical aesthetics advertising texture

【Difference Enhancement Requirements】
- The difference between pre-surgery and post-surgery must be ""obviously widened.""
- Do not just slightly retouch, do not just simply smooth skin.
- Must highlight the comprehensive medical aesthetics changes of ""comprehensive nasal enhancement + contour optimization + periorbital rejuvenation + skin quality improvement.""
- The before and after difference should reach the level of real medical aesthetics case images.
- Focus on making the viewer notice at a glance:
  - Nose is higher and more refined
  - Face is smaller and more three-dimensional
  - Jawline is clearer
  - Periorbital area is younger
  - Skin is more high-end and cleaner
- Pre-surgery is more ordinary, post-surgery is more refined, more photogenic, younger, but still the same person.
- Retain the person's original identity features, do not swap faces, do not turn into another person.
- The post-surgery improvement magnitude can be larger than conventional retouching, but must be realistically credible.

【Text and Annotation Requirements】
- All annotation text on the left side must be in Chinese.
- Chinese annotations must be short, clear, professional, and easy to read.
- Annotations must be neatly arranged, avoiding obscuring key facial features.
- Do not have garbled text, do not have incorrect text.
- The left side has red analysis annotations, the right side has no annotations.

【Style Requirements】
- Realistic photography style
- High-definition portrait
- Professional medical aesthetics case display style
- High-end, clean, simple
- Like a formal plastic surgery institution's promotional case image
- Not illustration, not comic, not concept art

【Negative Requirements】
- No comic style
- No illustration style
- No exaggeratedly deformed plastic surgery
- No turning into internet celebrity fake face
- No plastic skin
- No over-smoothing
- No overly strong AI feel
- Do not make the post-surgery into a completely different person
- No low clarity
- No ordinary collage feel
- No additional explanatory text
- No complex cluttered background
- Do not have English text annotations
- No garbled text

【Final Output Requirements】
Only output one left-right dual-column medical aesthetics plastic surgery before and after comparison blueprint final image:
- Left side: ""Pre-surgery Analysis"" — unretouched pre-surgery original portrait + red medical aesthetics analysis annotations + Chinese retouching instructions
- Right side: ""Post-surgery Effect"" — naturally realistic post-surgery portrait with obvious improvements
The final effect must be realistic, high-definition, professional, high-end, and with significant before and after differences, with medical aesthetics plastic surgery before and after changes visible at a glance.","你是一位顶尖医美整形视觉设计师、面部美学分析师与高端人像修图蓝图设计师。请生成一张真实高清的“医美整容术前术后对比蓝图”，采用左右双栏并排布局，整体呈现高端专业医疗美容广告级质感，像真实整形机构的术前术后案例展示图。

【核心目标】
这张图的重点不是普通修图，而是“医美整形前后强对比案例图”。
前后必须为同一人物、同一角度、同一表情、同一光线方向，但术后效果要比术前明显提升，形成一眼可见的强烈差异。
要求前后差异明显大于普通磨皮修图，重点突出鼻部、轮廓、眼周、中面部、皮肤、年轻化等部位的变化。
整体风格必须真实、高清、专业、高级、自然，不能夸张畸形，也不能塑料假脸。

【整体画面要求】
- 横向双栏构图，左右并排。
- 左侧为“术前分析”，右侧为“术后效果”。
- 左右之间有清晰分隔线。
- 同一人物，同一拍摄视角，同一脸部朝向，同一表情，同一构图比例。
- 人物脸部占画面主体，最好是胸像或半身近景，确保五官与轮廓细节清晰可见。
- 画面重点聚焦脸部，不要让服装或背景喧宾夺主。
- 背景采用干净简洁的白色、浅灰色或高级医美空间背景。
- 整体画质要高清、细节清楚、皮肤纹理自然可见。

【左侧面板：术前分析】
- 展示未经修饰的术前原始人像。
- 左侧必须保留明显的术前问题，但不要丑化到失真，要像真实普通人术前状态。
- 术前问题要相对更明显一些，以拉开前后差距，包括但不限于：
  - 面部轮廓偏钝，不够流畅
  - 下颌线模糊，下面部略宽
  - 下巴后缩或比例欠佳
  - 鼻梁偏低，立体度不足
  - 鼻头圆钝偏大
  - 鼻翼略宽，鼻部精致感不足
  - 双眼不够有神，眼型一般
  - 黑眼圈明显
  - 眼袋明显，眼周浮肿
  - 中面部略凹，苹果肌支撑感不足
  - 法令纹较明显
  - 面部轻微不对称
  - 眉形凌乱，精致度不足
  - 皮肤暗沉
  - 肤色不均
  - 面颊轻微泛红
  - T区或面部有油光
  - 皮肤纹理粗糙感更明显
  - 牙齿轻微发黄
  - 发丝毛躁，碎发较多，头发蓬松度不足
- 用精准红色医美分析标注指出需要改善的位置。
- 标注方式包含：红色箭头、红色圆圈、红色虚线、红色辅助线、红色手绘网格、面部比例分析线。
- 每个问题点旁边都要有简短清晰的中文修整指令。
- 左侧必须有“术前分析”标题。
- 左侧整体效果像专业医生或医美机构做的术前分析图。

【左侧必须出现的中文标注指令】
- 细化皮肤纹理
- 减少面部油光
- 均匀肤色
- 改善面部泛红
- 调整眉形线条
- 优化眼部轮廓
- 淡化黑眼圈
- 改善眼袋浮肿
- 抬高鼻梁
- 缩小鼻头
- 收窄鼻翼
- 提升中面部饱满度
- 淡化法令纹
- 清晰下颌线
- 收窄下面部轮廓
- 优化下巴比例
- 改善面部对称感
- 轻微提亮牙齿
- 整理碎发
- 增加头发自然蓬松感
- 平衡整体光线
- 柔化背景

【右侧面板：术后效果】
- 根据左侧全部红色标注与中文指令，生成术后明显改善的人像。
- 术后效果必须明显优于术前，做到一眼就能看出“医美整形后”的变化。
- 术后变化必须比普通修图明显得多，但依然真实自然。
- 右侧只展示术后最终效果，不添加红色标注。
- 右侧必须有“术后效果”标题。

【术后必须强化的变化】
1. 鼻部变化必须明显
- 鼻梁明显抬高，鼻背线条更直更挺
- 鼻头明显缩小，更精致秀气
- 鼻翼明显收窄，更协调
- 鼻部整体立体度显著增强
- 要让人一眼看出鼻整形后的精致感

2. 面部轮廓变化必须明显
- 下颌线更清晰利落
- 下面部明显更收窄
- 脸型更流畅、更小巧、更精致
- 下巴比例更协调，轻微前移或更立体
- 面部轮廓从偏钝变为更清晰立体
- 视觉上有明显“小脸化、精致化、轮廓优化”的效果

3. 眼周变化必须明显
- 黑眼圈明显淡化
- 眼袋和浮肿明显减少
- 眼裂形态更流畅，眼睛更有神采
- 双眼看起来更精神、更年轻
- 但不要夸张成欧式大双眼皮，保持自然亚洲审美

4. 中面部年轻化变化必须明显
- 中面部饱满度提升
- 苹果肌支撑感更好
- 法令纹明显变浅
- 面部整体显得更年轻、更饱满、更有精神

5. 皮肤变化必须明显
- 皮肤更细腻
- 皮肤更透亮
- 肤色更均匀
- 暗沉明显改善
- 泛红明显减少
- 油光明显减少
- 皮肤质感要好，但不能过度磨皮，仍要保留自然真实的皮肤纹理

6. 细节精致化变化
- 眉形更整齐、更有设计感
- 牙齿轻微提亮但自然
- 发丝更整洁，碎发减少
- 头发更蓬松自然
- 补光更均衡，面部受光更高级
- 背景更柔和，更有高级医美广告质感

【差异强化要求】
- 术前与术后差异必须“明显拉大”。
- 不要只是轻微修饰，不要只是简单磨皮。
- 要突出“鼻综合提升 + 轮廓优化 + 眼周年轻化 + 肤质提升”的综合医美变化。
- 前后差异应达到真实医美案例图的级别。
- 重点让观者一眼注意到：
  - 鼻子更高更精致
  - 脸更小更立体
  - 下颌线更清晰
  - 眼周更年轻
  - 皮肤更高级更干净
- 术前更普通，术后更精致、更上镜、更年轻，但仍然是同一个人。
- 保留人物原有身份特征，不要换脸，不要变成另一个人。
- 术后提升幅度可以比常规修图更大，但必须真实可信。

【文字与标注要求】
- 左侧所有标注文字必须是中文。
- 中文标注要简短清晰、专业易读。
- 标注排布整齐，避免遮挡关键五官。
- 不要出现乱码，不要出现错误文字。
- 左侧有红色分析标注，右侧无标注。

【风格要求】
- 真实摄影风
- 高清人像
- 专业医美案例展示风
- 高级、干净、简洁
- 像正规整形机构宣传案例图
- 不是插画，不是漫画，不是概念图

【负面要求】
- 不要漫画风
- 不要插画风
- 不要夸张畸形整容
- 不要整成网红假脸
- 不要塑料皮肤
- 不要过度磨皮
- 不要AI感过强
- 不要让术后变成完全不同的人
- 不要低清晰度
- 不要普通拼图感
- 不要额外说明文字
- 不要复杂杂乱背景
- 不要出现英文字标注
- 不要文字乱码

【最终输出要求】
只输出一张左右双栏医美整容前后对比蓝图成图：
- 左侧：“术前分析”——未经修饰的术前原始人像 + 红色医美分析标注 + 中文修整指令
- 右侧：“术后效果”——明显改善后的自然真实术后人像
最终效果必须真实、高清、专业、高级，并且前后差异显著，一眼可见整容医美前后变化。",https://opennana.com/awesome-prompt-gallery/medical-aesthetics-before-after-blueprint
灰度3D角色动作参考图,https://img.opennana.com/prompts/assets/202604/1777179714754-7bt1x29o-1777179716547-1.jpeg,"[
  STYLE
] monochromatic grayscale illustration,
3D rendered character,
clean instructional reference sheet,
white background,
comic-style cell grid layout,
technical diagram aesthetic [
  LAYOUT
] 4x4 grid layout,
16 panels total,
each panel separated by thin black border lines,
numbered cells from 1 to 16,
consistent panel size [
  CHARACTER
] (캐릭터 설명 입력) 예: young female dancer,
athletic build,
ponytail hairstyle,
crop top and baggy pants,
sneakers,
same character in all panels [
  PANEL STRUCTURE - per cell
] top-left: bold number badge + Korean title text center: full-body character pose illustration bottom-left: Korean description text (3-4 lines) overlay: directional arrows indicating movement direction [
  ARROWS / MOTION INDICATORS
] curved arrows,
straight arrows,
circular rotation indicators,
placed around the character to show movement flow and direction [
  RENDERING STYLE
] high detail 3D sculpt style,
soft studio lighting,
subtle shadows,
no color,
grayscale shading,
clean linework,
game concept art quality [
  NEGATIVE
] no background scenery,
no color tones,
no extra characters,
no cluttered backgrounds","[
  风格
] 单色灰度插画，
3D渲染角色，
干净的教学参考表，
白色背景，
漫画风格分格网格布局，
技术图纸美学 [
  布局
] 4x4网格布局，
共16个分格，
每个分格由细黑色边框线分隔，
从1到16的编号单元格，
统一的分格尺寸 [
  角色
] (输入角色描述) 例如：年轻女舞者，
运动型身材，
马尾辫发型，
短款上衣和宽松裤子，
运动鞋，
所有分格中为同一角色 [
  面板结构 - 每个单元格
] 左上角：粗体数字徽章 + 韩文标题文本 中心：全身角色姿势插画 左下角：韩文描述文本（3-4行） 叠加层：指示移动方向的方向箭头 [
  箭头 / 动作指示器
] 曲线箭头，
直线箭头，
圆形旋转指示器，
放置在角色周围以显示移动轨迹和方向 [
  渲染风格
] 高细节3D雕塑风格，
柔和的影棚灯光，
微妙的阴影，
无色彩，
灰度阴影，
干净的线条，
游戏概念艺术质量 [
  负面提示
] 无背景风景，
无色彩色调，
无多余角色，
无杂乱的背景",https://opennana.com/awesome-prompt-gallery/grayscale-3d-character-reference
奢华街头风男装海报,https://img.opennana.com/prompts/assets/202604/1777215256178-mkf7cffg-1777215264928-1.jpeg,"Create a premium high-fashion streetwear promotional poster featuring a confident young male model seated casually on a modern black bean bag chair in a dark luxury studio setting. He wears a stylish long-sleeve urban jersey shirt with bold red and black color blocking, subtle camouflage or abstract textured patterns, paired with black relaxed-fit trousers and matching red-and-black high-top sneakers. The model poses with one elbow resting on his knee and his hand touching his temple, giving a calm, confident expression directly toward the camera. Use dramatic cinematic lighting with soft shadows, glossy highlights, and a moody black gradient background. Behind the model, place oversized semi-transparent bold typography of the model's name or brand name spanning across the backdrop. Add modern minimal UI-inspired design elements and clean branding icons around the composition. Include stylish promotional text such as ""Urban Street Jersey,"" ""Premium Fabric,"" ""Grab Yours,"" and an ""Order Now"" CTA button with available sizes. At the bottom, add elegant handwritten script typography for the product category like ""Men’s Jersey."" The overall aesthetic should feel like a luxury fashion campaign ad, sleek, editorial, and Instagram-brand-ready with high contrast, premium detailing, and a polished commercial look.","创建一张高级时尚街头服饰促销海报，主角是一位自信的年轻男模，他随意地坐在黑暗奢华工作室环境中的现代黑色懒人沙发上。他穿着一件时尚的长袖城市运动球衣，采用醒目的红黑撞色设计，带有微妙的迷彩或抽象纹理图案，搭配黑色宽松版型长裤和与之呼应的红黑配色高帮运动鞋。模特摆出单肘撑在膝盖上、手触摸太阳穴的姿势，直视镜头，展现出冷静自信的神态。使用充满戏剧性的电影级光照，具有柔和的阴影、光泽的高光以及情绪化的黑色渐变背景。在模特身后，放置横跨整个背景的超大号半透明粗体排版，显示模特名字或品牌名称。在构图周围添加受现代极简UI启发的设计元素和简洁的品牌图标。包含时尚的促销文本，如""Urban Street Jersey""、""Premium Fabric""、""Grab Yours""，以及一个带有可选尺码的""Order Now""行动号召按钮。在底部，为产品类别添加优雅的手写花体字排版，如""Men’s Jersey""。整体美学应该感觉像是一场奢华时尚活动广告，流畅、具有杂志大片感，且适合Instagram品牌推广，具有高对比度、高级细节和经过打磨的商业外观。",https://opennana.com/awesome-prompt-gallery/luxury-streetwear-poster
金莲直播卖炊饼奇景,https://img.opennana.com/prompts/assets/202604/1777216195651-tqwzw49i-1777216215093-1.jpeg,"Pan Jinlian live-streaming to sell steamed buns, bullet comments scrolling ""Sister-in-law is so beautiful"" ""Ximen Qing sent a rocket gift"", Wu Dalang packing express delivery in the background","潘金莲直播带货卖炊饼，弹幕刷""嫂嫂好美""""西门庆刷火箭了""，武大郎在后台打包快递",https://opennana.com/awesome-prompt-gallery/pan-jinlian-livestream-buns
前卫奢华运动时尚大片,https://img.opennana.com/prompts/assets/202604/1777104971246-i60hp36e-1777104975787-1.jpeg,"Avant-garde sports fashion advertisement, oversized basketball posed like a monumental sculpture, female athlete reclining across the ball’s curved surface as if modern furniture, giant word “ELEVATE” in bold typography behind, burnt orange studio backdrop, glossy reflective floor, luxury athletic editorial aesthetic, cinematic lighting, ultra-clean composition, 1:1",前卫运动时尚广告，摆放如纪念性雕塑的超大号篮球，女运动员斜倚在球的曲面上，仿佛现代家具，背景有粗体排版的巨大单词“ELEVATE”，焦橙色影棚背景，光滑反光地板，奢华运动杂志美学，电影级灯光，极简干净的构图，1:1,https://opennana.com/awesome-prompt-gallery/avant-garde-luxury-sports
地铁偷拍知性眼镜大美女,https://img.opennana.com/prompts/assets/202604/1777106685147-jx1qgxjh-1777106687455-1.jpeg,"A real street photography style photo: inside a subway car, a young woman is sitting on a seat near the door, from looking down attentively at her phone, to suddenly looking at the camera. She is wearing a light pink tight camisole, a white short skirt, and white casual shoes, wearing black stockings, with long hair falling naturally, do not cover the face, wearing a pair of glasses, very intellectual. The character is located at the right one-third position of the frame. There is an obvious blurred foreground obstruction on the left side of the frame (like being blocked by other passengers), forming a candid shooting perspective and frame composition. The door and handrails form clear vertical lines, guiding the vision. The overall tone is cold-toned subway lighting, soft top light, without strong shadows. Shallow depth of field, the subject is clear, and the background is slightly blurred. The image has a little real camera graininess and slightly imperfect composition. The overall feel is like a real moment captured casually, rather than a posed shot.",一张真实街拍风格的照片：在地铁车厢内，一个年轻女性坐在靠近车门的座位上，从低头专注看手机，然后突然看了下镜头。她穿着淡粉色紧身吊带、白色短裙和白色休闲鞋，穿着黑丝袜，长发自然垂落，不要挡脸，带着一副眼镜，很知性。人物位于画面右侧三分之一位置。画面左侧有明显的模糊前景遮挡（像被其他乘客挡住），形成偷拍视角和frame构图。车门和扶手形成清晰的垂直线条，引导视觉。整体是冷色调地铁灯光，柔和顶光，没有强烈阴影。浅景深，主体清晰，背景轻微虚化。画面带一点真实相机的颗粒感和轻微不完美构图。整体感觉像随手抓拍的真实瞬间，而不是摆拍。,https://opennana.com/awesome-prompt-gallery/subway-candid-intellectual-girl
白洁职业装与JK服双形态对比,https://img.opennana.com/prompts/assets/202604/1777026744466-1zlxb08z-1777026748946-1.jpeg,,少妇白洁真人游戏Boss设定，职业装与JK服双形态对比,https://opennana.com/awesome-prompt-gallery/exploring-game-boss-two-form-costumes
日系负片慵懒夏日倒影,https://img.opennana.com/prompts/assets/202604/1777040520692-ntdgx7z6-1777040530056-1.jpeg,"Japanese negative film aesthetic, lazy summer indoor scene, soft morning daylight filtering through window, slight overexposure highlights, low contrast but rich tonal layers, muted and slightly faded colors, gentle warm skin tone, realistic skin texture with no retouching, subtle film grain, soft highlight bloom

subject lying casually on bed, body slightly stretched or softly curled, relaxed natural posture, loose lightweight clothing, hair naturally spread on pillow, face fully visible (no obstruction), head slightly tilted or upside-down relative to camera, direct eye contact with camera from this inverted angle, calm and relaxed expression, quiet and slightly distant gaze

unmade bed details, soft fabric wrinkles, light curtain moving gently, air feeling still and warm, imperfect composition (slight crop, off-center framing), subject integrated into environment, intimate but not posed

mood: quiet, slow, slightly detached, nostalgic, “memory-like realism”, as if accidentally captured in a real moment --ar 9:16","日系负片美学，慵懒的夏日室内场景，柔和的晨光透过窗户滤入，轻微过曝的高光，低对比度但丰富的色调层次，柔和且微微褪色的色彩，温和温暖的肤色，无修图的真实皮肤纹理，细腻的胶片颗粒，柔和的高光光晕

主体随意地躺在床上，身体轻微伸展或柔和蜷缩，放松自然的姿势，宽松轻便的衣物，头发自然散落在枕头上，面部完全可见（无遮挡），头部相对相机轻微倾斜或倒置，从这个倒置角度直接与相机进行眼神接触，平静放松的表情，安静且略带疏离感的注视

未整理的床铺细节，柔软的面料褶皱，轻薄的窗帘轻轻飘动，空气感觉静止且温暖，不完美的构图（轻微裁剪，偏离中心的取景），主体融入环境，亲密但不摆拍

氛围：安静、缓慢、略带疏离、怀旧、“如记忆般的写实感”，仿佛在真实的瞬间中偶然捕捉 --ar 9:16",https://opennana.com/awesome-prompt-gallery/japanese-film-lazy-summer-inverted
浓缩咖啡马提尼配方信息图,https://img.opennana.com/prompts/assets/202604/1777040360427-ife78krs-1777040365461-1.jpeg,"Ultra-clean modern cocktail recipe infographic. Showcase an Espresso Martini in a premium coupe glass, slightly angled perspective, rich dark brown liquid with thick crema foam on top. Three coffee beans placed precisely on foam surface, glossy reflections, subtle condensation on glass.

Ingredients, steps, and tips arranged in a dynamic editorial layout around the hero drink, not top-down.

Ingredients section includes minimal vector icons for vodka, coffee liqueur, fresh espresso, simple syrup, ice, and garnish. Each item includes precise measurements in ml and arranged in a structured flow that visually connects to the glass.

Steps section shows numbered preparation flow with clean arrows and bar tool icons: shaker, jigger, strainer. Steps are placed around the composition in a circular motion, guiding eye movement toward the final drink.

Additional info badges near the drink: ABV ~18%, prep time 5 min, strength high, glass type coupe.

Visual style: editorial food magazine meets luxury cocktail bar menu design. Deep espresso browns, creamy beige foam, warm neutral background, soft studio lighting, high contrast highlights on glass. Modern sans-serif typography, subtle glassmorphism panels, soft shadows, minimal clutter, premium aesthetic.

Composition: hero cocktail centered slightly off-axis. Ingredients left cluster, steps right flow, stats top corner. Clear hierarchy: drink > steps > ingredients > stats.

Ultra-crisp, high-end bar photography realism mixed with vector infographic elements. No watermark.","超干净现代鸡尾酒配方信息图。展示一杯装在优质浅碟香槟杯中的浓缩咖啡马提尼，微倾视角，浓郁的深棕色液体，顶部带有厚实的咖啡脂泡沫。三颗咖啡豆精准放置在泡沫表面，光泽反射，玻璃杯上有细微的水珠。

配料、步骤和提示以动态的排版布局排列在主饮品周围，非俯视图。

配料部分包含伏特加、咖啡利口酒、新鲜浓缩咖啡、糖浆、冰块和装饰的极简矢量图标。每项包含以毫升为单位的精确计量，并以结构化的流程排列，在视觉上与玻璃杯相连。

步骤部分展示带有简洁箭头和调酒工具图标的编号准备流程：摇酒壶、量酒器、滤冰器。步骤以圆周运动放置在构图的周围，引导视线移向最终的饮品。

饮品附近的附加信息徽章：酒精度约18%，准备时间5分钟，酒精度高，酒杯类型浅碟香槟杯。

视觉风格：美食杂志排版结合豪华鸡尾酒酒吧菜单设计。深浓缩咖啡棕色，奶油色米色泡沫，温暖的中性背景，柔和的影棚灯光，玻璃杯上高对比度的高光。现代无衬线字体排版，微妙的毛玻璃面板，柔和的阴影，极简杂乱，高级美学。

构图：主鸡尾酒居中略微偏离轴线。配料在左侧集群，步骤在右侧流动，统计数据在顶部角落。清晰的层级：饮品 > 步骤 > 配料 > 统计数据。

超清晰，高端酒吧摄影写实主义混合矢量信息图元素。无水印。",https://opennana.com/awesome-prompt-gallery/espresso-martini-recipe
最后的晚餐现代自拍风,https://img.opennana.com/prompts/assets/202604/1777040663656-32vukl7a-1777040669708-1.jpeg,"a striking and unexpected selfie of Jesus with his disciples during their final meal together before his end. The scene is lit with a soft, warm glow that illuminates the expressions of the disciples and Jesus, emphasizing the emotions and reactions of each individual. The photograph is taken using a Canon EOS 5D Mark IV camera, with a wide-angle EF 16-35mm f/2.8L III USM lens, an aperture of f/3.5, ISO 200, and a shutter speed of 1/60 sec, resulting in a sharp, high-resolution image. The composition blends the iconic arrangement of the figures with a modern twist, as Jesus, holding the camera, captures their togetherness and unity in the face of the impending events. The unique perspective adds a fresh, contemporary dimension to the religious and historical significance of the Last Supper",耶稣在与门徒们在他终结前共进最后一餐时拍摄的一张引人注目且出乎意料的自拍。场景被柔和温暖的光芒照亮，照亮了门徒和耶稣的表情，强调了每个人的情绪和反应。这张照片是使用佳能 EOS 5D Mark IV 相机拍摄的，配备广角 EF 16-35mm f/2.8L III USM 镜头，光圈为 f/3.5，ISO 200，快门速度为 1/60 秒，从而产生了一张清晰、高分辨率的图像。构图将人物的标志性排列与现代转折相融合，因为耶稣手持相机，在面对即将发生的事件时捕捉了他们的团聚和团结。独特的视角为最后的晚餐的宗教和历史意义增添了新鲜的当代维度,https://opennana.com/awesome-prompt-gallery/last-supper-modern-selfie
史诗级暗黑角色关系海报,https://img.opennana.com/prompts/assets/202604/1777102618496-imsmvp32-1777102623542-1.jpeg,"Create a premium cinematic character relationship diagram for the TV series [TV SHOW].

Use high-resolution, ultra-detailed character portraits with dramatic lighting, realistic textures, and strong emotional expressions. The image must feel rich, full, and visually dense — no empty white space, every corner should contain meaningful design, layered details, and visual storytelling.

Show clear relationship connections between characters using elegant lines, symbols, and color-coded paths for:
— family ties
— romance
— betrayal
— friendship
— alliances
— rivalries
— political influence
— secret manipulation
— revenge
— death connections
The layout should feel like a luxury collector’s edition poster, not a simple chart.
Visual style:
cinematic infographic, premium editorial design, dark elegant atmosphere, museum-quality composition, rich shadows, gold accents, subtle texture overlays, dramatic background elements related to the series world.
Include:
— large central main characters
— secondary supporting characters around them
— iconic symbols from the series integrated naturally
— subtle environmental storytelling in the background
— elegant typography for names and connection labels
Create a visually dense composition with strong focal points, dramatic contrast, rich textures, layered details, and luxurious cinematic lighting that immediately captures attention.
Design it like a premium collector’s poster people want to zoom into for minutes, discovering new details in every section.
Avoid flat design.
Avoid generic infographic style.
Make it feel like luxury visual storytelling.
Aspect ratio: 3:2
Ultra HD
Print-ready quality
Collector’s poster aesthetic","为电视剧[TV SHOW]创建一张高级电影感的角色关系图。

使用高分辨率、超细节的角色肖像，具有戏剧性的光照、逼真的纹理和强烈的情感表达。图像必须感觉丰富、饱满且视觉密度高——没有空白的白色空间，每个角落都应包含有意义的设计、层次分明的细节和视觉叙事。

使用优雅的线条、符号和颜色编码的路径来展示角色之间清晰的关系连接，用于：
— 家庭纽带
— 浪漫关系
— 背叛
— 友谊
— 联盟
— 竞争关系
— 政治影响
— 秘密操纵
— 复仇
— 死亡连接
布局应该让人感觉像是一张豪华收藏版海报，而不是一张简单的图表。
视觉风格：
电影感信息图，高级编辑设计，暗黑优雅的氛围，博物馆级构图，丰富的阴影，金色点缀，微妙的纹理叠加，与剧集世界相关的戏剧性背景元素。
包含：
— 大尺寸的中央主要角色
— 环绕在他们周围的次要配角
— 自然融入的剧集标志性符号
— 背景中微妙的环境叙事
— 用于名称和连接标签的优雅排版
创建一个视觉密度高的构图，具有强烈的焦点、戏剧性的对比、丰富的纹理、层次分明的细节和奢华的电影级光照，能够立刻吸引注意力。
将其设计成一张高级收藏版海报，让人们想要放大仔细观看几分钟，在每个部分都能发现新的细节。
避免扁平化设计。
避免通用的信息图风格。
让它感觉像奢华的视觉叙事。
宽高比：3:2
超高清
印刷就绪质量
收藏版海报美学",https://opennana.com/awesome-prompt-gallery/epic-dark-character-poster
九十年代高中教室毕业合照,https://img.opennana.com/prompts/assets/202604/1777102876041-yy77ghbz-1777102878210-1.jpeg,A graduation group photo taken in a classroom of a Chinese high school in the 1990s,,https://opennana.com/awesome-prompt-gallery/1990s-high-school-classroom-graduation
奶油色毛衣卧室镜面自拍,https://img.opennana.com/prompts/assets/202604/1777102940218-vxsurf56-1777102942609-1.jpeg,"{
  ""prompt"": {
    ""subject"": {
      ""identity"": ""Alia Bhatt lookalike"",
      ""pose"": ""kneeling on a soft gray carpet with legs spread apart and knees bent"",
      ""expression"": ""confident, relaxed, direct gaze into mirror"",
      ""action"": ""taking a mirror selfie"",
      ""framing"": ""full body visible with emphasis on upper torso and face""
    },
    ""appearance"": {
      ""makeup"": ""defined makeup with smooth skin, subtle contouring, soft blush, nude lipstick, and lightly emphasized eyes"",
      ""hair"": ""natural, slightly tousled hair falling around shoulders""
    },
    ""clothing"": {
      ""type"": ""oversized knit sweater"",
      ""color"": ""cream"",
      ""style"": ""off-shoulder on both sides"",
      ""neckline"": ""deep plunging V-neck"",
      ""details"": [
        ""pink satin ribbon bow on right sleeve cuff"",
        ""pink satin ribbon bow near bottom hem""
      ],
      ""fit"": ""loose, cozy, slightly draped""
    },
    ""accessories"": {
      ""device"": {
        ""type"": ""smartphone"",
        ""model"": ""gold iPhone Pro/Max"",
        ""case"": ""pink bubble-pop fidget case""
      }
    },
    ""environment"": {
      ""location"": ""bedroom"",
      ""background"": {
        ""bed"": ""white metal frame"",
        ""bedding"": ""rumpled white sheets and pillows""
      },
      ""walls"": ""plain light gray"",
      ""floor"": ""soft gray carpet""
    },
    ""lighting"": {
      ""type"": ""soft indoor lighting"",
      ""quality"": ""even, diffused, minimal shadows"",
      ""tone"": ""neutral to slightly warm""
    },
    ""camera"": {
      ""type"": ""mirror selfie perspective"",
      ""angle"": ""eye-level"",
      ""orientation"": ""vertical"",
      ""aspect_ratio"": ""2:3"",
      ""focus"": ""sharp focus on subject with slight background softness"",
      ""lens"": ""50mm equivalent""
    },
    ""style"": {
      ""genre"": ""social media selfie"",
      ""mood"": ""casual, confident, subtly provocative"",
      ""realism"": ""highly realistic, DSLR-quality detail"",
      ""texture"": ""natural skin texture, soft fabric detail""
    }
  }
}","{
  ""prompt"": {
    ""subject"": {
      ""identity"": ""长相酷似艾莉亚·巴特"",
      ""pose"": ""跪在柔软的灰色地毯上，双腿分开，膝盖弯曲"",
      ""expression"": ""自信，放松，直视镜子"",
      ""action"": ""拍摄镜子自拍"",
      ""framing"": ""全身可见，强调上半身和面部""
    },
    ""appearance"": {
      ""makeup"": ""精致的妆容，肌肤光滑，带有微妙的修容，柔和的腮红，裸色唇膏，以及轻轻强调的眼睛"",
      ""hair"": ""自然，略显凌乱的头发散落在肩膀周围""
    },
    ""clothing"": {
      ""type"": ""宽松针织毛衣"",
      ""color"": ""奶油色"",
      ""style"": ""两侧均露肩"",
      ""neckline"": ""深V领"",
      ""details"": [
        ""右袖口处的粉色缎面蝴蝶结"",
        ""下摆附近的粉色缎面蝴蝶结""
      ],
      ""fit"": ""宽松，舒适，微微垂坠""
    },
    ""accessories"": {
      ""device"": {
        ""type"": ""智能手机"",
        ""model"": ""金色 iPhone Pro/Max"",
        ""case"": ""粉色泡泡捏捏乐手机壳""
      }
    },
    ""environment"": {
      ""location"": ""卧室"",
      ""background"": {
        ""bed"": ""白色金属框架"",
        ""bedding"": ""揉皱的白色床单和枕头""
      },
      ""walls"": ""浅灰色素面"",
      ""floor"": ""柔软的灰色地毯""
    },
    ""lighting"": {
      ""type"": ""柔和的室内照明"",
      ""quality"": ""均匀，漫射，极少的阴影"",
      ""tone"": ""中性至微暖""
    },
    ""camera"": {
      ""type"": ""镜子自拍视角"",
      ""angle"": ""平视角度"",
      ""orientation"": ""垂直方向"",
      ""aspect_ratio"": ""2:3"",
      ""focus"": ""对主体清晰对焦，背景略微柔和"",
      ""lens"": ""50毫米等效""
    },
    ""style"": {
      ""genre"": ""社交媒体自拍"",
      ""mood"": ""随意，自信，微带挑逗"",
      ""realism"": ""高度逼真，单反画质细节"",
      ""texture"": ""自然的皮肤纹理，柔软的织物细节""
    }
  }
}",https://opennana.com/awesome-prompt-gallery/cream-sweater-bedroom-mirror
高级美食食谱海报设计,https://img.opennana.com/prompts/assets/202604/1777103986400-zu4jibhj-1777103994722-1.jpeg,"Create a premium food preparation poster for
 [ DISH NAME ], with a beautiful hero dish, warm natural lighting, cream background, elegant step-by-step recipe layout, ingredients, cooking process, premium food photography, refined English typography, luxury restaurant advertisement style, clean design, rich colors, highly detailed, visually irresistible, cinematic masterpiece.","为
 [ 菜名 ] 制作一张高级食品准备海报，搭配精美的主菜，温暖的自然光，奶油色背景，优雅的分步食谱布局，食材，烹饪过程，高级美食摄影，精致的英文排版，豪华餐厅广告风格，干净的设计，丰富的色彩，高度详细，视觉上无法抗拒，电影级杰作。",https://opennana.com/awesome-prompt-gallery/premium-food-recipe-poster
超写实耐克低帮鞋悬浮特写,https://img.opennana.com/prompts/assets/202604/1777136431616-aoszobqy-1777136443074-1.jpeg,"A hyperrealistic Nike sneaker advertisement shot in a dark, moody editorial style. A male leg wearing crisp white athletic crew socks with subtle Nike logo detail is suspended mid-air against a near-black charcoal background, angled diagonally toward the camera at a bold 45-degree perspective. The sneaker — a Nike low-top silhouette featuring a clean two-tone colorway of glacier teal suede panels and off-white tumbled leather, with an iridescent chrome Swoosh catching ambient light — dominates the lower two-thirds of the frame.
The composition uses shallow depth of field with sharp focus on the shoe and soft blur on the upper leg. The background is layered with subtle urban texture - faint graffiti strokes in electric yellow and muted olive, barely visible through a heavy dark vignette. Multiple rows of ultra-small all-caps typographic text orbit the sneaker at different angles, reading phrases like ""THE ONLY LIMITS ARE THE ONES YOU SET FOR YOURSELF"" - evoking motion, speed, and energy. Some text runs vertically, some at 30-degree angles, giving the composition a chaotic yet intentional graphic design feeling.
At the upper right, the bold Nike wordmark and Swoosh logo appear in clean white against the dark background. At the top center, a thin horizontal navigation-style text bar reads: ""PURE COMFORT · ALWAYS AHEAD · THE FUTURE IS NOW"" in spaced all-caps serif font. A large, commanding headline is placed center-right in contrasting weight typography - ""MOVE"" in massive ultra-bold white letters followed by ""BEYOND"" in lighter weight, creating dramatic type hierarchy.
Small yellow plus (+) symbols and diagonal arrows (↗) are scattered throughout the composition as accent details, adding a contemporary graphic zine aesthetic. Bottom left features a bold brand slogan lockup: ""DEFINE YOUR STRIDE"" in large bold sans-serif white text with a thin subline: ""An inspiring reminder that speed is a mindset. Every step forward is a statement."" The overall lighting is dramatic and directional - a single cold key light from the left, causing the Swoosh to shimmer and the white leather to glow against the darkness. Photorealistic. Commercial photography quality. High contrast. 4K resolution, 3:4 vertical format optimized for social media.","一张以暗黑、情绪化社论风格拍摄的超写实耐克运动鞋广告。一条穿着挺括白色运动船袜且带有微妙耐克标志细节的男性腿部在接近黑色的炭灰色背景下悬停在半空中，以大胆的45度视角斜向镜头。这双运动鞋——一款耐克低帮轮廓，采用冰川蓝绿麂皮面板和灰白翻毛皮的干净双色调配色，带有捕捉环境光的虹彩铬色Swoosh标志——占据了画面的下半部分三分之二。
构图使用浅景深，鞋子保持清晰对焦，大腿部分呈现柔和模糊。背景分层带有微妙的都市质感——电黄色和柔和橄榄色的隐约涂鸦笔触，透过浓重的暗角几乎难以察觉。多行超小的全大写字体排版文本以不同角度环绕运动鞋，阅读诸如""THE ONLY LIMITS ARE THE ONES YOU SET FOR YOURSELF""之类的短语——唤起运动、速度和能量。一些文字垂直排列，一些以30度角排列，赋予构图一种混乱却刻意的平面设计感觉。
在右上方，醒目的耐克字标和Swoosh标志在深色背景下以纯净的白色出现。在顶部中心，一个细长的水平导航风格文本栏显示：""PURE COMFORT · ALWAYS AHEAD · THE FUTURE IS NOW""，采用间距较大的全大写衬线字体。一个庞大且引人注目的标题放置在中心偏右侧，采用对比字重排版——""MOVE""以巨大的超粗体白色字母呈现，随后是较细字重的""BEYOND""，创造出戏剧性的字体层级。
小黄色加号（+）符号和对角线箭头（↗）散布在整个构图中作为点缀细节，增添了当代平面杂志的美学感。左下角展示了醒目的品牌标语组合：""DEFINE YOUR STRIDE""以大号粗体无衬线白色文本呈现，配有一条细副标题：""An inspiring reminder that speed is a mindset. Every step forward is a statement."" 整体光线具有戏剧性和方向性——来自左侧的一盏冷色调主灯，导致Swoosh标志闪烁，白色皮革在黑暗中发光。照片写实。商业摄影质量。高对比度。4K分辨率，3:4垂直格式，针对社交媒体进行了优化。",https://opennana.com/awesome-prompt-gallery/hyperrealistic-nike-low-top-shot
路易威登风格奢华夏日杂志封面,https://img.opennana.com/prompts/assets/202604/1777136248904-nc57ndua-1777136255924-1.jpeg,"Ultra high-fashion magazine cover, Louis Vuitton -style editorial. Close-up portrait of a confident woman with soft rose-gold hair and natural airy bangs, slightly wind-blown for movement. She is wearing a luxury summer outfit: a structured lightweight linen or silk jacket in warm golden-yellow tones, layered over a modest high-neck top, paired with a bold gold choker necklace and subtle statement earrings.
Fabric flows naturally with a summer breeze, slightly textured and breathable, capturing a premium seasonal feel. Styling is elegant, modest, and refined — no revealing clothing.
Lighting is high-end studio mixed with natural golden hour glow: warm highlights, soft shadows, luminous skin with glossy editorial finish.
Background is a rich summer gradient (sunset gold fading into soft coral or warm beige), clean but visually striking.
Composition is dynamic and slightly cinematic: hair in motion, shallow depth of field, sharp focus on face.
Typography: large elegant serif masthead “ Louis Vuitton ” at the top, bold cover line “YOUR CHOICE ENDS HERE” in premium editorial layout, minimal supporting text.
Ultra-realistic, hyper-detailed skin texture, 8K resolution, sharp focus, glossy magazine print quality, cinematic color grading, luxury fashion photography, no nudity, tasteful and editorial.","超高级时尚杂志封面，路易威登风格大片。一位自信女性的特写肖像，拥有柔和的玫瑰金头发和自然轻盈的刘海，微风吹拂带来动感。她穿着奢华的夏季套装：一件结构感强的轻盈亚麻或丝绸外套，呈温暖的金黄色调，叠穿在一件端庄的高领上衣外，搭配一条大胆的金色颈链和低调但引人注目的耳环。
面料随着夏日微风自然飘动，略带纹理且透气，捕捉到高级的季节感。造型优雅、端庄且精致——没有暴露的服装。
灯光是高端工作室灯光与自然黄金时刻光晕的混合：温暖的高光，柔和的阴影，发光的肌肤呈现光泽感的大片效果。
背景是丰富的夏季渐变（日落金色褪入柔和的珊瑚色或温暖的米色），干净但在视觉上引人注目。
构图充满动感且略带电影感：头发在运动中，浅景深，面部锐利对焦。
排版：顶部有大型优雅的衬线体刊头“ Louis Vuitton ”，高级大片布局中醒目的封面语“YOUR CHOICE ENDS HERE”，极简的辅助文字。
超写实，超精细的皮肤纹理，8K分辨率，锐利对焦，光泽感杂志印刷质量，电影级调色，奢华时尚摄影，无裸露，品味高雅且具大片感。",https://opennana.com/awesome-prompt-gallery/louis-vuitton-summer-cover
甄嬛传像素养成游戏概念图,https://img.opennana.com/prompts/assets/202604/1777104935514-r2b8siqo-1777104941636-1.jpeg,"Empresses in the Palace TV drama theme portrait nurturing game concept art, including global scene content, surrounded by character image three-view drawings, bottom is scene close-up, bottom right corner is plot summary",甄嬛传 电视剧主题 像素养成类游戏概念图，包括 场景全局内容，周围环绕各人物形象三视图，底部是场景特写，右下角是剧情梗概,https://opennana.com/awesome-prompt-gallery/empresses-in-palace-game-concept
十古佛角色卡牌展示,https://img.opennana.com/prompts/assets/202604/1777104542228-exsheyp4-1777104552807-1.jpeg,Generate an image of the Ten Ancient Buddhas using a card character showcase style,,https://opennana.com/awesome-prompt-gallery/ten-ancient-buddhas-card
春日花田里的俏皮少女,https://img.opennana.com/prompts/assets/202604/1777104508808-n3b2tjz2-1777104513430-1.jpeg,"A bright, playful spring aesthetic photo collage in a 3-panel vertical layout (3:4 ratio) featuring a cheerful young woman in a blooming flower field.
Scene & composition:
Location: wide open field filled with yellow flowers (rapeseed/canola flowers), under a clear blue sky
Lighting: strong natural daylight, slightly overexposed highlights, vibrant and fresh
Panels:
Top panel: back view of the girl standing in the flower field, arms stretched wide, wearing a straw hat, expressing freedom and joy; handwritten doodle-style text floating in the sky
Middle panel: close-up of her smiling brightly, resting her face on her hand, with one hand reaching toward the camera (forced perspective), a small flower sticker on her finger
Bottom panel: low-angle playful shot, she leans forward toward the camera making a peace sign, surrounded by flowers, with cute doodle elements around her fingers
Subject:
Young woman, soft natural makeup, glowing skin
Short to medium wavy hair, slightly tousled
Expressive, cheerful, lively personality
Wardrobe & styling:
Light green t-shirt layered under a soft yellow slip dress
Straw hat with soft fabric ties under the chin
Spring color palette: yellow, light green, sky blue
Visual style:
Bright, airy, high saturation but soft tones
Slight film/digital hybrid look (clean but nostalgic)
Soft glow, gentle blur in highlights
Playful composition with forced perspective (hand close to lens)
Cute doodles: flowers, smiley faces, hand-drawn icons
Handwritten-style text in the sky (white, sketch-like)
Mood & keywords: spring core, youthful, playful, carefree, sunshine, dreamy, fresh, cute, Korean/Japanese magazine vibe, lifestyle editorial.","一张明亮、俏皮的春日美学照片拼贴画，采用三格垂直布局（3:4比例），以一个在盛开花田中的快乐年轻女子为特色。
Scene & composition:
Location: 开满黄色花朵（油菜花）的广阔田野，在晴朗的蓝天下
Lighting: 强烈的自然日光，轻微过曝的高光，充满活力且清新
Panels:
Top panel: 女孩站在花田中的背面，双臂向两侧伸展，戴着一顶草帽，表达自由与喜悦；天空中漂浮着手绘涂鸦风格的文字
Middle panel: 她灿烂微笑的特写，手托着脸颊，一只手伸向镜头（强迫透视），手指上有一朵小花贴纸
Bottom panel: 低角度俏皮镜头，她身体前倾向着镜头比出剪刀手，被花朵环绕，手指周围有可爱的涂鸦元素
Subject:
年轻女子，柔和的自然妆容，发光的肌肤
短到中等长度的波浪发，略显凌乱
富有表现力，开朗，活泼的性格
Wardrobe & styling:
浅绿色T恤叠穿在柔和的黄色吊带裙下
草帽，下巴下系着柔软的布带
春日调色板：黄色，浅绿色，天蓝色
Visual style:
明亮，通风，高饱和度但色调柔和
轻微的胶片/数码混合外观（干净但怀旧）
柔和的光晕，高光处轻微模糊
俏皮的构图搭配强迫透视（手靠近镜头）
可爱的涂鸦：花朵，笑脸，手绘图标
天空中的手写风格文字（白色，素描般）
Mood & keywords: 春日核心，青春，俏皮，无忧无虑，阳光，梦幻，清新，可爱，韩日杂志感，生活方式大片。",https://opennana.com/awesome-prompt-gallery/spring-flower-field-girl
保时捷宝马竞速海报,https://img.opennana.com/prompts/assets/202604/1777180668347-6y2zyoq6-1777180676099-1.jpeg,"FORMAT:
4:5 vertical social poster, ultra high resolution, 8K

SCENE / BACKGROUND:
Flat racing yellow with subtle gradient (light → deep amber)
Grain texture 2–3%
Soft rectangular overlays at 3% opacity

PRODUCT:
Porsche 911 GT3 RS
Gloss yellow with carbon details
Rear 3/4 angle, slightly elevated
Wing dominant

Position:
Right of center

TYPOGRAPHY:
“PORSCHE”
Ultra tall, condensed, stretched
Deep charcoal

Secondary:
“PORSCHE 911 GT3 RS”

EDITORIAL:
“Porsche — Where Precision Meets Passion”

Focus:
engineering, obsession, track DNA

FADED TEXT:
“GT3 RS” at 3–5%

SPECS:
386 kW / 525 PS
3.2 s
296 km/h

LIGHTING:
Clean studio, sharp highlights

MOOD:
Precision.
Iconic.
Timeless performance.

FORMAT:
4:5 vertical social poster, ultra high resolution, 8K, print-quality sharpness

SCENE / BACKGROUND:
Flat, high-saturation BMW blue background

Gradient:
Top → slightly lighter electric blue
Bottom → deep navy blue

Surface:
- Subtle grain texture (2–3%)
- Faint rectangular overlays (2–4% opacity)
- Clean, graphic — no realism

Shadow:
Soft contact shadow under car

PRODUCT (CAR):
BMW M4 CSL

Color:
Matte frozen blue / deep metallic navy

Angle:
Rear 3/4 perspective (IMPORTANT — match Porsche angle for consistency)
Slightly elevated camera

Position:
Slightly right of center

Details:
- Carbon roof visible
- Aggressive diffuser
- Sharp reflections
- Subtle brake detail

COMPOSITION:
IDENTICAL to Porsche:
Top → branding
Middle → giant type
Center → car overlap
Bottom → editorial + specs

TYPOGRAPHY:

PRIMARY:
“BMW”

Style:
Ultra condensed bold sans serif
Tall vertical scaling (same as Porsche)

Color:
Deep navy / near black

Behavior:
Static (NO distortion — unlike previous version)
Acts as structural backdrop

SECONDARY HEADER:
“BMW M4 CSL”
Thin, wide tracking

LOGO AREA:
BMW roundel centered above

EDITORIAL BLOCK:

Headline:
“BMW — Where Driving Becomes Instinct”

Body:
Focus on:
- driver connection
- control
- performance precision

Boxed layout, same structure as Porsche

FADED TEXT:
“CSL” large, 3–5% opacity behind box

BOTTOM LEFT:
“M4 CSL”

BOTTOM RIGHT SPECS:

405 kW / 550 PS
3.4 s
307 km/h

LIGHTING:
Clean studio lighting
Sharp but controlled highlights

COLOR GRADING:
Deep blues, high contrast, clean blacks

CAMERA:
50mm, slightly elevated rear 3/4

MOOD:
Performance.
Precision.
Driver focus.","FORMAT:
4:5 垂直社交海报，超高分辨率，8K

SCENE / BACKGROUND:
纯平竞速黄带有微妙渐变（浅 → 深琥珀色）
颗粒纹理 2–3%
柔和的矩形叠加层，不透明度 3%

PRODUCT:
保时捷 911 GT3 RS
光泽黄搭配碳纤维细节
后部 3/4 角度，轻微抬高
尾翼突出

Position:
偏右居中

TYPOGRAPHY:
“PORSCHE”
超高、紧凑、拉伸
深炭灰色

Secondary:
“PORSCHE 911 GT3 RS”

EDITORIAL:
“保时捷 — 精准与激情的交汇”

Focus:
工程，执念，赛道基因

FADED TEXT:
“GT3 RS” 3–5% 不透明度

SPECS:
386 kW / 525 PS
3.2 s
296 km/h

LIGHTING:
干净的工作室，锐利的高光

MOOD:
精准。
标志性。
永恒的性能。

FORMAT:
4:5 垂直社交海报，超高分辨率，8K，印刷级锐度

SCENE / BACKGROUND:
纯平、高饱和度的宝马蓝背景

Gradient:
顶部 → 略浅的电光蓝
底部 → 深海军蓝

Surface:
- 微妙的颗粒纹理（2–3%）
- 隐约的矩形叠加层（2–4% 不透明度）
- 干净、图形化 — 无写实感

Shadow:
车底柔和的接触阴影

PRODUCT (CAR):
宝马 M4 CSL

Color:
哑光冰冻蓝 / 深金属海军蓝

Angle:
后部 3/4 透视（重要 — 与保时捷角度保持一致）
摄像机轻微抬高

Position:
偏右居中

Details:
- 可见的碳纤维车顶
- 具有攻击性的扩散器
- 锐利的反射
- 微妙的刹车细节

COMPOSITION:
与保时捷相同：
顶部 → 品牌标识
中部 → 巨型文字
中心 → 汽车重叠
底部 → 编辑排版 + 规格

TYPOGRAPHY:

PRIMARY:
“BMW”

Style:
超紧凑粗体无衬线字体
高垂直缩放（与保时捷相同）

Color:
深海军蓝 / 接近黑色

Behavior:
静态（无扭曲 — 与之前的版本不同）
作为结构背景

SECONDARY HEADER:
“BMW M4 CSL”
细体，宽字距

LOGO AREA:
宝马圆形车标居中于上方

EDITORIAL BLOCK:

Headline:
“宝马 — 驾驶成为本能之处”

Body:
重点关注：
- 驾驶者连接
- 控制
- 性能精准度

方框布局，与保时捷结构相同

FADED TEXT:
“CSL” 大尺寸，在方块后方 3–5% 不透明度

BOTTOM LEFT:
“M4 CSL”

BOTTOM RIGHT SPECS:

405 kW / 550 PS
3.4 s
307 km/h

LIGHTING:
干净的工作室照明
锐利但受控的高光

COLOR GRADING:
深蓝色，高对比度，干净的黑场

CAMERA:
50mm，轻微抬高的后部 3/4 视角

MOOD:
性能。
精准。
驾驶者专注。",https://opennana.com/awesome-prompt-gallery/porsche-bmw-racing-poster
清晨初醒的温柔早安问候,https://img.opennana.com/prompts/assets/202604/1777106428575-26sj5p11-1777106436961-1.jpeg,"Vertical Japanese lifestyle candid shot in realistic photography style, first-person POV. Early morning bedroom, the camera is positioned at pillow height as an adult male just woke up in bed, only showing the view he sees lying down and looking up, do not show third-person camera angles. Adult girlfriend's hands naturally resting on the bed or on both sides of the pillow, as if she just leaned over to say good morning, close to the top of the frame but with a relaxed posture. She has a delicate and pretty face, long straight black hair falling naturally, hair slightly messy, looking at the camera with a gentle, relaxed, slightly sleepy smile typical of just waking up. She wears light-colored thin cotton summer loungewear, fresh and everyday, not revealing, not deliberately sexualized, the atmosphere is intimate but natural. The line of sight just after waking up has a slight out-of-focus feeling, not a completely sharp commercial portrait. Soft scattered light from the window in the early morning passes through light-colored curtains, white bedding is slightly wrinkled, the foreground has blurred edges of a quilt or pillow, close-up shallow depth of field makes the girlfriend's face and eyes gradually become the visual focus. Low contrast, slight soft focus, delicate bleeding in highlights, realistic skin tone, overall bright, clean, hazy, gentle, like a momentary glimpse accidentally seen after waking up in real life. Avoid overly heavy dreamy filters, AI feel, anime feel, plastic skin, excessive skin smoothing, deformed fingers, incorrect body structure, stiff expressions, nudity and vulgar poses.","真人摄影风格的竖幅日系生活抓拍，第一人称 POV。清晨卧室，镜头位于成年男生刚在床上醒来时的枕头高度，只呈现他躺着仰视看到的画面，不要出现第三人称机位。

成年女友双手自然撑在床面或枕头两侧，像刚俯身过来说早安，靠近镜头上方但姿态放松。她面容清秀漂亮，黑色长直发自然垂落，发丝略微凌乱，带着刚起床时温柔、轻松、带一点睡意的微笑看向镜头。她穿浅色薄棉夏季家居服，清爽日常，不暴露，不刻意性感化，氛围亲密但自然。

刚醒来的视线有轻微未对焦感，不是完全锐利的商业写真。清晨窗边柔和散射光穿过浅色窗帘，白色床品略有褶皱，前景有模糊的被子或枕头边缘，近距离浅景深让女友的脸和眼神逐渐成为视觉焦点。低对比度，轻微柔焦，高光有细腻晕染，肤色真实，整体明亮、干净、朦胧、温柔，像真实生活中醒来后偶然看到的一瞬间。

避免梦幻滤镜过重、AI 感、动漫感、塑料皮肤、过度磨皮、畸形手指、错误肢体结构、表情僵硬、裸露和低俗姿势。",https://opennana.com/awesome-prompt-gallery/morning-greeting
路易威登奢华时尚插画,https://img.opennana.com/prompts/assets/202604/1777105966829-n2vj7lyh-1777105970455-1.jpeg,"A luxury fashion illustration in Louis Vuitton advertisement style. A stylish young woman in side profile walking forward, holding a designer monogram handbag. Her face is soft, detailed, with short wavy black hair, natural makeup, slightly glossy lips, and subtle freckles. She wears a black high-neck top with a light beige elegant jacket and matching pleated pants. Minimal gold jewelry (small hoop earrings and a delicate necklace).

The artwork is semi-realistic illustration with clean line art and soft shading, high detail. Background is minimal white with a soft pastel gradient shadow silhouette behind her (blue fading into warm beige), including subtle luxury monogram pattern elements inside the shadow.

Centered composition, high-end editorial fashion aesthetic, modern, elegant, premium branding style. Add bold “LV” logo in center and “LOUIS VUITTON” text below in clean typography.

Soft lighting, smooth textures, refined color palette, ultra high quality.","一幅路易威登广告风格的奢华时尚插画。一位时尚的年轻女性以侧面轮廓向前行走，手里拿着一个设计师经典老花手提包。她的脸庞柔和且细节丰富，留着短卷黑发，化着自然妆容，嘴唇略带光泽，并带有淡淡雀斑。她穿着一件黑色高领上衣，搭配浅米色优雅外套和相配的百褶裤。极简的金色首饰（小号圆圈耳环和一条精致的项链）。

该作品是半写实插画，具有干净的线稿和柔和的阴影，细节高度丰富。背景是极简的白色，她身后带有柔和的粉彩渐变阴影剪影（蓝色渐变为暖米色），阴影内部包含微妙的高级经典老花图案元素。

居中构图，高端杂志大片时尚美学，现代，优雅，高级品牌风格。在中心添加醒目的“LV”标志，下方使用干净的排版添加“LOUIS VUITTON”文字。

柔和的光线，平滑的纹理，精致的调色板，超高质量。",https://opennana.com/awesome-prompt-gallery/louis-vuitton-luxury-fashion-illustration
硅谷AI创业飞行棋全览,https://img.opennana.com/prompts/assets/202604/1777105585823-j7xuvmwd-1777105590832-1.jpeg,"Design a flying chess based on the classic lifecycle plot of Silicon Valley AI startups, clearly draw the complete board, pay attention to details, appropriately add plot illustrations at suitable checkpoints, for entrepreneurs, write the game rules in the bottom left corner",基于 硅谷 AI 创业公司 经典生命周期 剧情 设计一款飞行棋，清晰绘制完整棋布，注意细节，可以适当加上剧情配图在合适关卡，面向创业者的，左下角写游戏规则,https://opennana.com/awesome-prompt-gallery/silicon-valley-ai-startup-chess
稻田里的印度美女喝咖啡,https://img.opennana.com/prompts/assets/202604/1777106756415-2emk15ji-1777106758560-1.jpeg,"Ultra-realistic 8K cinematic portrait of a beautiful 25-year-old Indian woman with warm tan skin, long slightly messy dark brown wet hair, and a soft playful smile. She has a curvy figure and is wearing a yellow and navy blue geometric knit top with thin straps and plunging V-neck, blue low waist jeans shorts and black canvas sneakers. She is sitting relaxed in lush green rice paddies and a big mountain in the background. She is holding a coffee cup full of hot coffee. Golden morning sunlight with god rays, shallow depth of field, creamy bokeh, highly detailed skin texture, natural lighting, sharp focus on her face and body. Photorealistic, professional portrait photography.",超写实8K电影级人像，一位美丽的25岁印度女性，有着温暖的棕褐色肌肤，长长微乱的深棕色湿发，和一个温柔俏皮的微笑。她身材曲线优美，穿着一件黄蓝相间的几何图案针织上衣，带有细肩带和深V领，蓝色低腰牛仔短裤和黑色帆布鞋。她轻松地坐在葱郁的绿色稻田里，背景是一座大山。她拿着一个装满热咖啡的咖啡杯。金色的晨光伴随着上帝之光，浅景深，奶油般的散景，高度详细的皮肤纹理，自然光线，面部和身体锐利对焦。照片写实，专业人像摄影。,https://opennana.com/awesome-prompt-gallery/indian-beauty-rice-paddy-coffee
粉发少女与高级头戴式耳机海报,https://img.opennana.com/prompts/assets/202604/1777136348372-qru23h27-1777136357629-1.jpeg,"High-impact e-commerce infographic for ""Apple Pods Pro 3"" 
premium wireless over-ear headphones.

FOREGROUND - PRODUCT HERO SHOT
Extreme close-up of a hand holding a sleek, 
matte-white premium over-ear headphone toward the camera 
at a slight angle. The headphone features:
- Glossy white ear cushions with soft memory foam padding
- Brushed aluminum silver headband with subtle Apple Pods 
  Pro 3 embossed branding
- Black mesh speaker grille visible on the ear cup face
- A tiny glowing green LED status indicator on the 
  right ear cup edge
- Subtle touch-control icons etched on the outer cup surface

Macro-lens shallow depth of field — hand and headphone 
slightly blurred at edges to create cinematic depth. 
Product remains razor-sharp in center frame.

CENTRAL SUBJECT — MODEL
In the mid-ground: a smiling young woman with freckles 
and wavy pastel-pink hair. She wears:
- A vibrant lime-green knit beanie
- A psychedelic black and white-striped long-sleeve shirt
- The white over-ear headphones resting stylishly 
  around her neck (not on ears) — one hand casually 
  touching the ear cup

Expression: relaxed, confident, joyful. 
She is glancing slightly off-camera with a natural smile.

BACKGROUND & ATMOSPHERE
Clean soft-focus studio backdrop — light gray gradient 
fading to warm white at center. 

Atmospheric overlays:
- Diagonal rainbow prism lens flares cutting across 
  upper-left to lower-right
- Soft pastel light leaks in pink and yellow at corners
- 4–5 blurred white over-ear headphones floating 
  artistically in the background at various depths 
  and rotation angles
- Subtle bokeh circles from background studio lights

Lighting: Soft professional three-point studio lighting. 
Key light from upper-left, fill light right side. 
Rim light behind model for separation. 
Glossy highlights on headphone surfaces catching light naturally.

TYPOGRAPHY & LAYOUT — Sans-Serif, Clean white 
TOP CENTER (behind model, large background text):
→ Massive bold oversized text: ""HEADPHONES""
   Semi-transparent white, spanning full width behind subject

TOP RIGHT CORNER:
→ Bold clean text: ""Apple Pods Pro 3""
   Subtitle smaller text: ""Over-Ear Wireless""

MID LEFT:
→ Icon: small sound wave symbol
→ Bold text: ""Premium Sound""
→ Sub-text: ""Active Noise Cancellation + Transparency Mode""

MID RIGHT:
→ Extra-large bold numeral: ""40""
→ Smaller text below: ""hours of battery life""

LOWER LEFT:
→ Extra-large bold numeral: ""0""
   with ""to"" beside it → then bold ""100%""
→ Sub-text: ""Fast charge — 10 min = 3hrs playback""

BOTTOM RIGHT:
→ Extra-large bold numeral: ""1""
→ Sub-text: ""Year Warranty Included""

BOTTOM CENTER (fine print style):
→ Small elegant text: 
   ""Bluetooth 5.4  |  Hi-Res Audio Certified  
    |  Foldable Design  |  USB-C Charging""

TECHNICAL SPECS
Resolution: 8K ultra-sharp
Style: Commercial product photography meets 
       editorial fashion advertising
Color Palette: White, lime green, pastel pink, 
               rainbow prism accents
Focus: Tack-sharp on headphone product — 
       shallow DOF on everything else
Lens: 85mm macro, slight low angle
Render Quality: Hyperrealistic, clean ad aesthetic, 
                vibrant yet professional color grading","“Apple Pods Pro 3”高级无线头戴式耳机的高冲击力电商信息图。

前景 - 产品主图
极度特写一只手将光滑的哑光白色高级头戴式耳机以微微倾斜的角度朝向镜头。耳机具有以下特征：
- 带有柔软记忆棉垫的光滑白色耳垫
- 带有微妙Apple Pods Pro 3浮雕品牌标识的拉丝铝银色头带
- 耳罩表面可见的黑色网状扬声器格栅
- 右侧耳罩边缘的一个微小发光的绿色LED状态指示灯
- 外侧耳罩表面蚀刻的微妙触控图标

微距镜头浅景深 —— 手和耳机边缘微微模糊以创造电影般的景深。产品在画面中心保持如刀割般锐利。

中心主体 — 模特
在中景：一位微笑着的长有雀斑和波浪状柔和粉色头发的年轻女性。她穿着：
- 一顶充满活力的青柠绿针织冷帽
- 一件迷幻的黑白条纹长袖衬衫
- 白色头戴式耳机时尚地挂在她的脖子上（未戴在耳朵上）—— 一只手随意地触摸着耳罩

表情：放松、自信、欢乐。她带着自然的微笑稍微将目光移出镜头。

背景与氛围
干净的柔焦工作室背景 —— 浅灰色渐变在中心淡化为暖白色。

氛围叠加层：
- 从左上角到右下角斜向切入的彩虹棱镜镜头光晕
- 角落处粉黄色柔和的粉彩漏光
- 4到5个模糊的白色头戴式耳机以不同的景深和旋转角度在背景中艺术性地漂浮着
- 背景工作室灯光产生的微妙光斑圆圈

灯光：柔和的专业三点式工作室照明。主光源来自左上方，右侧有辅助光。模特身后有边缘光以区分层次。耳机表面的光泽高光自然地捕捉到光线。

字体排版与布局 — 无衬线字体，干净的白色
顶部中心（模特身后，大型背景文本）：
→ 超大号粗体超大文本：""HEADPHONES""
   半透明白色，在主体后方跨越全宽

右上角：
→ 粗体干净文本：""Apple Pods Pro 3""
   副标题较小文本：""Over-Ear Wireless""

中部左侧：
→ 图标：小型声波符号
→ 粗体文本：""Premium Sound""
→ 子文本：""Active Noise Cancellation + Transparency Mode""

中部右侧：
→ 超大型粗体数字：""40""
→ 下方较小文本：""hours of battery life""

左下角：
→ 超大型粗体数字：""0""
   旁边带有""to"" → 然后是粗体""100%""
→ 子文本：""Fast charge — 10 min = 3hrs playback""

右下角：
→ 超大型粗体数字：""1""
→ 子文本：""Year Warranty Included""

底部中心（小字体样式）：
→ 小型优雅文本：
   ""Bluetooth 5.4  |  Hi-Res Audio Certified  
    |  Foldable Design  |  USB-C Charging""

技术规格
分辨率：8K超清晰
风格：商业产品摄影结合时尚杂志广告
调色板：白色，青柠绿，柔和粉色，彩虹棱镜点缀
焦点：耳机产品极其锐利 —— 其他一切均为浅景深
镜头：85mm微距，轻微低角度
渲染质量：超写实，干净的广告美学，充满活力且专业的色彩调色",https://opennana.com/awesome-prompt-gallery/pink-girl-premium-headphone-poster
房屋风水八卦深度解析图,https://img.opennana.com/prompts/assets/202604/1777180160616-fdjdb8bh-1777180164902-1.jpeg,A detailed Feng Shui Bagua breakdown diagram for the decoration and furniture style in the image,为图片中的装修及家具风格进行详细的风水八卦折解图,https://opennana.com/awesome-prompt-gallery/house-feng-shui-bagua-analysis
摩登游客漫游阿尔及利亚艺术海报,https://img.opennana.com/prompts/assets/202604/1777180740057-qtfxmbvr-1777180752922-1.jpeg,"Create a stylized travel poster / graphic collage for [ALGERIA]. The main subject should be a stylish international tourist visiting [ALGERIA], clearly presented as a traveler and not a local resident. Show the tourist wearing modern travel fashion, with details such as a camera, backpack, sunglasses, map, or suitcase, exploring the culture and atmosphere of [ALGERIA]. Place the tourist in a dynamic composition surrounded by iconic architecture, streets, landscapes, landmarks, transportation, food, signage, and cultural elements associated with [ALGERIA]. Blend realistic character detail with a graphic collage background made of layered paper textures, torn poster edges, sticker elements, halftone dots, editorial typography, and bold geometric shapes. Include authentic visual motifs from [ALGERIA], but keep the tourist’s appearance and styling globally fashionable and clearly foreign to the setting. Add a large readable headline: “VISIT [ALGERIA]”. Modern, artistic, premium editorial travel poster aesthetic, balanced layout, print-worthy composition.",为[ALGERIA]创建一张风格化的旅行海报/图形拼贴画。主要主体应该是一位访问[ALGERIA]的时尚国际游客，明确呈现为旅行者而不是当地居民。展示这位游客穿着现代旅行时尚装束，带有相机、背包、太阳镜、地图或手提箱等细节，探索[ALGERIA]的文化和氛围。将游客置于动态构图中，周围环绕着与[ALGERIA]相关的标志性建筑、街道、景观、地标、交通、美食、标志和文化元素。将逼真的人物细节与由分层纸张纹理、撕裂的海报边缘、贴纸元素、半调网点、编辑排版和大胆几何形状制成的图形拼贴背景融合在一起。包含来自[ALGERIA]的真实视觉图案，但保持游客的外貌和造型具有全球时尚感，并且明显与该环境格格不入。添加一个大号易读的标题：“VISIT [ALGERIA]”。现代、艺术、高级编辑旅行海报美学，平衡的布局，值得印刷的构图。,https://opennana.com/awesome-prompt-gallery/modern-tourist-algeria-poster
超饱和卡通剪纸立体模型,https://img.opennana.com/prompts/assets/202604/1777182590673-w7ud8gzx-1777182595637-1.jpeg,"{
  ""VARIABLE"": ""[CARTOON_SHOW_NAME]"",
  ""concept"": ""Hyper-saturated physical paper cut-out diorama of the world of [CARTOON_SHOW_NAME] — maximalist, eye-level dead-center straight-on view, bleed-to-edge, no outer frame, no border, no tray"",
  ""style"": {
    ""medium"": ""thick layered cardstock — every depth plane physically stacked, hard knife-cut silhouette edges with exposed cross-sections at every layer break"",
    ""texture"": ""matte fibrous paper grain visible on all surfaces, no gloss, no sheen"",
    ""approach"": ""maximalist composition — every depth plane densely packed with characters, props, architecture and world-specific items from [CARTOON_SHOW_NAME]""
  },
  ""palette"": {
    ""rule"": ""Extract the 3 most iconic colors from [CARTOON_SHOW_NAME] as dominant hues, extract 3 secondary signature colors as accents"",
    ""saturation"": ""nuclear maximum — every hue pushed to absolute vivid limit"",
    ""finish"": ""matte throughout — no metallic, no gloss, no reflective surfaces regardless of subject matter""
  },
  ""depth_planes"": {
    ""rule"": ""Build exactly 8 stacked depth planes from the world of [CARTOON_SHOW_NAME] as follows:"",
    ""foreground_base"": ""Small iconic props, collectibles, and world-items from [CARTOON_SHOW_NAME] scattered and crowding the base plane edge"",
    ""layer_2"": ""The single most iconic protagonist character from [CARTOON_SHOW_NAME] as the central figure — frozen mid-signature-action, built entirely from stacked paper geometry"",
    ""layer_3"": ""The 2–3 closest supporting characters from [CARTOON_SHOW_NAME] each occupying their own isolated depth card, frozen mid-characteristic-pose"",
    ""layer_4"": ""The primary antagonist or rival from [CARTOON_SHOW_NAME] as a dominant stacked paper silhouette on an isolated depth card"",
    ""layer_5"": ""The most iconic building or location interior from [CARTOON_SHOW_NAME] — rendered as layered paper architectural strips with punched-void windows and doors"",
    ""layer_6"": ""Secondary characters and crowd figures from [CARTOON_SHOW_NAME] as flat die-cut paper silhouettes threading between architectural layers"",
    ""layer_7"": ""Signature special effects, powers, or world-specific phenomena from [CARTOON_SHOW_NAME] as concentric paper ring cutouts or radiating die-cut shapes"",
    ""background_layer_8"": ""Skyline, landscape, or world-panorama silhouette from [CARTOON_SHOW_NAME] as a monochrome cut-panel — progressively lighter paper tone""
  },
  ""lighting"": {
    ""type"": ""single-direction hard studio key light only"",
    ""angle"": ""top-left, 45 degrees"",
    ""shadow"": ""crisp, deep, hard drop-shadows between every physical paper layer — shadow depth must visually communicate the stacking distance"",
    ""NO"": [
      ""glow"",
      ""bloom"",
      ""soft edges"",
      ""gradients"",
      ""volumetric light"",
      ""atmospheric haze"",
      ""bounced color"",
      ""lens flare"",
      ""any light emanating from characters or effects""
    ]
  },
  ""composition"": {
    ""density"": ""maximalist — zero empty space across all depth planes"",
    ""focal_anchor"": ""protagonist centered at exact optical midpoint of the frame"",
    ""framing"": ""bleed-to-edge on all four sides — no border, no outer frame, no shadow box, no tray, no display case"",
    ""perspective"": ""perfectly flat orthographic eye-level view — no tilt, no isometric angle, no fisheye""
  },
  ""render"": {
    ""engine"": ""Octane Render"",
    ""resolution"": ""8K"",
    ""detail"": ""ultra-sharp at 100% zoom — paper fiber, cut-edge thickness, and layer shadow all crisp"",
    ""aspect_ratio"": ""3:4 portrait""
  }
}","{
  ""VARIABLE"": ""[卡通节目名称]"",
  ""concept"": ""[卡通节目名称]世界的超饱和实体剪纸立体模型——极繁主义，平视正中心直视视角，出血到边缘，无外框，无边框，无托盘"",
  ""style"": {
    ""medium"": ""厚层叠卡纸——每一个深度平面都实体堆叠，硬刀切割的剪影边缘，在每个图层断开处露出横截面"",
    ""texture"": ""所有表面均可见哑光纤维纸纹理，无光泽，无反光"",
    ""approach"": ""极繁主义构图——每一个深度平面都密集填满来自[卡通节目名称]的角色、道具、建筑和世界专属物品""
  },
  ""palette"": {
    ""rule"": ""提取[卡通节目名称]中最具标志性的3种颜色作为主色调，提取3种辅助标志色作为点缀"",
    ""saturation"": ""核级最高饱和度——每一种色调都被推至绝对生动的极限"",
    ""finish"": ""全程哑光——无论题材是什么，都没有金属感，没有光泽，没有反射面""
  },
  ""depth_planes"": {
    ""rule"": ""从[卡通节目名称]的世界中构建正好8个堆叠的深度平面，如下所示："",
    ""foreground_base"": ""来自[卡通节目名称]的小型标志性道具、收藏品和世界物品散落并拥挤在基础平面边缘"",
    ""layer_2"": ""来自[卡通节目名称]的唯一最具标志性的主角作为中心人物——定格在标志性动作的半途中，完全由堆叠的纸几何形状构建"",
    ""layer_3"": ""来自[卡通节目名称]的2-3个最亲近的配角各自占据他们独立的深度卡片，定格在特征姿势的半途中"",
    ""layer_4"": ""来自[卡通节目名称]的主要反派或对手作为主导的堆叠纸剪影出现在孤立的深度卡片上"",
    ""layer_5"": ""来自[卡通节目名称]的最具标志性的建筑或地点内部——呈现为带有冲孔镂空窗户和门的分层纸建筑条带"",
    ""layer_6"": ""来自[卡通节目名称]的次要角色和人群形象作为扁平模切纸剪影穿梭在建筑层之间"",
    ""layer_7"": ""来自[卡通节目名称]的标志性特效、能力或世界特定现象作为同心纸环镂空或辐射状模切形状"",
    ""background_layer_8"": ""来自[卡通节目名称]的天际线、景观或世界全景剪影作为单色切割面板——纸张色调逐渐变浅""
  },
  ""lighting"": {
    ""type"": ""仅单向硬质工作室主灯"",
    ""angle"": ""左上方，45度"",
    ""shadow"": ""在每个实体纸层之间有清晰、深重、硬边投影——阴影深度必须在视觉上传达堆叠距离"",
    ""NO"": [
      ""发光"",
      ""光晕"",
      ""柔和边缘"",
      ""渐变"",
      ""体积光"",
      ""大气雾霾"",
      ""反弹颜色"",
      ""镜头光晕"",
      ""任何从角色或特效发出的光""
    ]
  },
  ""composition"": {
    ""density"": ""极繁主义——所有深度平面上零空白空间"",
    ""focal_anchor"": ""主角精确居中于画面的光学中点"",
    ""framing"": ""四面出血到边缘——无边框，无外框，无阴影盒，无托盘，无展示盒"",
    ""perspective"": ""完美平坦的正交平视视角——无倾斜，无等距角度，无鱼眼""
  },
  ""render"": {
    ""engine"": ""Octane Render"",
    ""resolution"": ""8K"",
    ""detail"": ""在100%缩放下超清晰——纸纤维、切割边缘厚度和图层阴影都清晰锐利"",
    ""aspect_ratio"": ""3:4 竖屏""
  }
}",https://opennana.com/awesome-prompt-gallery/hyper-saturated-cartoon-diorama
动感高定时尚女郎凌空飞跃,https://img.opennana.com/prompts/assets/202604/1777182911290-q2yxd07a-1777182912552-1.jpeg,"A dynamic, high-fashion action photograph features a woman with flowing, wavy grey-blue hair, caught mid-air in a powerful, dynamic leap against a clean, gradient blue studio background. She wears light blue-framed sunglasses, small hoop earrings, and a white cropped puffer jacket with light blue striped panels and cuff details, layered over a white bandeau top and a light blue utility harness. Her bulky, oversized grey-olive cargo pants feature multiple large pockets, light blue strapping details, and integrated light blue drawstrings, tucked into chunky white athletic socks with a small blue Nike swoosh. Her feet are encased in large, intricate light blue Nike Air-Max-style sneakers with complex sole structures, and a clear reflection is visible on the blue polished floor beneath her. A large, stylized vertical white text graphic to the right reads ""+tsun"" and to the left, the white text reads ""Nike"" with smaller text below. The lighting is crisp and even, highlighting textures and form.",一张动态的高级时尚动作照片，主角是一位留着飘逸波浪状灰蓝色头发的女性，在干净的渐变蓝色影棚背景下，被捕捉到正处于一个充满力量感的动态跳跃半空中的瞬间。她戴着浅蓝色边框的太阳镜、小号圈形耳环，穿着一件白色短款羽绒服，带有浅蓝色条纹面板和袖口细节，内搭白色抹胸上衣和浅蓝色工装背带。她穿着臃肿的超大码灰橄榄色工装裤，带有多个大口袋、浅蓝色绑带细节和集成的浅蓝色抽绳，裤腿塞进厚实的白色运动袜中，袜子上有一个小的蓝色耐克对勾标志。她的双脚被包裹在一双大型、精致的浅蓝色耐克Air-Max风格运动鞋中，具有复杂的鞋底结构，在她下方蓝色抛光地板上可以看到清晰的倒影。右侧是一个大型、风格化的垂直白色文字图形，写着“+tsun”，左侧的白色文字写着“Nike”，下方有较小的文字。光线清晰均匀，突出了材质和形态。,https://opennana.com/awesome-prompt-gallery/dynamic-fashion-leap
温暖日系角色设定图,https://img.opennana.com/prompts/assets/202604/1777182983908-7ppf6wa4-1777182987071-1.jpeg,"Create an adorable character design sheet based on the uploaded image.
Style: Warm, soft, and semi-realistic cartoon illustration with a cozy Japanese/kawaii style.
Design: Character profile poster including:
Large main portrait
Various facial expressions (happy, annoyed, sleepy, surprised)
Action poses (running, playing) (based on personality)
Small object icons
Color palette section
Profile section with name and personality.","基于上传的图像创建一个可爱的角色设计图。
风格：温暖、柔和且半写实的卡通插画，带有舒适的日系/卡哇依风格。
设计：角色档案海报，包括：
大型主肖像
各种面部表情（开心、烦躁、困倦、惊讶）
动作姿势（跑步、玩耍）（基于个性）
小物件图标
调色板部分
包含名字和个性的档案部分。",https://opennana.com/awesome-prompt-gallery/warm-japanese-character-sheet
水墨光影国潮城市海报,https://img.opennana.com/prompts/assets/202604/1777182959929-vrtk0c6m-1777182962516-1.jpeg,"Please generate a vertical city promotional poster for [City Name]. Do not apply fixed templates. You must first extract the city's most unique cultural background, geographical environment, industrial development, and urban philosophy, and then design the visual structure based on this.

The image must make people recognize at a glance that this is [City Name]: select the most recognizable historical and cultural symbols, natural geographical symbols, modern landmarks, industrial characteristics, lifestyle temperament, and future vision of the city. The composition is not fixed; you can freely arrange foreground, midground, background, and dynamic elements according to the city's characteristics.

Requirements to reflect:
Historical culture: the city's traditional architecture, regional culture, folk customs, historical memory, or spiritual symbols.
Current development: modern skyline, industrial characteristics, transportation, commerce, technology, finance, ports, ecology.
Urban philosophy: use visual metaphors to express the spirit of the city, such as openness, innovation, local lifestyle atmosphere, internationalization, landscape and humanities, future technology.
Poster texture: vertical 9:16, high-end Guochao city promotional poster, integration of realistic digital matte painting and ink wash/light and shadow, cinematic lighting and shadow, high details, commercial poster layout.

Text: the city name ""[City Name]"" can be used as the calligraphy main title, plus a promotional slogan that matches the city's temperament; avoid a large amount of small garbled text.

No generic city collages, no incorrect landmarks, no cheap tourism advertisement feel, no cartoon style, no watermarks.","请为【城市名】生成竖版城市宣传海报。不要套用固定模板，要先提炼这座城市最独特的文化背景、地理环境、产业发展和城市理念，再据此设计画面结构。

画面必须让人一眼看出这是【城市名】：选取该城市最具辨识度的历史文化符号、自然地理符号、现代地标、产业特征、生活气质和未来愿景。构图不固定，可根据城市特色自由安排前景、中景、远景和动势元素。

要求体现：
历史文化：该城市的传统建筑、地域文化、民俗、历史记忆或精神象征。
当下发展：现代天际线、产业特色、交通、商业、科技、金融、港口、生态等。
城市理念：用视觉隐喻表现这座城市的精神，比如开放、创新、烟火气、国际化、山水人文、未来科技等。
海报质感：竖版 9:16，高端国潮城市宣传海报，写实数字绘景与水墨/光影融合，电影级光影，高细节，商业海报排版。

文字：城市名“【城市名】”可作为书法主标题，另加一句符合城市气质的宣传语；避免大量小字乱码。

不要通用城市拼贴，不要错误地标，不要廉价旅游广告感，不要卡通风，不要水印。",https://opennana.com/awesome-prompt-gallery/ink-light-guochao-city-poster
社交动态定制电影封面,https://img.opennana.com/prompts/assets/202604/1777183071325-ebyzz5a7-1777183074114-1.jpeg,"Transforme minhas atividades no X em um filme.
Crie o título e a imagem principal.
Use a imagem anexada para o personagem principal.",将我在X上的活动变成一部电影。创作标题和主视觉图。使用附带的图片作为主角。,https://opennana.com/awesome-prompt-gallery/social-media-film-cover
电影级暗调风格巨星海报合集,https://img.opennana.com/prompts/assets/202604/1777183212579-l2m3wzb8-1777183217129-1.jpeg,"Create a 2x2 cinematic Al Nassr football poster collage with a luxury sports brand style, dark moody tones, golden glow, embers, and Saudi architecture mixed with stadium visuals.

Top-left: Cristiano Ronaldo (No.7), intense portrait + scoring action, Riyadh skyline, gold “CRISTIANO RONALDO”.

Top-right: Sadio Mané (No.10), close-up + action shot, desert + stadium backdrop, “SADIO MANÉ”.

Bottom-left: Marcelo Brozović, strong pose pointing to crest, stadium night + fireworks, “BROZOVIĆ – NEW CHAPTER”.

Bottom-right: Young Al Nassr star (No.15), dynamic running shot, social media icons, “AL NASSR 15”.

Style: ultra-realistic, cinematic lighting, golden particles, smoky atmosphere, metallic text, 8K premium sports poster.","创建一个2x2的电影感利雅得胜利足球海报拼贴画，采用奢侈运动品牌风格，暗调情绪色调，金色光芒，余烬，以及沙特阿拉伯建筑与体育场视觉效果的混合。

左上：克里斯蒂亚诺·罗纳尔多（7号），强烈的肖像 + 进球动作，利雅得天际线，金色的“CRISTIANO RONALDO”。

右上：萨迪奥·马内（10号），特写 + 动作镜头，沙漠 + 体育场背景，“SADIO MANÉ”。

左下：马塞洛·布罗佐维奇，指向队徽的强壮姿势，体育场夜景 + 烟花，“BROZOVIĆ – NEW CHAPTER”。

右下：年轻的利雅得胜利球星（15号），动态奔跑镜头，社交媒体图标，“AL NASSR 15”。

风格：超写实，电影级光照，金色粒子，烟雾氛围，金属质感文字，8K高级运动海报。",https://opennana.com/awesome-prompt-gallery/cinematic-dark-superstar-posters
真实大学教室黑板教学实拍,https://img.opennana.com/prompts/assets/202604/1776945803639-6owu8lvw-1776945806110-1.jpeg,"Generate a realistic photo of a university classroom, iPhone 16 texture, Teacher XX is teaching XX knowledge, there is a detailed and clear chalk introduction on the blackboard, with graphics to assist understanding, no students needed",生成一张真实的大学教室照片，iPhone16质感，XX老师在教XX知识，黑板上有详细而清晰的粉笔介绍，有图形辅助理解，不需要同学,https://opennana.com/awesome-prompt-gallery/realistic-university-classroom-teaching
深夜笔记本屏幕里的慵懒自拍,https://img.opennana.com/prompts/assets/202604/1776945452089-kq6neyt9-1776945465956-1.jpeg,"{
  ""image_settings"": {
    ""aspect_ratio"": ""3:4"",
    ""resolution"": {
      ""width"": 1152,
      ""height"": 1536
    }
  },
  ""prompt"": {
    ""identity_lock"": {
      ""reference"": ""input_photo"",
      ""preserve"": [
        ""face"",
        ""facial proportions"",
        ""eye shape"",
        ""nose"",
        ""lips"",
        ""skin tone"",
        ""skin texture"",
        ""hairline"",
        ""overall identity""
      ],
      ""rules"": [
        ""no face swap"",
        ""no beautify"",
        ""no smoothing"",
        ""no reshaping"",
        ""no AI look""
      ]
    },
    ""scene"": {
      ""camera_angle"": ""high-angle downward shot, POV"",
      ""composition"": ""MacBook screen fills most of the frame, thin strip of physical keyboard visible at the bottom"",
      ""screen_surface"": [
        ""visible RGB pixel grid"",
        ""subtle moire effect"",
        ""micro dust on glass"",
        ""faint fingerprints"",
        ""soft ambient reflections""
      ]
    },
    ""digital_interface"": {
      ""os"": ""macOS dark mode"",
      ""background_app"": {
        ""name"": ""Spotify"",
        ""view"": ""Liked Songs"",
        ""visible_tracks"": [
          ""Blank Space – Taylor Swift"",
          ""Shake It Off – Taylor Swift"",
          ""Cruel Summer – Taylor Swift"",
          ""Love Story – Taylor Swift""
        ]
      },
      ""foreground_app"": {
        ""name"": ""Photo Booth"",
        ""state"": ""live preview window"",
        ""position"": ""floating, center-right""
      }
    },
    ""photo_booth_content"": {
      ""environment"": {
        ""room"": ""dim bedroom"",
        ""background"": ""off-white wall, rumpled bedding"",
        ""lighting"": ""low-light, nocturnal, cool screen glow mixed with warm skin tones""
      },
      ""subject"": {
        ""pose"": ""lying down, relaxed, candid"",
        ""expression"": ""natural, slightly relaxed"",
        ""outfit"": ""light-colored tank top"",
        ""prop"": {
          ""item"": ""iPhone 15 Pro"",
          ""hand"": ""right hand""
        }
      }
    },
    ""realism_rules"": [
      ""this is a photo of a screen, not a screenshot"",
      ""raw smartphone photo look"",
      ""natural noise"",
      ""imperfect glass"",
      ""no studio lighting"",
      ""no HD polish""
    ]
  },
  ""negative_prompt"": [
    ""screenshot"",
    ""flat UI"",
    ""perfect screen"",
    ""clean glass"",
    ""studio lighting"",
    ""beauty filter"",
    ""cartoon"",
    ""3d render"",
    ""painting"",
    ""watermark"",
    ""blurred face""
  ]
}","{
  ""image_settings"": {
    ""aspect_ratio"": ""3:4"",
    ""resolution"": {
      ""width"": 1152,
      ""height"": 1536
    }
  },
  ""prompt"": {
    ""identity_lock"": {
      ""reference"": ""input_photo"",
      ""preserve"": [
        ""面部"",
        ""面部比例"",
        ""眼睛形状"",
        ""鼻子"",
        ""嘴唇"",
        ""肤色"",
        ""皮肤纹理"",
        ""发际线"",
        ""整体身份""
      ],
      ""rules"": [
        ""无换脸"",
        ""无美颜"",
        ""无磨皮"",
        ""无重塑"",
        ""无AI感""
      ]
    },
    ""scene"": {
      ""camera_angle"": ""高角度俯拍，第一人称视角"",
      ""composition"": ""MacBook屏幕占据画面大部分，底部可见薄薄的一条物理键盘"",
      ""screen_surface"": [
        ""可见的RGB像素网格"",
        ""微妙的摩尔纹效果"",
        ""玻璃上的微尘"",
        ""隐约的指纹"",
        ""柔和的环境反光""
      ]
    },
    ""digital_interface"": {
      ""os"": ""macOS深色模式"",
      ""background_app"": {
        ""name"": ""Spotify"",
        ""view"": ""喜欢的歌曲"",
        ""visible_tracks"": [
          ""Blank Space – Taylor Swift"",
          ""Shake It Off – Taylor Swift"",
          ""Cruel Summer – Taylor Swift"",
          ""Love Story – Taylor Swift""
        ]
      },
      ""foreground_app"": {
        ""name"": ""Photo Booth"",
        ""state"": ""实时预览窗口"",
        ""position"": ""悬浮，中右位置""
      }
    },
    ""photo_booth_content"": {
      ""environment"": {
        ""room"": ""昏暗的卧室"",
        ""background"": ""灰白色墙壁，起皱的床铺"",
        ""lighting"": ""低光照，夜间，冷色屏幕光晕混合暖色肤色""
      },
      ""subject"": {
        ""pose"": ""躺着，放松，抓拍"",
        ""expression"": ""自然，略微放松"",
        ""outfit"": ""浅色吊带衫"",
        ""prop"": {
          ""item"": ""iPhone 15 Pro"",
          ""hand"": ""右手""
        }
      }
    },
    ""realism_rules"": [
      ""这是一张屏幕的照片，不是截图"",
      ""原始智能手机照片外观"",
      ""自然噪点"",
      ""不完美的玻璃"",
      ""无影棚灯光"",
      ""无高清抛光""
    ]
  },
  ""negative_prompt"": [
    ""截图"",
    ""扁平化UI"",
    ""完美的屏幕"",
    ""干净的玻璃"",
    ""影棚灯光"",
    ""美颜滤镜"",
    ""卡通"",
    ""3D渲染"",
    ""绘画"",
    ""水印"",
    ""模糊的脸""
  ]
}",https://opennana.com/awesome-prompt-gallery/late-night-laptop-selfie
苹果液态玻璃质感PPT设计,https://img.opennana.com/prompts/assets/202604/1776947106810-fl3a3t8z-1776947113116-1.jpeg,Help me generate an Apple liquid glass style PPT,帮我生成苹果 liquid glass 风格 PPT,https://opennana.com/awesome-prompt-gallery/apple-liquid-glass-ppt
权谋与恋爱的极致修罗场,https://img.opennana.com/prompts/assets/202604/1776961488846-bz5kzqb5-1776961492473-1.jpeg,"Please create an anime promotional image in the style of an ""Otome romance game main visual poster"" [Theme: ].
Overall setting: Multiple male characters with a strong sense of power, leader aura, and mature charm surround a female protagonist, unfolding a Shura field relationship intertwined with emotion and political maneuvering. The image is not an ordinary group portrait, but a typical official KV poster for a female-oriented romance mobile game: all male characters approach the female protagonist from different directions, forming complex tensions such as protection, gazing, possessiveness, restrained deep affection, and dangerous ambiguity. The female protagonist is located at the visual center, with a smart, calm, and elegant temperament, acting both as a core diplomatic figure and the only female protagonist in an otome game who captivates everyone.
Art style requirements: High-finish Japanese anime illustration, female-oriented mobile game card texture, aesthetic, gorgeous, dreamy, exquisite, cinematic lighting and shadows, soft focus, lens flare, starlight particles, floating petals, delicate skin texture, exquisite hair strands, high-end clothing, facial expressions with dramatic tension.
Composition requirements: Vertical poster composition, a mix of half-body and close-up shots of characters, the female protagonist is centered, other male characters surround from top-left, top-right, bottom-left, bottom-right and other directions, forming a sense of visual encirclement and emotional oppression; there are clear sightline relationships between the characters, and all emotions are focused on the female protagonist.
Background requirements: Palace, council chamber, metaphorical space for international situations, power center, symbolic environment of war and order, but the overall treatment should be romanticized and fantasized, not made into real news photos, but made into a dramatic romance game worldview background.
Typography requirements: Add Chinese game poster copywriting into the image, including main title, subtitle, character names, CV text, character dialogue, Chinese text for ""Pre-registration open"", and app store style buttons. The overall typography should look like a mobile game promotional poster before official launch, with exquisite and unified design, not cluttered.","请创作一张【主题为：】的“乙女恋爱游戏主视觉海报”风格的二次元宣传图。

整体设定为：多位具有强烈权力感、领袖气场、成熟魅力的男性角色，围绕一位女性主角展开情感与权谋交织的修罗场关系。画面不是普通群像，而是典型女性向恋爱手游的官方KV海报：所有男性角色从不同方向靠近女主，形成守护、凝视、占有欲、克制深情、危险暧昧等复杂张力。女主位于视觉中心，气质聪慧、冷静、优雅，既像外交核心人物，又像乙女游戏中让所有人倾心的唯一女主。

画风要求：高完成度日系二次元插画，女性向手游卡面质感，唯美、华丽、梦幻、精致，电影级光影，柔焦，镜头光晕，星光粒子，漂浮花瓣，细腻皮肤质感，精致发丝，服装高级，面部神情有戏剧张力。

构图要求：竖版海报构图，人物半身到近景特写混合，女主居中，其他男性角色从左上、右上、左下、右下等方位围拢，形成视觉包围感与情绪压迫感；人物彼此之间有明确视线关系，所有情绪都聚焦在女主身上。

背景要求：宫殿、议事厅、国际局势隐喻空间、权力中心、战争与秩序的象征性环境，但整体处理要浪漫化、幻想化，不要做成真实新闻照片，而是做成戏剧化的恋爱游戏世界观背景。

排版要求：画面中加入中文游戏海报文案，包括大标题、副标题、角色名字、CV字样、人物台词、预约开启中文字样，以及应用商店风格按钮。整体排版像正式上线前的手游宣传海报，设计精致统一，不能杂乱。",https://opennana.com/awesome-prompt-gallery/otome-power-struggle-poster
浩瀚无界苹果头显科技海报,https://img.opennana.com/prompts/assets/202604/1776961745647-4lw9l83w-1776961753897-1.jpeg,"Overall Vision: Create a high-end, professionally designed vertical (9:16) tech product marketing poster for the 'Apple Vision Pro'. The entire composition must be visually rich, balanced, and packed with clear information, mirroring the structured layout of a premium DJI-style marketing poster. The background is a deep, dark space-like void with subtle cool blue and silver gradients, seamlessly blending into the informational blocks. All text must be rendered in a clean, bold, modern, professional sans-serif English font. Section 1: Hero Banner (Top): At the top center, the white Apple logo followed by 'Vision Pro' in clean silver text. Below it, the bold main title: 'INFINITE SPACE, BOUNDLESS VISION'. Directly under that, the tagline: 'IMMERSIVE SPATIAL EXPERIENCE. UNLEASH YOUR DESIRE TO EXPLORE.' Below the tagline, a neat row of four circular feature icons with labels: 'micro‑OLED' (Ultra-Clear Display), '180° SPATIAL VIEW' (More Immersive Field of Vision), 'OPTIC ID' (Instant Secure Access), 'EYE TRACKING' (Effortless Precision Control). To the right, a large high-definition dynamic render of the Apple Vision Pro headset at a dramatic angle, studio lit against the dark void background, with the glowing EyeSight display visible on the front. Section 2: Key Specs (Mid-Top): Title: 'POWERFUL PERFORMANCE, REDEFINING SPATIAL EXPERIENCE'. Below the title, five distinct dark rounded feature blocks arranged horizontally. From left to right: '23 MILLION PIXELS' with large 'M²' text over a cinematic virtual cinema thumbnail, caption: 'Finer Rendering of Every Moment'. '180° SPATIAL VIEW' with '180°' text over an immersive spatial panorama thumbnail, caption: 'What is Seen is What is Felt'. '3D SPATIAL AUDIO' with a sound wave spectrum block and 'SPATIAL' text over a concert hall virtual environment thumbnail, caption: 'Professional-Grade Immersive Sound Space'. 'OPTIC ID' with 'Optic ID' text over a crisp security interface thumbnail, caption: 'Instant Access, Always Secure'. 'LIGHTWEIGHT DESIGN ~600g' showing a hand holding the Vision Pro headset, caption: 'Wear It With You, Explore As You Wish'. Section 3: Immersion Focus (Center): A large central block. Headline: 'INFINITE SPACE, THE FREEDOM OF BEING ANYWHERE'. A high-detail render of someone wearing the Apple Vision Pro, surrounded by floating virtual screens and spatial windows in a dramatic dark void environment, with a clear central white play button icon as a video indicator. Descriptive text box to the left: 'Integrated spatial computing design provides a safer, more expansive digital experience. Whether exploring virtual worlds, infinite workspaces, or cinematic environments, every session is a new perspective exploration.' Section 4: Display Quality (Mid-Bottom): Title: 'ULTRA-CLEAR SPATIAL DISPLAY, RESTORING TRUE REALITY'. A horizontal split image. Left side: A standard flat screen display showing a mountain and lake scene, labeled 'STANDARD' in a small white tag. Right side: The same scene rendered in stunning micro-OLED spatial depth, dramatically sharper, more vibrant and three-dimensional, labeled 'VISION PRO' in a distinct silver-blue tag. Descriptive text left: 'Equipped with dual micro-OLED displays totaling 23 million pixels, it supports full spatial video and photography, with rich details and true colors, making every frame breathtaking.' Bullet points below: '• 23 MILLION PIXEL micro-OLED DISPLAY', '• DUAL CHIP M2 + R1 PROCESSING', '• 3D SPATIAL VIDEO & PHOTOGRAPHY MODE'. Section 5: Precision Control (Bottom): Title: 'PRECISE EYE TRACKING. CONTROL IS FASTER, ALSO INTUITIVE, AND INCREASINGLY SEAMLESS.' Description: 'Equipped with advanced eye tracking, hand gesture recognition, and voice control technology, utilizing Apple's proprietary algorithms to maintain precise and seamless interaction even in complex spatial environments.' Two comparative interaction thumbnails side-by-side. Left: 'STANDARD CONTROL' with a blurry, cluttered traditional interface shot labeled with a white tag. Right: 'VISION PRO' with a crystal clear, minimal floating spatial interface, labeled with a clean silver-blue tag. Final Aesthetics: The entire poster has a high-tech, ultra-premium dark aesthetic. The Vision Pro headset has subtle silver and blue-tinted glass accents. The EyeSight display on the front glows softly with a warm inner light. All graphics and images are sharp and crisp. The color palette is deep black, cool silver, and subtle electric blue throughout. Clean bottom edge. The overall feeling is that this is the most advanced consumer technology ever created — mysterious, premium, and otherworldly. The price '$3,499' appears subtly in small clean text at the very bottom right corner.","整体视觉：为“Apple Vision Pro”创建一个高端、专业设计的竖版（9:16）科技产品营销海报。整个构图必须在视觉上丰富、平衡，并充满清晰的信息，映照出高端大疆风格营销海报的结构化布局。背景是一个深邃、黑暗的类似太空的虚空，带有微妙的冷蓝色和银色渐变，无缝融入信息块中。所有文本必须以干净、粗体、现代、专业的无衬线英文字体渲染。第1部分：主横幅（顶部）：在顶部中心，白色苹果标志后跟干净的银色文本“Vision Pro”。在其下方，粗体主标题：“INFINITE SPACE, BOUNDLESS VISION”。正下方是标语：“IMMERSIVE SPATIAL EXPERIENCE. UNLEASH YOUR DESIRE TO EXPLORE.”。在标语下方，是一排整齐的四个圆形功能图标及标签：“micro‑OLED”（超清显示）、“180° SPATIAL VIEW”（更沉浸的视野）、“OPTIC ID”（即时安全访问）、“EYE TRACKING”（轻松精准控制）。右侧是一个大型高清动态渲染的Apple Vision Pro头显，呈戏剧性角度，在黑暗虚空背景下进行工作室打光，正面可见发光的EyeSight显示屏。第2部分：关键规格（中上部）：标题：“POWERFUL PERFORMANCE, REDEFINING SPATIAL EXPERIENCE”。在标题下方，五个独特的深色圆角功能块水平排列。从左到右：“23 MILLION PIXELS”，在电影感虚拟电影院缩略图上有大号“M²”文本，说明文字：“每一刻的更精细渲染”。“180° SPATIAL VIEW”，在沉浸式空间全景缩略图上有“180°”文本，说明文字：“所见即所感”。“3D SPATIAL AUDIO”，带有声波频谱块和在音乐厅虚拟环境缩略图上的“SPATIAL”文本，说明文字：“专业级沉浸式声音空间”。“OPTIC ID”，在清晰的安全界面缩略图上有“Optic ID”文本，说明文字：“即时访问，始终安全”。“LIGHTWEIGHT DESIGN ~600g”，展示一只手拿着Vision Pro头显，说明文字：“随身佩戴，随心探索”。第3部分：沉浸焦点（中心）：一个大型中央块。大标题：“INFINITE SPACE, THE FREEDOM OF BEING ANYWHERE”。一个高细节渲染的人物佩戴Apple Vision Pro，在戏剧性的黑暗虚空环境中被漂浮的虚拟屏幕和空间窗口包围，带有清晰的中央白色播放按钮图标作为视频指示器。左侧描述性文本框：“集成空间计算设计提供更安全、更广阔的数字体验。无论是探索虚拟世界、无限工作空间还是电影级环境，每一次体验都是一次全新的视角探索。”第4部分：显示质量（中下部）：标题：“ULTRA-CLEAR SPATIAL DISPLAY, RESTORING TRUE REALITY”。一个水平分割图像。左侧：一个标准的平面屏幕显示器显示山湖场景，用小白色标签标记为“STANDARD”。右侧：同一场景以令人惊叹的micro-OLED空间深度渲染，明显更清晰、更生动、更立体，用独特的银蓝色标签标记为“VISION PRO”。左侧描述性文本：“配备总计2300万像素的双micro-OLED显示屏，支持完整的空间视频和摄影，细节丰富、色彩真实，让每一帧都令人惊叹。”下方的项目符号：“• 23 MILLION PIXEL micro-OLED DISPLAY”，“• DUAL CHIP M2 + R1 PROCESSING”，“• 3D SPATIAL VIDEO & PHOTOGRAPHY MODE”。第5部分：精准控制（底部）：标题：“PRECISE EYE TRACKING. CONTROL IS FASTER, ALSO INTUITIVE, AND INCREASINGLY SEAMLESS.”。描述：“配备先进的眼动追踪、手势识别和语音控制技术，利用苹果专有算法，即使在复杂的空间环境中也能保持精准无缝的交互。”两个并排的比较交互缩略图。左侧：“STANDARD CONTROL”，带有模糊、杂乱的传统界面镜头，用白色标签标记。右侧：“VISION PRO”，带有水晶般清晰、极简的浮动空间界面，用干净的银蓝色标签标记。最终美学：整张海报具有高科技、超高端的暗黑美学。Vision Pro头显具有微妙的银色和蓝色调玻璃点缀。正面的EyeSight显示屏散发出柔和的温暖内部光芒。所有图形和图像都清晰锐利。整个色调为深黑色、冷银色和微妙的电光蓝色。干净的底部边缘。整体感觉这是有史以来最先进的消费技术——神秘、高端、超凡脱俗。价格“$3,499”在右下角以干净的小字体微妙地出现。",https://opennana.com/awesome-prompt-gallery/boundless-apple-vision-poster
深夜赶稿崩溃与自动保存救赎,https://img.opennana.com/prompts/assets/202604/1776961704020-bsc7ddof-1776961713535-1.jpeg,"{
  ""type"": ""6-panel manga page"",
  ""aspect_ratio"": ""2:3 vertical portrait"",
  ""art_style"": ""detailed anime manga, high contrast, cinematic lighting"",
  ""panel_borders"": ""thick white panel divider lines clearly separating each panel, visible white gutters between every panel, hard black border outline around each individual panel, traditional manga page grid layout"",
  ""color_palette"": {
    ""primary"": ""deep navy blue (not pure black) dark room background"",
    ""secondary"": ""warm amber/orange desk lamp glow"",
    ""accent"": ""cool blue laptop screen light"",
    ""effects"": ""bright red panic effects, white speech bubbles"",
    ""panel_gutters"": ""clean bright white divider lines between panels""
  },
  ""characters"": {
    ""character_A"": ""girl with twin braids and glasses, dark school uniform, red bow"",
    ""character_B"": ""girl with short brown hair, dark school uniform, asleep on desk initially""
  },
  ""setting"": ""dark bedroom study desk at 2:47am, single warm desk lamp, open laptop, scattered notes and textbooks, navy blue background"",
  ""layout"": {
    ""sections"": [
      {
        ""panel"": 1,
        ""position"": ""top, wide"",
        ""description"": ""Dark navy room. Warm lamp light from above, cool blue laptop glow from below. Character A hunched over desk studying. Character B asleep face-down beside her. Digital clock clearly shows 2:47 AM. Dramatic shadow contrast. White panel border visible.""
      },
      {
        ""panel"": 2,
        ""position"": ""upper middle left"",
        ""description"": ""Close-up of Character A's face lit from below by blue laptop glow, eyes wide in horror. Red lightning panic effects. Speech bubble says 'Wait... did I save it?!' White panel border clearly visible around frame.""
      },
      {
        ""panel"": 3,
        ""position"": ""upper middle right"",
        ""description"": ""Close-up of Character A, hollow bloodshot eyes, dead stare, lit by cold blue glow. Speech bubble says 'I don't remember what sleep is...' White panel border clearly visible.""
      },
      {
        ""panel"": 4,
        ""position"": ""lower middle, wide"",
        ""description"": ""Character A SLAMS both hands on desk screaming 'IT'S ALL GONE!!'. Huge white SLAM sound effect on left side. Character B jolts awake violently. Books fly everywhere. Navy background. Thick white panel borders on all sides.""
      },
      {
        ""panel"": 5,
        ""position"": ""upper bottom, wide"",
        ""description"": ""Character A holds laptop showing AUTOSAVE notification, unhinged manic grin, red and gold sparkle effects radiating behind her. Speech bubble says 'AUTOSAVE... TECHNOLOGY IS GOD'. Clear white panel border.""
      },
      {
        ""panel"": 6,
        ""position"": ""lower bottom, wide"",
        ""description"": ""Character B in foreground deadpan done-with-life expression, heavy dark bags under eyes. Background shows Character A kissing the laptop with CHU CHU CHU sparkle effects. Small '......' speech bubble from Character B. White panel border clearly visible.""
      }
    ]
  },
  ""global_notes"": ""CRITICAL: All 6 panels must be clearly separated by medium sized bright white gutter lines. No panels should bleed into each other. The page background between panels is white. Dark navy blue should be used instead of pure black to keep depth visible.""
}","{
  ""type"": ""6格漫画页面"",
  ""aspect_ratio"": ""2:3竖版人像"",
  ""art_style"": ""精细的动漫漫画，高对比度，电影级光照"",
  ""panel_borders"": ""粗白色分格线清晰分隔每个画格，每个画格之间有可见的白色留白，每个单独画格周围有硬质黑色边框轮廓，传统漫画页面网格布局"",
  ""color_palette"": {
    ""primary"": ""深海军蓝（非纯黑）暗室背景"",
    ""secondary"": ""温暖的琥珀色/橙色台灯光晕"",
    ""accent"": ""冷蓝色笔记本电脑屏幕光"",
    ""effects"": ""明亮的红色恐慌特效，白色对话气泡"",
    ""panel_gutters"": ""画格之间干净明亮的白色分隔线""
  },
  ""characters"": {
    ""character_A"": ""扎着双马尾戴眼镜的女孩，深色校服，红色蝴蝶结"",
    ""character_B"": ""棕色短发女孩，深色校服，起初趴在桌上睡觉""
  },
  ""setting"": ""凌晨2:47的黑暗卧室书桌，单一温暖的台灯，打开的笔记本电脑，散落的笔记和课本，海军蓝背景"",
  ""layout"": {
    ""sections"": [
      {
        ""panel"": 1,
        ""position"": ""顶部，宽幅"",
        ""description"": ""深海军蓝房间。上方有温暖的灯光，下方有冷蓝色的笔记本电脑光晕。角色A弓着背在书桌前学习。角色B趴在她旁边睡觉。电子钟清晰显示凌晨2:47。戏剧性的阴影对比。可见白色画格边框。""
      },
      {
        ""panel"": 2,
        ""position"": ""中上偏左"",
        ""description"": ""角色A面部的特写，被下方蓝色的笔记本电脑光晕照亮，因恐惧而睁大双眼。红色闪电恐慌特效。对话气泡写着‘等等……我保存了吗？！’画框周围清晰可见白色画格边框。""
      },
      {
        ""panel"": 3,
        ""position"": ""中上偏右"",
        ""description"": ""角色A的特写，空洞布满血丝的眼睛，死鱼眼凝视，被冷蓝色光晕照亮。对话气泡写着‘我不记得睡眠是什么了……’清晰可见白色画格边框。""
      },
      {
        ""panel"": 4,
        ""position"": ""中下，宽幅"",
        ""description"": ""角色A双手猛拍桌子尖叫‘全都没了！！’左侧有巨大的白色猛拍音效字。角色B猛然惊醒。书本四处飞散。海军蓝背景。四周有粗白色画格边框。""
      },
      {
        ""panel"": 5,
        ""position"": ""底部偏上，宽幅"",
        ""description"": ""角色A举着显示自动保存通知的笔记本电脑，精神错乱的狂热笑容，身后散发红色和金色闪光特效。对话气泡写着‘自动保存……技术就是神’。清晰的白色画格边框。""
      },
      {
        ""panel"": 6,
        ""position"": ""底部偏下，宽幅"",
        ""description"": ""前景中的角色B面无表情生无可恋，眼下有浓重的黑眼圈。背景显示角色A正在亲吻笔记本电脑，带有啾啾啾闪光特效。角色B有一个小的‘……’对话气泡。清晰可见白色画格边框。""
      }
    ]
  },
  ""global_notes"": ""关键：所有6个画格必须由中等大小的明亮白色留白线清晰分隔。画格之间不应相互溢出。画格之间的页面背景为白色。应使用深海军蓝代替纯黑色以保持深度可见。""
}",https://opennana.com/awesome-prompt-gallery/late-night-study-panic
极简高级感3D包装盒展示,https://img.opennana.com/prompts/assets/202604/1776934043665-i4prals9-1776934050152-1.jpeg,"Assemble the dieline into a flawless 3D box with accurate panels, clean folds, undistorted type, and artwork preserved exactly. shoot it upright at a refined ¾ angle in a minimal premium studio setting with a soft neutral background, diffused light, subtle shadows, no props, true colours, matte paperboard texture, and realistic editorial detail",将刀模线组装成一个完美无瑕的3D包装盒，具有准确的面板，干净的折痕，无扭曲的文字，以及精确保留的 artwork。将其直立拍摄，采用精致的¾视角，在极简的高级工作室环境中，带有柔和的中性背景，漫射光，细微的阴影，无道具，真实色彩，哑光纸板纹理，以及逼真的社论级细节,https://opennana.com/awesome-prompt-gallery/minimal-premium-3d-box
唐风汉服佳人宫殿绝美摄影,https://img.opennana.com/prompts/assets/202604/1776933873807-dwlpe5na-1776933882560-1.jpeg,"A breathtakingly beautiful and elegant woman in high-end artistic photoshoot style, extremely realistic photography, delicate soft beautiful face with refined features, warm fair skin, long flowing soft wavy hair cascading naturally, graceful and voluptuous figure with perfect curves, (character features fully consistent and locked) Outfit: Exquisite and romantic Tang-style improved hanfu, chest-high ruqun with flowing wide sleeves and multi-layered lightweight silk and gauze fabrics, elegant warm color palette (soft apricot, pale lotus pink, misty rose, subtle gold accents), luxurious drape and subtle sheen, beautifully accentuating her shoulders, waist, bust and hip curves in a modern elegant way, highly fashionable and ethereal, no excessive embroidery Scene: Standing inside a magnificent ancient Chinese imperial palace, grand hall with towering red lacquered pillars, intricate golden carvings and painted beams, ornate wooden lattice screens, luxurious silk curtains and lanterns, high ceilings with detailed patterns, soft natural light streaming through large carved windows, opulent yet graceful and dreamy atmosphere Core concept: Beautiful woman in exquisite Tang hanfu inside a grand historical Chinese palace, creating a deeply immersive high-fashion ancient elegance with strong sense of timeless luxury, ultra luxurious editorial photography style, not cosplay Pose: Elegantly sensual standing pose beside an ornate pillar or carved railing, graceful S-curve body line, waist gently twisted, one hand lightly touching the pillar or railing, the other hand softly lifting or resting on her flowing skirt, shoulders relaxed, wide sleeves draping beautifully with gentle movement, very feminine and alluring yet refined and classy Expression: Gentle and serene with a soft, dreamy smile, warm and captivating eyes looking toward the camera or slightly to the side Makeup: Delicate warm artistic makeup, soft pink eyeshadow, naturally defined eyebrows, rosy cherry lips, fresh and ethereal look Camera angle: Professional side angle or slight low angle shot, capturing beautiful depth and layers of the palace architecture with rich spatial dimension Lighting: Soft natural daylight mixed with warm ambient lantern light, gentle highlights and soft shadows that beautifully sculpt her figure and the flowing fabric, cinematic and flattering lighting Style: High-end fashion editorial photography, ultra realistic, photorealistic, subtle film grain, soft low contrast, slightly desaturated warm tones, movie-grade quality Details: Flawless yet natural skin texture with subtle glow, realistic hair strands with natural movement, intricate fabric folds and translucency in the hanfu, rich architectural details in the background, occasional soft flower petals floating in the air Atmosphere: Romantic, graceful, dreamy, luxurious and poetic, high-class ancient palace elegance with a touch of fantasy Quality: 8K ultra detailed, cinematic lighting, shallow depth of field, professional photography masterpiece, best quality, photorealistic, ultra realistic Aspect Ratio: 2:3",一个美得令人惊叹且优雅的女人，采用高端艺术摄影风格，极其逼真的摄影，精致柔软美丽的脸庞，五官立体，温暖白皙的皮肤，长长的流动柔软波浪发自然垂落，优雅且丰满的身材，曲线完美，(角色特征完全一致且锁定) Outfit: 精致浪漫的唐风改良汉服，齐胸襦裙，配以飘逸的宽大袖子和多层轻盈的丝绸与薄纱面料，优雅的暖色调（柔和的杏色、浅莲花粉、雾玫瑰色、微妙的金色点缀），奢华的垂坠感和微妙的光泽，以现代优雅的方式完美凸显她的肩膀、腰部、胸部和臀部曲线，极具时尚感且空灵，没有过多的刺绣 Scene: 站在宏伟的中国古代皇家宫殿内，宏伟的大厅，高耸的红漆柱子，错综复杂的金色雕刻和彩绘横梁，华丽的木制雕花屏风，奢华的丝绸窗帘和灯笼，带有精美图案的高天花板，柔和的自然光透过大型雕花窗户倾泻而入，华丽却又优雅梦幻的氛围 Core concept: 穿着精致唐风汉服的美丽女人身处宏伟的中国历史宫殿中，营造出极具沉浸感的高级时尚古风优雅，带有强烈的永恒奢华感，超奢华的时尚杂志摄影风格，不是角色扮演 Pose: 优雅性感的站姿，站在华丽的柱子或雕花栏杆旁，优雅的S型身体线条，腰部轻轻扭转，一只手轻触柱子或栏杆，另一只手轻轻提起或放在她飘逸的裙子上，肩膀放松，宽大的袖子随着轻柔的动作优美地垂下，非常女性化且迷人，同时又精致高雅 Expression: 温柔宁静，带着柔和梦幻的微笑，温暖迷人的眼睛看向镜头或稍微看向一侧 Makeup: 精致的暖色调艺术妆容，柔和的粉色眼影，自然立体的眉毛，玫瑰色的樱桃唇，清新空灵的妆容 Camera angle: 专业的侧面角度或轻微的低角度拍摄，捕捉宫殿建筑美丽的深度和层次，具有丰富的空间维度 Lighting: 柔和的自然日光混合温暖的灯笼环境光，柔和的高光和柔和的阴影，完美勾勒出她的身材和飘逸的面料，电影般且讨喜的照明 Style: 高端时尚杂志摄影，超写实，照片级写实，微妙的胶片颗粒，柔和低对比度，略微去饱和的暖色调，电影级质量 Details: 无瑕却自然的皮肤纹理，带有微妙的光泽，逼真的发丝带有自然的动态，汉服上错综复杂的面料褶皱和半透明感，背景中丰富的建筑细节，偶尔有柔软的花瓣在空气中飘落 Atmosphere: 浪漫、优雅、梦幻、奢华且富有诗意，带有几分幻想的高级古风宫殿优雅感 Quality: 8K超细节，电影级照明，浅景深，专业摄影杰作，最佳质量，照片级写实，超写实 Aspect Ratio: 2:3,https://opennana.com/awesome-prompt-gallery/tang-hanfu-beauty-palace
婴儿奶粉品牌套件设计,https://img.opennana.com/prompts/assets/202604/1776961843411-wf96hvk2-1776961850960-1.jpeg,"Using the image I provided to you, please, for a milk powder brand named ""Your Baby Is You"", create a 3x3 multi-image brand kit (borderless), each image with a 4:3 aspect ratio, please ensure to include the main brand elements, such as the brand logo, typography and accompanying schemes, at the same time also provide some examples of website and social media templates.","使用我提供给你的图像,请为一个名为“Your Baby Is You”的奶粉品牌,创建一个 3x3 的多图品牌套件(无边框),每张图片为 4:3 的比例,请确保包含主要的品牌要素,例如品牌标志(logo)、字体和陪着方案,同时还要提供一些网站和社交媒体模板的示例.",https://opennana.com/awesome-prompt-gallery/baby-formula-brand-kit
沙雕日报奇葩头版新闻图,https://img.opennana.com/prompts/assets/202604/1777136058343-7xyye52p-1777136064504-1.jpeg,"Generate a newspaper, based on this photo you can create a front-page headline, like real photography, even with irregular creases, vintage texture

Refer to the character image, pay attention to processing and keeping the same texture, and provide a news situation related to the character (typical scene, one image, rough image quality)
The image provided by the user is only for facial reference, you can change the costumes and props to adapt to the news situation. Just output one news image.
Aspect ratio: 9:10

Reason for reporting: Man afraid his brother would delay the wedding called the police falsely claiming prostitution
Newspaper name: Shadiao Daily","生成一张报纸，根据这张照片可以编一个头版头条标题，像真实的摄影，甚至有不规则折痕，复古质感

参考角色图注意处理和保持质感相同，并给出角色相关新闻情境 （典型性画面，一张，画质粗糙）
用户给出的图片仅作脸部参考， 你可以更改服道化，适应新闻情境。只要出一张新闻图片。
画面比例： 9:10

上报理由：男子怕兄弟耽误婚礼报警谎称嫖
报刊名称：沙雕日报",https://opennana.com/awesome-prompt-gallery/bizarre-front-page-news-shadiao-daily
ins风娜美俏皮俯拍写真,https://img.opennana.com/prompts/assets/202604/1777105894968-pnz0v513-1777105907484-1.jpeg,"Shoot an Instagram-style Nami cosplay portrait, using a top-down angle. Her right hand makes an OK gesture touching her mouth, while sticking out her tongue. Aspect ratio: 9:16.",拍摄一张Instagram风格的娜美cosplay写真，采用俯拍视角。她的右手比出OK手势贴在嘴边，同时吐出舌头。画面比例：9:16。,https://opennana.com/awesome-prompt-gallery/ins-nami-playful-top-down
海贼王双重曝光情感电影海报,https://img.opennana.com/prompts/assets/202604/1777104911020-ptiornq0-1777104914978-1.jpeg,"Create a cinematic character poster using a double exposure composition as the foundation, with the visual quality of AAA game key art, and the emotional soul of “One Piece” centered around friendship, journey, and destiny.

The poster must feel deeply emotional—capturing the spirit of “nakama” (crew bonds), freedom, sacrifice, and dreams.

Feature a large, elegant silhouette of [CHARACTER NAME]’s face (slightly looking upward or sideways with a soft, determined expression) dominating the composition. His expression should feel emotional yet strong—hopeful, nostalgic, and full of resolve.

Inside and around this silhouette, create layered scenes that represent his journey with his crew:
- The Straw Hat crew standing together on the Thousand Sunny
- Moments of laughter, adventure, and struggle
- Subtle references to past arcs (islands, battles, sunsets, ocean horizons)
- [CHARACTER NAME] reaching forward or standing at the front of the ship
- A symbolic path toward the horizon (his dream)

Use a near-large, far-small composition with slight ultra-wide perspective for depth.

Character Design:
- [CHARACTER NAME] reimagined in hyper-realistic 3D human form
- Adult version with an athletic, lean but powerful physique
- Retain iconic features: straw hat, scar under eye, open shirt, shorts
- Skin: highly detailed, natural texture
- Clothing: cinematic realism with subtle wear from adventure

Emotion & Pose:
- Calm but powerful stance
- Slight smile or emotional gaze
- Body language showing leadership and connection
- One hand holding the straw hat or reaching forward

Story Integration:
- Ocean waves blending into the silhouette
- Warm sunset sky symbolizing hope and journey
- Soft glowing light around crew members
- Subtle Haki aura (not aggressive, more spiritual)
- Wind flowing through clothing and environment

Lighting & Color:
- Golden hour / sunset lighting (warm orange, soft blue contrast)
- Soft cinematic glow
- Gentle highlights and shadows for emotional depth
- Slight haze or atmospheric fog for dreamlike effect

Style:
- Cinematic
- Emotional
- Epic but intimate
- Hyper-realistic 3D with soft artistic blending

Final Output:
- Vertical 3:4 movie-style poster
- Ultra high detail, 4K–8K resolution
- Clean, dramatic composition that tells a story at a glance","创作一张电影级别的角色海报，以双重曝光构图为基础，具有AAA游戏主视觉的视觉质量，以及以友谊、旅程和命运为核心的“海贼王”的情感灵魂。

海报必须让人感到深沉的情感——捕捉“伙伴”（船员羁绊）、自由、牺牲和梦想的精神。

突出[角色名称]脸部的一个巨大、优雅的剪影（微微向上或向侧方看，带着柔和、坚定的表情）主导整个构图。他的表情应该让人感到情感丰富却又坚强——充满希望、怀旧和决心。

在这个剪影的内部和周围，创建代表他与船员们旅程的分层场景：
- 草帽海贼团站在万里阳光号上
- 欢笑、冒险和奋斗的时刻
- 对过去篇章的微妙引用（岛屿、战斗、日落、海平线）
- [角色名称]向前伸出或站在船头
- 一条通向地平线的象征性道路（他的梦想）

使用近大远小的构图，带有轻微的超广角透视以增加深度。

角色设计：
- [角色名称]以超写实3D人类形态重新构想
- 成年版本，拥有运动型、精干但有力的体格
- 保留标志性特征：草帽、眼睛下的疤痕、敞开的衬衫、短裤
- 皮肤：高度详细的自然纹理
- 服装：电影级写实，带有冒险造成的轻微磨损

情感与姿势：
- 平静但有力的姿态
- 微笑或充满情感的凝视
- 展现领导力和联系的身体语言
- 一只手拿着草帽或向前伸出

故事融合：
- 海浪融入剪影中
- 象征希望和旅程的温暖日落天空
- 船员周围柔和发光的光线
- 微妙的霸气光环（不具攻击性，更偏向精神层面）
- 风吹过衣服和环境

光照与色彩：
- 黄金时刻/日落光照（温暖的橙色、柔和的蓝色对比）
- 柔和的电影级光晕
- 柔和的高光和阴影以增加情感深度
- 轻微的薄雾或大气雾气以营造梦幻效果

风格：
- 电影级
- 情感丰富
- 史诗但私密
- 超写实3D与柔和的艺术融合

最终输出：
- 垂直3:4电影风格海报
- 超高细节，4K–8K分辨率
- 干净、戏剧性的构图，一眼就能讲述一个故事",https://opennana.com/awesome-prompt-gallery/one-piece-double-exposure-poster
玄学大师面相精批图解,https://img.opennana.com/prompts/assets/202604/1777106820401-19re5k7n-1777106826053-1.jpeg,"Giving you this face. Please use Chinese metaphysics, fingerprint analysis, and some traditional Chinese medicine theories, the techniques of a top fortune-telling master to help me analyze this person's face. Please use this kind of line marking to write out each key point, which can indicate his destiny. Requirements are as follows: 1. Adopt I Ching or traditional Chinese medicine, Zi Wei Dou Shu, physiognomy, facial features and twelve palaces, Four Pillars of Destiny prediction, Mayi, century-old physiognomy, wonderful calculation of heavenly secrets, physiognomy, Zi Ping physiognomy, Mayi Divine Physiognomy and other theories to analyze, there must be early warnings and precise analysis, to make users feel it is accurate. 2. Mark the key points of each line 3. Provide an analysis report of at least ten points","给你这个面向。请通过中国的玄学、指纹分析，以及一些中医学理论，顶级算命大师的技术帮我分析这个人的面临。 请用这种线条标记写明每个要点，能够对他的命运有所预示。要求如下： 1. 采用易经或中医学、紫微斗数、面相学、五官与十二宫、四柱预测学、麻衣、百年面相、天机妙算、面相学、子平面相学、麻衣神相等等理论分析, 要有预警和精准分析，要让用户觉得准。 2. 标明各个线条的关键点 3. 最少提供十个点的分析报告",https://opennana.com/awesome-prompt-gallery/chinese-face-reading-master
现代手冲咖啡信息图,https://img.opennana.com/prompts/assets/202604/1777105714658-gbwjd04c-1777105719121-1.jpeg,"Ultra-clean modern editorial infographic on the topic of a [POUR-OVER COFFEE BREWING] routine. Hero visual: a stylized flat-lay or floating arrangement of 3–4 objects (a ceramic V60 dripper, a matte black gooseneck kettle, and scattered roasted coffee beans) — slightly angled or in soft perspective, glowing subtly. Ingredients Section: Label it ‘What You Need’ — include 6–8 items with small icons next to each (e.g., '15g single-origin beans', '250ml water at 93°C'). Arranged in a cluster connected visually to the hero. Steps Section: 5–6 numbered panels with arrows or connecting lines forming a logical flow. Each step has a short action label and a small relevant icon. Panels use glassmorphism or frosted card styling. Stats Badges: 4–5 floating pill-shaped badges showing relevant metadata — total brew time, extraction yield, flavor profile, caffeine hit — displayed as clean minimal bubbles. Visual Style: Artisan, warm editorial background — roasted brown, oat cream, or soft copper tones. Rich espresso accent colors. Bold modern sans-serif typography. Clean vector icons. Subtle grain or filter-paper texture. Composition: Hero object cluster centered or slightly offset. Ingredients on one side. Steps flow opposite or below with connecting lines. Stat badges scattered as floating pills. Generous negative space. Lighting: Soft, warm morning cafe light feel emanating from the hero cluster. Premium lifestyle editorial aesthetic, social-feed optimized. Ultra-crisp. No watermark.",超净的现代社论信息图，主题为[手冲咖啡冲泡]流程。主视觉：3-4个物体的风格化平铺或悬浮排列（一个陶瓷V60滤杯，一个哑光黑色鹅颈壶，以及散落的烘焙咖啡豆）——略微倾斜或处于柔和透视中，散发出微妙的光芒。食材部分：标记为‘所需材料’——包含6-8个项目，每个项目旁边带有小图标（例如，‘15g单品咖啡豆’，‘93°C的250ml水’）。排列成一个簇，在视觉上与主视觉相连。步骤部分：5-6个带编号的面板，带有箭头或连接线形成逻辑流程。每个步骤都有一个简短的动作标签和一个相关的小图标。面板使用毛玻璃效果或磨砂卡片样式。统计徽章：4-5个悬浮的药丸形徽章显示相关元数据——总冲泡时间，萃取率，风味特征，咖啡因含量——显示为干净极简的气泡。视觉风格：工匠风格，温暖的社论背景——烘焙棕色，燕麦奶油色，或柔和的铜色调。浓郁的浓缩咖啡强调色。粗体的现代无衬线字体排版。干净的矢量图标。微妙的颗粒或滤纸纹理。构图：主视觉物体簇居中或略微偏移。食材在一侧。步骤在另一侧或下方通过连接线流动。统计徽章作为悬浮药丸散落分布。宽裕的留白空间。光照：柔和、温暖的清晨咖啡馆光线感从主视觉簇散发出来。高级生活方式社论美学，针对社交动态信息流优化。超清晰。无水印。,https://opennana.com/awesome-prompt-gallery/modern-pour-over-infographic
极简高桥流黑白光影海报,https://img.opennana.com/prompts/assets/202604/1777105843164-mf2ry5ba-1777105845465-1.jpeg,"This is an image generation task: Apple designer mindset, top poster master mindset, using Takahashi-style approach to present poster design to present the following text, making it eye-catching and striking at the heart You can intelligently understand the text, not necessarily taking the text verbatim, intelligently organize the text, grasp human nature, and highlight the key points. Especially when I input a large block of text, what you centrally present should be the core text after your understanding and processing Intelligently determine the color matching logic suitable for the text semantics, reasonable layout, and present the copy with a sense of breathing Do not add extra text, display this copy in extra-large font The sun is standing at the door of the night (replaceable)","本次是生成图片任务：
苹果设计师思维，顶级海报大师思维，用高桥流思路
呈现海报设计
表现如下文本，让其抓人，直击人心
你可以智能理解文本，不一定照单全收文本，智能梳理文本， 把握人性，突出看点。尤其是我输入大段文本， 你核心呈现的，应该是你理解和处理后的核心文本
智能判定适合文本语义的配色逻辑，合理排版，有呼吸感的呈现文案
不要额外添加文字， 超大字展示这个文案

太阳就站在黑夜的门口 （可替换）",https://opennana.com/awesome-prompt-gallery/minimal-takahashi-light-poster
宜家风格相爱说明书,https://img.opennana.com/prompts/assets/202604/1777105938841-in6sgn09-1777105946577-1.jpeg,"A vintage IKEA instruction manual spread — clean technical illustration, exploded-view diagram, numbered callouts in Helvetica, minimal Swedish product name (""KÄRLEK""). The product being assembled: ""How to Love Someone."" Components shown: a memory (fig. 1, fragile, handle with dry eyes), a recurring Tuesday (fig. 2, requires anchoring to wall), a learned preference for tea over coffee (fig. 3, alignment critical), a scar tissue section (fig. 4, optional but common). Assembly steps show two silhouettes connecting these parts with an Allen key — step 7 shows one figure offering a tool the other didn't ask for. Warning symbols: ""do not force,"" ""remaining pieces are normal,"" ""may require reassembly annually."" Final image: completed product emitting soft light, but the manual adds a small box — ""batteries not included, source internally."" Flat illustration, warm gray and muted coral palette, the absurd dignity of attempting the impossible, bilingual text (English/Swedish), deadpan poignancy","一本复古的宜家说明书跨页——干净的技术插图，爆炸图，Helvetica字体的编号标注，极简的瑞典语产品名称（""KÄRLEK""）。正在组装的产品：""如何爱一个人""。展示的组件：一段记忆（图1，易碎，请保持眼干处理），一个反复出现的星期二（图2，需要固定在墙上），一种后天养成的对茶而非咖啡的偏好（图3，对齐至关重要），一块疤痕组织部分（图4，可选但很常见）。组装步骤显示两个剪影正用内六角扳手连接这些部件——步骤7显示其中一个人递给另一个人一个对方并没有要求的工具。警告标志：""不要强行拼装""，""剩余零件属于正常现象""，""可能需要每年重新组装一次""。最终画面：组装完成的产品散发着柔和的光芒，但说明书添加了一个小框——""不包含电池，需从内部获取""。扁平化插画，暖灰色和柔和珊瑚色调色板，尝试不可能之事的荒诞尊严，双语文字（英文/瑞典语），面无表情的辛酸感",https://opennana.com/awesome-prompt-gallery/ikea-love-manual
四大革命的美食微缩画,https://img.opennana.com/prompts/assets/202604/1777106466270-nhxsdj7j-1777106470713-1.jpeg,"2x2 grid, do this for 4 famous revolutions with cuisine of their country: select * from culinary_food_art_gallery where historical_subject = '[event_name]' and culinary_medium = '[cuisine_type]' and physical_constraints = '100%_edible_ingredients_only' and plating_base = ( select appropriate_dishware from plating_db where style = '[cuisine_type]' ) and diorama_assets = array[ (select base_terrain from subject_db where event = '[event_name]' format as 'infer_staple_carb([cuisine_type])'), (select primary_structure from subject_db where event = '[event_name]' format as 'infer_main_protein([cuisine_type])'), (select human_figures from subject_db where event = '[event_name]' format as 'infer_vegetables_and_garnishes([cuisine_type])') ] and render_engine = 'macro_food_photography_studio_lighting';","2x2网格, 为4场著名革命及其对应国家的美食执行此操作: select * from culinary_food_art_gallery where historical_subject = '[事件名称]' and culinary_medium = '[美食类型]' and physical_constraints = '100%纯可食用食材' and plating_base = ( select appropriate_dishware from plating_db where style = '[美食类型]' ) and diorama_assets = array[ (select base_terrain from subject_db where event = '[事件名称]' format as '推断主食碳水([美食类型])'), (select primary_structure from subject_db where event = '[事件名称]' format as '推断主要蛋白质([美食类型])'), (select human_figures from subject_db where event = '[事件名称]' format as '推断蔬菜与配菜([美食类型])') ] and render_engine = '微距美食摄影棚灯光';",https://opennana.com/awesome-prompt-gallery/food-dioramas-of-revolutions
复古图书馆的奢华时尚大片,https://img.opennana.com/prompts/assets/202604/1777106582399-3brxruo6-1777106585473-1.jpeg,"A cinematic luxury fashion editorial set inside a grand vintage library with tall wooden bookshelves, soft fog covering the floor, and glowing butterflies floating in the air. A beautiful young woman with short wavy bob hair and soft natural makeup sits centered on a stack of antique books. She wears an elegant flowing satin gown in champagne color, posed gracefully with one hand resting on her face. A luxury designer handbag is placed prominently in front. Dramatic spotlight from above, symmetrical composition, moody atmosphere, shallow depth of field, ultra-realistic, high detail, 8K, fashion magazine style, premium aesthetic, soft shadows, rich tones.",一个电影般的奢华时尚大片场景设置在一座宏伟的复古图书馆内，拥有高耸的木质书架，柔软的薄雾覆盖着地板，发光的蝴蝶在空中漂浮。一位拥有短波浪波波头和柔和自然妆容的美丽年轻女子居中坐在一堆古董书上。她穿着一件优雅飘逸的香槟色缎面长裙，姿态优美，一只手托着脸颊。一个奢华设计师手提包醒目地摆放在前方。戏剧性的顶部聚光灯，对称构图，情绪化氛围，浅景深，超写实，高细节，8K，时尚杂志风格，高级美学，柔和阴影，丰富的色调。,https://opennana.com/awesome-prompt-gallery/vintage-library-luxury-fashion
动感青柠绿保时捷海报,https://img.opennana.com/prompts/assets/202604/1777136189050-3264a3vk-1777136192687-1.jpeg,"A vibrant lime green Porsche 911 GT3 is showcased in a dynamic, graphic poster. The car is positioned in the center, viewed from its left side in a three-quarter profile, facing right. Its sleek, aerodynamic design is emphasized with black accents, large rear spoiler, and distinctive wheels. Subtle overlays of a faded lime green Porsche hint at its branding and lineage in the background. A prominent vertical lime green stripe cuts through the poster, framing the Porsche crest and the ""PORSCHE"" text above the car. Below the vehicle, the ""911 GT3"" model designation is displayed in a bold, stylized font. Graphics illustrating acceleration, power, and top speed are arranged at the bottom, along with descriptive text. The overall composition is clean, modern, and energetic, utilizing a limited color palette of lime green, white, black, and the red, gold, and black of the Porsche emblem. The lighting is bright and even, highlighting the car's contours and the graphic elements of the poster, creating a high-impact visual presentation.",一辆鲜艳的青柠绿保时捷911 GT3在一张充满动感的图形海报中展示。汽车位于中心，从左侧以四分之三侧面视角观看，面向右侧。其流畅的空气动力学设计通过黑色点缀、大型后扰流板和独特的车轮得到强调。背景中微妙的淡青柠绿色保时捷叠加层暗示了其品牌和血统。一条醒目的垂直青柠绿色条纹贯穿海报，框住了汽车上方的保时捷车标和“PORSCHE”文本。在车辆下方，“911 GT3”型号标识以粗体、风格化的字体显示。底部排列着说明加速度、功率和最高速度的图形，以及描述性文本。整体构图干净、现代且充满活力，使用了有限的调色板：青柠绿、白色、黑色以及保时捷徽标上的红、金、黑。照明明亮均匀，突出了汽车的轮廓和海报的图形元素，创造出高冲击力的视觉呈现。,https://opennana.com/awesome-prompt-gallery/dynamic-lime-green-porsche-poster
前卫奢华运动时尚大片,https://img.opennana.com/prompts/assets/202604/1777136281914-vaubyy9q-1777136293017-1.jpeg,"Avant-garde sports fashion advertisement, oversized tennis racket positioned like monumental sculpture, female athlete seated casually on the strings as if a suspended lounge, giant word “PRECISION” in bold typography behind, crisp white studio backdrop, reflective court-like floor, luxury sportswear editorial aesthetic, cinematic lighting, ultra-clean composition, 1:1",前卫运动时尚广告，超大号网球拍像纪念碑雕塑一样摆放，女运动员随意坐在球拍网线上仿佛悬浮的休息椅，身后巨大的粗体排版文字“PRECISION”，干净的白色工作室背景，反光的球场状地板，奢华运动服编辑美学，电影感灯光，极其干净的构图，1:1,https://opennana.com/awesome-prompt-gallery/avant-garde-sports-fashion-1777136357929
零八非主流少女的粉色卧室自拍,https://img.opennana.com/prompts/assets/202604/1777040402096-iwps9cbd-1777040413352-1.jpeg,,"A 2008 QQ Space era non-mainstream girl selfie photo, 3:4 vertical composition, Nokia N73 or Sony Ericsson W580i 2-megapixel phone front camera image quality. Scene: A 15-18 year old girl in front of a pink floral bed sheet in her bedroom at home, holding up the phone for a 45-degree overhead selfie shot——mouth pouted making a duck face, right hand making a V sign close to the cheek covering half of the chin. Styling: hair dyed golden brown big fluffy perm paired with a whale head towering hairstyle, wearing a pink big bow headband, black eyeliner drawn to an exaggerated thickness, pink-purple smoky eyeshadow, clamping a row of false eyelashes, wearing pink glitter sequin lip gloss, wearing a plastic heart diamond necklace around the neck, wearing a pink and white striped princess puff sleeve T-shirt. Background details: ""Happy Camp"" poster and a Fahrenheit group photo wallpaper pasted on the wall, a large pile of plush toys piled on the bedside (giant Hello Kitty, big bear), a colorful MP4 player and Nokia charger on the nightstand, a pink plastic tumbler with a straw. Technical features: low phone pixel + insufficient indoor lighting + front flash causing face whiteout, obvious grainy noise, pink heart edge sticker decorative borders added around the image (typical QQ Space decoration style), small Martian text watermark in the bottom right corner ""﹏Mёi-ζ 2008.9.23"", pink heart emoji + traditional Martian text ""﹎﹎莪哋__圊純"" subtitle in the bottom left corner. The entire photo looks like a low-quality JPEG compressed twice by QQ Space.",https://opennana.com/awesome-prompt-gallery/2008-non-mainstream-girl-pink-bedroom-selfie
前卫运动时尚巨物广告大片,https://img.opennana.com/prompts/assets/202604/1777104138361-nb410ub3-1777104145106-1.jpeg,"Avant-garde sports fashion advertisement, oversized tennis racket positioned like monumental sculpture, female athlete seated casually on the strings as if a suspended lounge, giant word “PRECISION” in bold typography behind, crisp white studio backdrop, reflective court-like floor, luxury sportswear editorial aesthetic, cinematic lighting, ultra-clean composition, 1:1",前卫运动时尚广告，超大号网球拍像纪念碑雕塑一样放置，女运动员随意坐在球拍线上仿佛是一个悬挂的休息区，背后巨大的“PRECISION”单词使用粗体排版，清脆的白色工作室背景，反光的球场般地板，奢华运动装编辑美学，电影感光效，极度干净的构图，1:1,https://opennana.com/awesome-prompt-gallery/avant-garde-sports-fashion
高冲击力耳机产品广告图,https://img.opennana.com/prompts/assets/202604/1777104181047-lji0ifaq-1777104186458-1.jpeg,"High-impact e-commerce infographic for ""Apple Pods Pro 3"" wireless earbuds.
Foreground: An extreme close-up of a hand holding an open, glossy white wireless earbud charging case toward the camera. Inside the case are two sleek white earbuds with black speaker accents. A tiny, glowing green LED status light is visible on the front of the case. The hand and case have a slight macro-lens blur to create a sense of depth.
Central Subject: In the mid-ground, a smiling young woman with freckles and wavy pastel-pink hair. She is wearing a vibrant lime-green knit beanie and a psychedelic, black and white-striped long-sleeve shirt. One white earbud is tucked into her ear.
Background & Lighting: A clean, soft-focus studio backdrop with a light-gray gradient. The scene is accented by diagonal rainbow prism lens flares and soft light leaks. Several blurred white earbuds float artistically in the background. The lighting is soft and professional, highlighting the glossy plastic of the product.
Typography & Layout (Sans-Serif, White):
Top Center (Background): Massive, bold text reading ""AIRPODS"" (positioned behind the model).
Top Right: Bold text reading ""Apple Pods Pro 3"".
Mid-Left: ""Premium sound and noise cancellation""
Mid-Right: Large, bold ""30"" with the text ""hours of battery life.""
Bottom-Right: Large, bold ""1"" with the text ""year warranty.""
Style: 8k resolution, commercial product photography, vibrant color palette, sharp focus on the product case, shallow depth of field, clean advertising aesthetic.","“Apple Pods Pro 3”无线耳机的高冲击力电商信息图。
前景：一只手拿着一个打开的光滑白色无线耳机充电盒朝向相机的极度特写。充电盒内部是两副流畅的白色耳机，带有黑色扬声器点缀。充电盒正面可见一个微小的发光绿色LED状态灯。手和充电盒有轻微的微距镜头模糊，以创造深度感。
中心主体：在中景中，一位面带微笑的年轻女性，长着雀斑和波浪形的柔和粉色头发。她戴着一顶鲜艳的酸橙绿针织毛线帽，穿着一件迷幻的黑白条纹长袖衬衫。一只白色耳机塞在她的耳朵里。
背景与光照：干净的柔焦工作室背景，带有浅灰色渐变。场景以对角线彩虹棱镜镜头光晕和柔和漏光为点缀。几副模糊的白色耳机在背景中艺术地漂浮着。灯光柔和且专业，突出了产品光泽的塑料材质。
排版与布局（无衬线，白色）：
顶部居中（背景）：巨大的粗体文字写着“AIRPODS”（位于模特后方）。
右上角：粗体文字写着“Apple Pods Pro 3”。
中左位置：“优质音效与降噪”
中右位置：大号粗体“30”以及文字“小时的电池续航。”
右下角：大号粗体“1”以及文字“年保修。”
风格：8k分辨率，商业产品摄影，鲜艳的色彩调色板，对产品充电盒的锐利对焦，浅景深，干净的广告美学。",https://opennana.com/awesome-prompt-gallery/high-impact-earbud-ad
东方玄学命理深度解析图,https://img.opennana.com/prompts/assets/202604/1777104266537-tf736a0d-1777104281900-1.jpeg,"Please based on the [hand photo / face photo / hand and face combination photo] I uploaded, create a high-completion, well-designed, shareable ""Oriental Metaphysics Analysis Report Image"".

This is not an ordinary photo description, nor is it simple entertainment fortune-telling, but a visual analysis image combining [traditional Chinese palmistry, physiognomy, I Ching Five Elements, and Traditional Chinese Medicine observation of Qi and complexion theories]. The overall image should present a feeling of ""fortune teller analysis report + ancient metaphysics annotations + high-end visual poster"", allowing users to intuitively see key features, corresponding explanations, and trend warnings.

[Recognition and Analysis Requirements]

Please first determine what is contained in the image:
1. Hand: Focus on analyzing palm prints, palm mounts, hand shape, finger shape, finger joints, fingerprint trends, life line, wisdom line, emotion line, career line, wealth line, and other visible features.
2. Face: Focus on analyzing forehead, eyebrows and eyes, bridge of the nose, cheekbones, nasolabial folds, mouth shape, chin, facial contours, Qi and complexion, facial feature proportions, and overall demeanor.
3. If both hand and face are included, please analyze comprehensively, do not pile up repetitively, and form a unified judgment.

Please extract at least [10 key analysis points], each analysis point must include:
- Visible features: Point out the specific location or shape that can be seen in the photo.
- Metaphysical explanation: Analyze combining palmistry, physiognomy, I Ching Five Elements, or traditional fate language.
- Trend prompt: Express using ""tends to, easily, needs attention, suitable for, may in the near future"" and other ways.
- Action suggestion: Give a practically executable reminder, such as emotion management, work and rest, career rhythm, interpersonal relationships, financial planning, etc.

[Annotation Requirements]

Please use clear lines, arrows, circles, or numbered labels in the image to indicate each key position:
- Palmistry charts can annotate: life line, wisdom line, emotion line, career line, palm mounts, finger joints, base of the thumb, index finger length, ring finger proportion, palm line intersection points, etc.
- Physiognomy charts can annotate: forehead, eyebrows and eyes, bridge of the nose, cheekbones, nasolabial folds, corners of the mouth, chin, ear shape, facial middle third, Qi and complexion areas, etc.
- Each annotation point is numbered with 01, 02, 03..., corresponding to the analysis explanation on the right or below.
- Lines should be delicate, elegant, not messy, and not block the main subject.

[Visual Style]

The overall style should conform to the tone of Oriental metaphysics, fate reading, palmistry, and physiognomy:
- Main color tone: off-white, Xuan paper color, with accents: deep ink black, mystic cyan, antique bronze gold, dark red.
- Style temperament: mysterious, restrained, high-end, ancient book feel, fate report feel.
- Light elements can be added: Bagua patterns, compass scales, Five Elements symbols, ancient book borders, astrological chart thin lines, cinnabar seals, Xuan paper textures.
- Do not make it horror style, vulgar fortune-telling stall style, and do not make it overly cyberpunk.
- The layout should be like a high-end magazine infographic, not a messy screenshot.

[Layout Design]
Make the aspect ratio 3:4

Layout structure suggestions:
1. Top: Title area
   The title can be ""Palmistry and Physiognomy Metaphysics Analysis Report"", ""Oriental Fate Feature Interpretation"", ""Palm Print and Physiognomy Trend Observation"", etc., which should match the content of the photo uploaded by the user.
2. Middle: Main photo analysis area
   Keep the hand or face as the main subject, adding numbers, arrows, and key line annotations.
3. Side or bottom: Ten-point analysis area
   Each point uses a short title + 2-3 lines of explanation, do not make the text too small.
4. Bottom: Comprehensive conclusion area
   Summarize this person's personality tendencies, career and wealth, interpersonal emotions, health and work-rest, and recent reminders.

[Content Tone]

The analysis language should have a traditional metaphysical flavor, but not be absolute, do not say ""definitely"", ""will definitely get rich"", ""will definitely have a disaster"".
Can use:
- ""This line pattern shows that the person mostly...""
- ""From the perspective of the Five Elements weather, it leans towards...""
- ""If the lines here are obvious, it usually represents...""
- ""Recently need to pay attention to...""
- ""Suitable to go in the... direction""
- ""Suggest making adjustments in... aspects""

[Output Goal]

Please finally generate a complete visual analysis image, containing at least 10 numbered analysis points.
The overall image should let people see at a glance ""where has been analyzed, what meaning it corresponds to, what reminders there are"", having both a metaphysical atmosphere and professional layout and high-end design sense.

Note:
- Only analyze based on visible features in the image, do not fabricate invisible information.
- Do not make medical diagnoses, do not give disease conclusions; Traditional Chinese Medicine Qi and complexion content is only used as a life reminder from the perspective of traditional culture.
- Do not appear too many small characters, ensure it can be read clearly on a mobile phone.","请根据我上传的【手部照片 / 面部照片 / 手脸组合照片】，创作一张高完成度、有设计感、适合分享的「东方玄学分析报告图」。

这不是普通的照片说明，也不是简单的娱乐占卜，而是一张结合【中国传统手相、面相、易经五行、中医望诊气色理论】的视觉化分析图。整体应呈现出“命理师分析报告 + 古籍玄学注解 + 高级视觉海报”的感觉，让用户能直观看到关键特征、对应解释和趋势预警。

【识别与分析要求】

请先判断图片中包含的是：
1. 手部：重点分析掌纹、掌丘、手型、指形、指节、指纹走势、生命线、智慧线、感情线、事业线、财运线等可见特征。
2. 面部：重点分析额头、眉眼、鼻梁、颧骨、法令、嘴型、下巴、面部轮廓、气色、五官比例与整体神态。
3. 如果同时包含手和脸，请综合分析，不要重复堆砌，要形成统一判断。

请至少提炼【10个关键分析点】，每个分析点都要包括：
- 可见特征：指出照片中能看到的具体位置或形态。
- 玄学解释：结合手相、面相、易经五行或传统命理语言进行分析。
- 趋势提示：用“倾向于、容易、需要注意、适合、未来一段时间可能”等方式表达。
- 行动建议：给出一句现实可执行的提醒，例如情绪管理、作息、事业节奏、人际关系、财务规划等。

【标注要求】

请在图片中使用清晰的线条、箭头、圆圈或编号标签，标明每个关键位置：
- 手相图可标注：生命线、智慧线、感情线、事业线、掌丘、指节、拇指根部、食指长度、无名指比例、掌心纹路交汇点等。
- 面相图可标注：额头、眉眼、鼻梁、颧骨、法令纹、嘴角、下巴、耳形、面部中庭、气色区域等。
- 每个标注点用 01、02、03……编号，对应右侧或下方的分析说明。
- 线条要细致、优雅，不要杂乱，不要遮挡主体。

【视觉风格】

整体风格要符合东方玄学、命理、手相、面相的调性：
- 主色调：米白、宣纸色，点缀：深墨黑、玄青、古铜金、暗红
- 风格气质：神秘、克制、高级、古籍感、命理报告感。
- 可加入轻微元素：八卦纹、罗盘刻度、五行符号、古籍边框、星盘细线、朱砂印章、宣纸纹理。
- 不要做成恐怖风、低俗算命摊风，也不要过度赛博朋克。
- 排版要像高级杂志信息图，而不是杂乱截图。

【版式设计】
Make the aspect ratio 3:4

版面结构建议：
1. 顶部：标题区  
   标题可为「手相面相玄学分析报告」「东方命理特征解读」「掌纹与面相趋势观察」等，要符合用户上传的图片内容。
2. 中间：主体照片分析区  
   保留手部或脸部主体，加入编号、箭头和关键线条标注。
3. 侧边或下方：十点分析区  
   每一点用简短标题 + 2-3行说明，不要文字太小。
4. 底部：综合结论区  
   总结此人的性格倾向、事业财运、人际情感、健康作息和近期提醒。

【内容语气】

分析语言要有传统玄学味道，但不要绝对化，不要说“必定”“一定会发财”“一定有灾”。  
可以使用：
- “此纹路显示其人多半……”
- “从五行气象看，偏向……”
- “此处若纹路明显，通常代表……”
- “近期需要留意……”
- “适合走……方向”
- “建议在……方面做调整”

【输出目标】

请最终生成一张完整的视觉分析图，至少包含10个编号分析点。  
整体要让人一眼看出“哪里被分析了、对应什么含义、有什么提醒”，既有玄学氛围，又有专业排版和高级设计感。

注意：
- 只基于图片中可见特征分析，不要编造看不见的信息。
- 不做医学诊断，不给出疾病结论；中医气色内容只作为传统文化角度的生活提醒。
- 不要出现过多小字，确保手机上也能清楚阅读。",https://opennana.com/awesome-prompt-gallery/oriental-metaphysics-report
奢华卧房里的印度尤物,https://img.opennana.com/prompts/assets/202604/1777105020661-8eez4cvr-1777105021952-1.jpeg,"A stunningly beautiful young Indian woman with long, silky dark brown hair, perfect symmetrical face, subtle makeup, seductive smile, sitting elegantly on the edge of a luxurious ornate bed in an opulent bedroom. She is wearing a tight, short red dress with white heart patterns all over, white lace trim on the hem, sleeves, and neckline, criss-cross red straps across the deep cleavage, puffy short sleeves, and a tied waist bow. She is barefoot, red nail polish on fingers and toes, gold bracelets on both wrists. 

Her pose is relaxed and seductive: sitting sideways on the bed with legs elegantly crossed, one hand resting on her thigh, the other hand on the satin bedsheet, looking directly at the viewer with a soft seductive smile. 

Bedroom details: grand Victorian-style bedroom with a large ornate dark wood bed featuring a tufted deep red velvet headboard, cream satin sheets and pillows mixed with rich red velvet cushions, heavy burgundy velvet curtains with gold trim, crystal chandelier glowing warmly, elegant bedside lamps, rich carpet, soft cinematic lighting with warm golden tones, highly detailed, photorealistic, 8k, masterpiece, sharp focus, realistic skin texture","一位极其美丽的年轻印度女性，留着长长的柔滑深棕色头发，完美对称的面容，淡妆，诱人的微笑，优雅地坐在华丽卧室里一张豪华雕花床的边缘。她穿着一件紧身短款红色连衣裙，上面布满白色心形图案，裙摆、袖子和领口带有白色蕾丝边，深乳沟处交叉着红色绑带，蓬松的短袖，腰部系着一个蝴蝶结。她赤着脚，手指和脚趾涂着红色指甲油，两只手腕上戴着金色手镯。 

她的姿势放松而诱人：侧坐在床上，双腿优雅地交叉，一只手放在大腿上，另一只手放在缎面床单上，带着柔和诱人的微笑直视观众。 

卧室细节：宏伟的维多利亚风格卧室，有一张带深红色天鹅绒簇绒床头板的大型雕花深色木床，奶油色缎面床单和枕头与浓郁的红天鹅绒抱枕混合搭配，带有金色镶边的厚重酒红色天鹅绒窗帘，散发着温暖光芒的水晶吊灯，优雅的床头灯，华丽的地毯，带有暖金色调的柔和电影级光照，高度详细，照片写实，8k，杰作，锐利对焦，逼真的皮肤纹理",https://opennana.com/awesome-prompt-gallery/luxurious-bedroom-indian-beauty
史诗电影连贯动作定格画册,https://img.opennana.com/prompts/assets/202604/1777105645852-n9pv3h17-1777105649639-1.jpeg,"Create a 63 image grid of cinematic movie stills from the same movie.  randomize the images more so its a cohesive story, add more action scenes in there too. dont have any of the panels matching in similarity to the other",创建一个包含63张图像网格的电影剧照，这些剧照来自同一部电影。更多地随机化图像，使其成为一个连贯的故事，在里面也添加更多的动作场景。不要让任何面板在相似度上与其他面板匹配。,https://opennana.com/awesome-prompt-gallery/epic-movie-action-stills
超现实耐克帽商业信息图,https://img.opennana.com/prompts/assets/202604/1777105609231-q9a930ob-1777105611711-1.jpeg,"A premium infographic-style visual featuring a young man standing confidently beside an oversized Nike cap. The cap is scaled dramatically large, almost equal to the height of the man, creating a bold, surreal product emphasis. The man stands naturally next to it, lightly holding or adjusting the cap, interacting with it in a relaxed, stylish way.
His face must closely match the provided reference image, accurate facial structure, skin tone, hairstyle, and expression, sharp, realistic, and visually appealing.
The Nike cap is ultra-detailed with crisp stitching, visible fabric texture, clean seams, and a sharp, properly proportioned Nike swoosh logo. Subtle wear realism and premium material finish.
Composition is modern and minimal, set in a clean studio or soft gradient background. Include subtle infographic-style elements like thin annotation lines or minimal callouts highlighting features such as “breathable fabric,” “structured fit,” or “premium stitching,” keeping everything elegant and uncluttered.
Lighting is soft studio lighting with controlled highlights and shadows, giving a polished commercial look. The model wears minimal, contemporary streetwear that complements the cap’s color palette.
Color grading is crisp and slightly vibrant, with a professional advertising aesthetic. Balanced composition, sharp focus, slight depth of field for realism.
Style: high-end product infographic, fashion advertisement, clean UI-inspired annotations
Resolution: ultra high resolution, 4K, highly detailed, photorealistic
Optional boosters:
85mm lens, f/2.8
commercial fashion shoot
no distortion, accurate proportions
clean typography, modern layout","一个高级的信息图表风格视觉作品，展示了一个年轻男子自信地站在一个超大号的耐克帽子旁边。帽子被戏剧性地放大，几乎与男人等高，创造出一种大胆的、超现实的产品强调效果。男人自然地站在它旁边，轻轻握住或调整帽子，以放松、时尚的方式与它互动。
他的脸必须紧密匹配提供的参考图像，准确的面部结构、肤色、发型和表情，清晰、逼真且视觉上具有吸引力。
耐克帽子具有超精细的细节，带有清晰的车缝线、可见的织物纹理、干净的接缝，以及一个锐利、比例恰当的耐克对勾标志。微妙的磨损真实感和高级材料表面处理。
构图现代且极简，设置在干净的影棚或柔和渐变背景中。包含微妙的信息图表风格元素，如细长的标注线或极简的引出线，突出“透气面料”、“结构化版型”或“高级车缝线”等特征，保持一切优雅且不杂乱。
灯光是柔和的影棚灯光，带有可控的高光和阴影，呈现出经过润色的商业外观。模特穿着极简的现代街头服饰，与帽子的调色板相辅相成。
调色清晰且略带活力，具有专业的广告美学。平衡的构图，锐利的焦点，轻微的景深以增加真实感。
Style: 高端产品信息图表，时尚广告，干净的受UI启发的标注
Resolution: 超高分辨率，4K，高度详细，照片级逼真
Optional boosters:
85mm镜头，f/2.8
商业时尚拍摄
无畸变，准确的比例
干净的排版，现代的布局",https://opennana.com/awesome-prompt-gallery/surreal-nike-cap-infographic
云海坠落的巨神与巫女,https://img.opennana.com/prompts/assets/202604/1777105754519-v5lcmcin-1777105761674-1.jpeg,"A stunning anime theatrical movie poster in portrait format. Studio Ghibli meets Makoto Shinkai visual language. A teenage girl in a tattered white shrine maiden robe stands on the wing of a crumbling giant stone deity — an ancient colossus covered in moss and glowing golden kanji script, slowly falling through a sea of clouds. Her long black hair streams upward against gravity. She reaches one hand toward the sky where a vast celestial rift tears open the heavens — beyond it, an inverted ocean floats above the clouds, ancient wooden cities hanging upside down from its surface, lanterns drifting like stars. The sky transitions from deep twilight blue at the bottom to a luminous peach and rose gold at the top. Volumetric god rays pierce through cloud layers. Cherry blossom petals and torn paper talismans spiral everywhere. Her expression is calm determination. Art style: hand-drawn 2D animation, ultra-detailed background painting, expressive linework, rich cel shading. Palette: deep indigo, peach, rose gold, warm amber, soft white. Title in large elegant Japanese kanji at the bottom with English subtitle beneath in a clean modern font. Tagline in small white italic text above the title. Mood: mythological, spiritual, bittersweet wonder. Theatrical release quality, Toho Films.",一张令人惊叹的动画剧场版电影海报，采用纵向格式。吉卜力工作室与新海诚视觉语言的碰撞。一位身穿破烂白色巫女服的少女站在一尊崩塌的巨大石头神明的翅膀上——这是一座覆盖着青苔和发光金色汉字文字的古老巨像，正缓缓坠入云海之中。她的长黑发逆着重力向上飘动。她伸出一只手朝向天空，那里有一道巨大的天界裂缝撕裂了苍穹——在裂缝之外，一片倒置的海洋漂浮在云层之上，古老的木制城市倒挂在其表面下，灯笼如星星般飘荡。天空从底部的深暮光蓝色过渡到顶部的发光蜜桃色和玫瑰金色。体积光丁达尔效应穿透云层。樱花花瓣和破碎的纸符咒到处盘旋飞舞。她的表情是平静的坚定。艺术风格：手绘2D动画，超详细的背景绘画，富有表现力的线条，丰富的赛璐璐阴影。调色板：深靛蓝，蜜桃色，玫瑰金，暖琥珀色，柔和的白色。底部有大型优雅的日文汉字标题，其下方是使用简洁现代字体的英文副标题。标题上方有使用小号白色斜体文本的宣传语。氛围：神话色彩，精神层面，苦甜参半的奇妙感。剧场版发行画质，东宝电影。,https://opennana.com/awesome-prompt-gallery/falling-colossus-shrine-maiden
劳力士超现实奢华海报,https://img.opennana.com/prompts/assets/202604/1777106404407-yotzkipa-1777106407707-1.jpeg,"A high-fashion surrealist poster for Rolex. A deep emerald green minimalist studio with a polished reflective floor. A massive Rolex watch stands upright like a monument. A male model in a tailored dark green suit leans casually against the watch face, wearing a matching Rolex.

In the background, bold “ROLEX” typography appears in large elegant serif type, partially occluded.

Top right: “Designed with ChatGPT”.
Bottom center tagline: “Time, perfected. Presence, defined.”

Moody luxury lighting, rich tones, cinematic reflections.
Aspect ratio: 3:4","一张劳力士的高级时尚超现实主义海报。一个深祖母绿色的极简主义工作室，配有光滑的反射地板。一块巨大的劳力士手表像纪念碑一样直立着。一位穿着剪裁考究的深绿色西装的男模特随意地靠在表盘上，佩戴着一块同款劳力士。

在背景中，粗体的“ROLEX”排版以大型优雅的衬线字体出现，部分被遮挡。

右上角：“由ChatGPT设计”。
底部中心标语：“时间，臻于完美。气场，浑然天成。”

情绪化的奢华灯光，丰富的色调，电影般的倒影。
宽高比：3:4",https://opennana.com/awesome-prompt-gallery/rolex-surrealist-luxury-poster
沙漠时尚贵妇与猎鹰,https://img.opennana.com/prompts/assets/202604/1777106870820-3437apoq-1777106871982-1.jpeg,"Core Description: > A high-fashion editorial portrait of a woman in a vast, golden sand dune desert. She is wearing a luxurious, flowing black bisht-style abaya featuring intricate gold beadwork and embroidery along the lapels. On her head, a stylishly wrapped red and white patterned shemagh (keffiyeh), paired with oversized designer sunglasses. Her expression is serene and confident.
Environment & Composition:
Background: Rolling, soft-focus sand dunes under a clear, bright afternoon sky.
Subject: A majestic falcon perched calmly on her gloved arm.
Lighting: Warm, golden hour sunlight creating soft rim lighting on her hair and the falcon’s feathers, with high-contrast shadows to define the desert topography.
Technical Specifications:
Camera & Lens: Shot on 35mm film, 85mm prime lens, f/1.8 aperture for a creamy bokeh background.
Quality: 8K resolution, cinematic color grading, sharp focus on the subject's face and the falcon, highly detailed fabric textures.","Core Description: > 一张高级时尚杂志风格的女人肖像，背景是广阔的金色沙丘沙漠。她身穿一件奢华飘逸的黑色比什特式阿巴亚长袍，翻领处饰有复杂的金色珠饰和刺绣。头上戴着时尚包裹的红白相间图案的阿拉伯头巾（科菲耶），搭配超大号设计师太阳镜。她的表情宁静而自信。
Environment & Composition:
Background: 连绵起伏的柔焦沙丘，上方是晴朗明亮的午后天空。
Subject: 一只威严的猎鹰平静地栖息在她戴着手套的手臂上。
Lighting: 温暖的黄金时刻阳光在她的头发和猎鹰的羽毛上形成柔和的边缘光，同时用高对比度的阴影勾勒出沙漠的地形。
Technical Specifications:
Camera & Lens: 使用35毫米胶片拍摄，85毫米定焦镜头，f/1.8光圈，以呈现奶油般柔滑的散景背景。
Quality: 8K分辨率，电影级调色，对主体面部和猎鹰保持锐利对焦，高度详细的织物纹理。",https://opennana.com/awesome-prompt-gallery/desert-fashion-falcon
潘金莲阳台开窗直播,https://img.opennana.com/prompts/assets/202604/1777046946427-6uz02j3z-1777046953367-1.jpeg,"Pan Jinlian propping open the window on the balcony, bullet comments scrolling ""Ximen Qing has entered the live stream"", Wang Po sending a gift","潘金莲阳台撑窗户，弹幕刷""西门庆已进入直播间""，王婆送礼物",https://opennana.com/awesome-prompt-gallery/pan-jinlian-balcony-live
极简东方风高端精华海报,https://img.opennana.com/prompts/assets/202604/1777046727987-sgz1veci-1777046735012-1.jpeg,"Minimalist Eastern high-end advertising style, high-end skincare brand KV poster, brand name ""BRAND"", overall temperament pure, restrained, with repair, regeneration, anti-aging and pure technology sense
The center of the picture is a high-end essence product, glass bottle body, transparent gradient texture (upper transparent -> lower cold-toned cyan-green), liquid texture is clear, paired with a champagne gold metal bottle cap, the product is placed on a simple circular highlight base (polished stone + metal texture), the structure is clean and neat, edge highlights are clear and sharp, strengthening the product outline and volume sense, as the absolute visual center
Only a small number of exquisite golden energy halos and extremely thin flowing light bands are kept around the product (control the number of particles, avoid excessive decoration), forming a restrained slight S-shaped movement line, spreading outward from the product, symbolizing repair and regeneration energy (light effects are clean, orderly, not cluttered)
An Eastern woman is located slightly to the right behind the picture, half-body looking back with side face, calm and elegant temperament, delicate and natural facial features, cold white and delicate skin presenting a real transparent luster (emphasizing skincare effects), minimalist and high-end makeup, avoiding excessive highlights
Black long hair flows slightly, hair strands are clean and neat, only a small number of faint golden light dots embellish, creating a subtle connection with the product light effects (remove complex flower decorations, overall more restrained)
Wearing semi-transparent silk clothing, simple structure, transparent material, with a very slight metallic luster and soft reflection, avoiding overly strong textures
The light and shadow system is a real studio lighting effect (studio lighting), the warm golden main light source illuminates from the side and rear, the product is the main light focus point, the character is auxiliary light-receiving, the edge light is clean and neat, the volumetric light is extremely weak, only retaining the spatial transparency sense, the overall light control is precise without overexposure
The background is a minimalist light-colored gradient (off-white + warm gold), a large area of clean negative space, no redundant particles and decorations, strengthening the advertising layout space
The bottom of the picture adds restrained cold-toned cyan-green water surface or mineral slice elements (low detail, low contrast), as a symbol of the brand's ""pure technology"", but not stealing the visual center
The color system is strictly controlled: the main color is off-white + gold, embellished with cold-toned cyan-green and champagne gold, overall low saturation, high-end, unified
The composition is a stable center composition, weakening dynamic exaggeration, the overall tends to balance and high-end static expression, visual hierarchy is clear (product > light > character > environment)
Overall style: international high-end skincare brand visual (similar to La Mer / HR / SK-II), emphasizing real texture and restrained expression
Ultra-fine, 8K texture, commercial photography-level real material performance
Negative: too many golden particles, complex decorations, blurry product, fuzzy edges, crowded picture, chaotic light and shadow, messy colors, cheap texture, overexposure","极简东方高级广告风格，高端护肤品牌KV海报，品牌名“BRAND”，整体气质纯净、克制、具有修护、再生、抗老与纯净科技感

画面中心为一款高端精华产品，玻璃瓶身，通透渐变质感（上部透明→下部冷调青绿色），液体质感清晰，搭配香槟金金属瓶盖，产品置于简洁圆形高光底座（抛光石材+金属质感），结构干净利落，边缘高光清晰锐利，强化产品轮廓与体积感，作为绝对视觉中心

产品周围仅保留少量精致金色能量光环与极细流动光带（控制粒子数量，避免过多装饰），形成克制的轻微S型动线，从产品向外扩散，象征修护与再生能量（光效干净、有序、不杂乱）

一位东方女性位于画面后方偏右，半身回眸侧脸，气质冷静优雅，五官精致自然，冷白细腻肌肤呈现真实通透光泽（强调护肤效果），妆容极简高级，避免过多高光

黑色长发轻微流动，发丝干净利落，仅少量微弱金色光点点缀，与产品光效产生微妙联系（去除复杂花朵装饰，整体更克制）

身穿半透明丝绸服装，结构简洁，材质通透，带非常轻微金属光泽与柔和反光，避免过强纹理

光影系统为真实摄影棚光效（studio lighting），暖金色主光源从侧后方照射，产品为主光聚焦点，人物为辅助受光，边缘光干净利落，体积光极弱，仅保留空间通透感，整体光线控制精准不过曝

背景为极简浅色渐变（米白+暖金），大面积干净留白，无多余粒子与装饰，强化广告排版空间

画面底部加入克制的冷调青绿色水面或矿物质切片元素（低细节、低对比），作为品牌“纯净科技”象征，但不抢视觉中心

色彩体系严格控制：主色为米白+金色，点缀冷调青绿色与香槟金，整体低饱和、高级、统一

构图为稳定中心构图，弱化动态夸张，整体趋于平衡与高级静态表达，视觉层级清晰（产品 > 光 > 人物 > 环境）

整体风格：国际高端护肤品牌视觉（类似La Mer / HR / SK-II），强调真实质感与克制表达

超精细，8K质感，商业摄影级真实材质表现

负面：金色粒子过多，装饰复杂，产品模糊，边缘发虚，画面拥挤，光影混乱，颜色杂乱，廉价质感，过曝",https://opennana.com/awesome-prompt-gallery/minimalist-oriental-essence-poster
英伦牛排店的手绘笔记美食照,https://img.opennana.com/prompts/assets/202604/1777046759077-vej3q04j-1777046761395-1.jpeg,"Generate a photo of steak and dessert in a British steakhouse style. Like a photo taken with a smartphone, suitable for posting on Instagram. No people. Then, observe the elements appearing in the photo and add meaningful hand-drawn annotations to each element. 
【Drawing Rules】
・Thin hand-drawn lines like drawn with a white pen
・Rough, slightly uneven one-stroke writing style
・Add outlines like tracing the outer circumference of objects
・Create visual guidance with arrows or dashed lines
【Text Rules】
・English handwritten text 
・Short, comments like talking to oneself
・Tone is ""diary, one-liner, emotional outlet""
【Comment Generation Rules】
・Beverage → Taste, temperature, mood (Example: refreshing, gentle sweetness)
・Food → Texture, deliciousness (Example: moist, the best)
・Space → Atmosphere (Example: relaxing, wonderful time)
・Overall → One-line summary (Example: too happy~)
【Decorations】
・Moderately add steam, sparkles, hearts, small emojis, etc.
・Not excessive, leave ""white space""
【Final Style】
・Instagram story style, rough note style of a magazine, stylish and relaxed atmosphere","生成一张英国牛排店风格的牛排和甜点的照片。像是用智能手机拍摄的、适合发到Instagram的照片。没有人物。然后，观察照片中出现的元素，并为每个元素添加有意义的手绘注释。 
【描写规则】
・像用白色笔画出那样的细手绘线条
・一笔写成风格的粗糙、略微不均匀
・像描摹物体外周那样添加轮廓线
・用箭头或虚线制造视线引导
【文本规则】
・英文手写文字 
・简短，像自言自语一样的评论
・语气是“日记・一言・情感寄托”
【评论生成规则】
・饮料 → 味道・温度・心情（例：清爽、温柔的甜味）
・食物 → 口感・美味（例：湿润、最高）
・空间 → 氛围（例：放松、美好时光）
・整体 → 一言总结（例：幸福过头了～）
【装饰】
・蒸汽、闪闪发光、心形、小表情符号等适度添加
・不过度，留出“空白”
【完成风格】
・Instagram故事风、杂志的粗糙笔记风 ・时尚且轻松的氛围",https://opennana.com/awesome-prompt-gallery/british-steakhouse-doodle-notes
劳拉克劳馥的演变之旅海报,https://img.opennana.com/prompts/assets/202604/1777046831110-38qergk1-1777046835611-1.jpeg,Create a modern design poster showing the evolution of Lara Croft from early Tomb Raider games to modern versions.,创建一张现代设计海报，展示劳拉·克劳馥从早期《古墓丽影》游戏到现代版本的演变。,https://opennana.com/awesome-prompt-gallery/lara-croft-evolution-poster
雷军神曲联名潮鞋,https://img.opennana.com/prompts/assets/202604/1777047056388-62po890u-1777047064172-1.jpeg,"Lei Jun ARE YOU OK co-branded shoes, Xiaomi orange color scheme circuit board texture, ""ARE YOU OK"" shoelaces","雷军ARE YOU OK联名鞋，小米橙配色电路板纹，""ARE YOU OK""鞋带",https://opennana.com/awesome-prompt-gallery/lei-jun-meme-co-branded-shoes
白骨精朱砂点额动人瞬间,https://img.opennana.com/prompts/assets/202604/1777047139150-e1d55uk0-1777047153063-1.jpeg,"White Bone Demon girl applying vermilion to Tang Seng's forehead, cool fingertips touching the center of his eyebrows, red candlelight flickering, breath audible",白骨精少女为唐僧点额朱砂，指尖微凉触眉心，烛影摇红呼吸可闻,https://opennana.com/awesome-prompt-gallery/baigujing-vermilion-forehead
伦敦二十四小时漫步旅行图,https://img.opennana.com/prompts/assets/202604/1777102579840-17v78h4o-1777102582838-1.jpeg,"{
  ""image_generation_prompt"": {
    ""subject"": ""A professional, high-resolution travel infographic poster for a 24-hour London walking tour."",
    ""layout"": {
      ""format"": ""Vertical split layout."",
      ""left_panel"": {
        ""description"": ""A cream-colored, textured marble-style background with gold ornamental borders."",
        ""text_content"": [
          ""Main Title: '24-HOUR WALKING TOUR LONDON, UNITED KINGDOM'"",
          ""Subtitle: 'One City, Five Timeless Stops. A Day to Remember Forever.'"",
          ""Numbered List (1-5):"",
          ""1. Tower of London (8:00 AM) - 'Explore the ancient royal fortress.'"",
          ""2. Tower Bridge (9:30 AM) - 'Walk across the iconic Victorian bridge.'"",
          ""3. Borough Market (12:00 PM) - 'Savor tastes from London's oldest food market.'"",
          ""4. The Shard (3:00 PM) - 'Take in unmatched vertical city views.'"",
          ""5. Southbank & London Eye (7:00 PM) - 'Enjoy a twilight stroll by the Thames.'""
        ]
      },
      ""right_panel"": {
        ""description"": ""An isometric, stylized bird's-eye view illustration of London along the River Thames."",
        ""key_landmarks"": [
          ""Tower of London"",
          ""Tower Bridge"",
          ""Borough Market"",
          ""The Shard"",
          ""London Eye""
        ],
        ""visual_elements"": ""A glowing, continuous golden path connecting the five numbered stops along the river. A nautical compass rose is positioned in the bottom-left corner."",
        ""lighting_atmosphere"": ""Warm, cinematic sunset lighting with golden and orange hues reflecting off the water, transitioning to twilight near the London Eye.""
      },
      ""footer_box"": {
        ""location"": ""Bottom right corner."",
        ""text_info"": ""TOTAL DISTANCE ~ 10 KM / 6.2 MILES | ESTIMATED TIME 24 HOURS ~ 15,000 STEPS""
      }
    },
    ""style"": ""Elegant, polished, clean professional design, cohesive color palette of warm gold, cream, and deep sunset oranges. High-quality vector-like illustration combined with soft realistic lighting.""
  }
}","{
  ""image_generation_prompt"": {
    ""subject"": ""一张专业的、高分辨率的24小时伦敦步行旅游信息图海报。"",
    ""layout"": {
      ""format"": ""垂直分割布局。"",
      ""left_panel"": {
        ""description"": ""奶油色的、带有纹理的大理石风格背景，配有金色装饰边框。"",
        ""text_content"": [
          ""主标题：'24小时步行旅游 伦敦，英国'"",
          ""副标题：'一座城市，五个永恒的站点。难忘的一天。'"",
          ""编号列表 (1-5)："",
          ""1. 伦敦塔 (上午 8:00) - '探索古老的皇家堡垒。'"",
          ""2. 塔桥 (上午 9:30) - '漫步走过标志性的维多利亚时代桥梁。'"",
          ""3. 博罗市场 (中午 12:00) - '品尝伦敦最古老食品市场的风味。'"",
          ""4. 碎片大厦 (下午 3:00) - '欣赏无与伦比的垂直城市景观。'"",
          ""5. 南岸与伦敦眼 (晚上 7:00) - '在泰晤士河畔享受黄昏漫步。'""
        ]
      },
      ""right_panel"": {
        ""description"": ""一幅等距的、风格化的伦敦沿泰晤士河鸟瞰图插图。"",
        ""key_landmarks"": [
          ""伦敦塔"",
          ""塔桥"",
          ""博罗市场"",
          ""碎片大厦"",
          ""伦敦眼""
        ],
        ""visual_elements"": ""一条发光的、连续的金色路径沿着河流连接这五个编号站点。左下角放置了一个航海罗盘玫瑰。"",
        ""lighting_atmosphere"": ""温暖的、电影般的日落光线，金色的和橙色的色调在水面上反射，在伦敦眼附近过渡到黄昏。""
      },
      ""footer_box"": {
        ""location"": ""右下角。"",
        ""text_info"": ""总距离 ~ 10 公里 / 6.2 英里 | 预计时间 24 小时 ~ 15,000 步""
      }
    },
    ""style"": ""优雅的、精良的、干净的专业设计，暖金色、奶油色和深日落橙色的协调调色板。高质量的矢量风格插图结合柔和的现实主义光线。""
  }
}",https://opennana.com/awesome-prompt-gallery/london-24h-walking-tour-map
濒危动物逼真视觉图鉴,https://img.opennana.com/prompts/assets/202604/1777102674845-q34s6we5-1777102678040-1.jpeg,"Create a visually rich infographic about an endangered animal. Start by finding one online, research its habitat, diet, and unique traits. Present information through annotated visuals and structured callouts, not generic sections. Style it like a bold graphic illustration: a detailed, photorealistic central animal as the focal point, supported by diagrams, callouts, and concise text elements. Use clean backgrounds and a mix of photorealism with strong graphic elements (shapes, icons, color blocking) in a layered composition. Make it dense, tactile, and professionally authored.",创建一个关于濒危动物的视觉丰富的信息图。首先在网上找一个，研究它的栖息地、饮食和独特特征。通过带有注释的视觉效果和结构化的标注来呈现信息，而不是通用的板块。将其风格化为粗犷的图形插图：以一个详细的、逼真的中心动物作为焦点，由图表、标注和简洁的文本元素支撑。使用干净的背景，并在分层构图中将逼真感与强烈的图形元素（形状、图标、色块）混合在一起。使其密集、具有触感且专业制作。,https://opennana.com/awesome-prompt-gallery/endangered-animal-visual-guide
皮克斯3D群星闪耀电影海报,https://img.opennana.com/prompts/assets/202604/1777102754753-cnw7i167-1777102761125-1.jpeg,"Pixar 3D CGI animated movie poster style, ensemble cast featuring the most iconic and recognizable characters from [SHOW], all rendered as Pixar-style 3D animated characters with exaggerated expressive faces, smooth stylized skin, big eyes, chunky proportions. Characters automatically selected as the most famous heroes and villains from [SHOW]. Dramatic layered composition: central hero front and center, others fanned behind in dynamic action poses. Background color automatically chosen to match the iconic tone and palette of [SHOW]. Bold title text at bottom: ""SHOW"" in the original film's iconic font style. Cinematic lighting, rim light on characters, deep shadows. vertical aspect ratio. High detail, polished Pixar feature film aesthetic.",皮克斯3D CGI动画电影海报风格，群像阵容包含来自[SHOW]最具标志性和辨识度的角色，所有角色均被渲染为皮克斯风格的3D动画角色，具有夸张的表情丰富的脸庞，光滑的风格化皮肤，大眼睛，粗壮的比例。角色自动选自[SHOW]中最著名的英雄和反派。戏剧性的分层构图：中央英雄位于正前方中心位置，其他人在后方以扇形展开呈动态动作姿势。背景颜色自动选择以匹配[SHOW]的标志性基调和调色板。底部加粗标题文字：“SHOW”，采用原电影标志性的字体风格。电影级光照，角色边缘光，深邃的阴影。竖屏宽高比。高细节，打磨精致的皮克斯动画长片美学。,https://opennana.com/awesome-prompt-gallery/pixar-3d-star-movie-poster
工笔重彩牡丹鸳鸯图,https://img.opennana.com/prompts/assets/202604/1777102807777-thf219dt-1777102813428-1.jpeg,"Traditional Gongbi heavy color style, lakeside garden pavilions. Peonies blooming on the branches, a pair of mandarin ducks perching on the horizontally extending peony branches in the picture, intimate posture, delicate feather layers, elegant colors, presenting exquisite Gongbi line drawing and light color shading effects. Xuan paper texture background, the composition presents elegant flower-and-bird charm. --ar 3:2",传统工笔重彩风格，湖畔园林亭台。枝头牡丹盛开，画面中一对鸳鸯栖息在横向伸展的牡丹枝干上，姿态亲昵，羽毛层次细腻、色彩典雅，呈现精致的工笔勾线与淡彩晕染效果。宣纸质感背景，构图呈现典雅的花鸟情趣。--ar 3:2,https://opennana.com/awesome-prompt-gallery/gongbi-peonies-mandarin-ducks
毛绒毛毡系统控制按钮,https://img.opennana.com/prompts/assets/202604/1777040312102-6wbz42l4-1777040324272-1.jpeg,"A flat-lay collection of fluffy, plush felt iOS control center UI buttons and toggles, all designed in the visual style of [BRAND]. The buttons include rounded squares, pill shapes, and circles — each covered in soft fabric texture matching [BRAND]'s signature colors and materials. Icons on each button (airplane mode, wifi, bluetooth, brightness, volume, flashlight, camera, timer, calculator, focus mode, settings gear) are rendered in [BRAND]'s typography and logo style. Some buttons feature the [BRAND] wordmark or logo embroidered or printed onto the felt surface. Clean studio background with soft shadows. Hyper-realistic 3D render, product photography lighting. 2:3 aspect ratio.",一组毛绒、柔软的毛毡 iOS 控制中心 UI 按钮和开关的平铺展示，全部按照 [BRAND] 的视觉风格设计。这些按钮包括圆角方形、药丸形状和圆形——每个都覆盖着与 [BRAND] 标志性颜色和材质相匹配的柔软织物纹理。每个按钮上的图标（飞行模式、无线网络、蓝牙、亮度、音量、手电筒、相机、计时器、计算器、专注模式、设置齿轮）均以 [BRAND] 的字体和标志风格呈现。一些按钮的特色在于 [BRAND] 字标或标志被刺绣或印制在毛毡表面上。干净的工作室背景带有柔和的阴影。超写实 3D 渲染，产品摄影灯光。2:3 宽高比。,https://opennana.com/awesome-prompt-gallery/plush-felt-system-controls
刘亦菲白纱香水大片,https://img.opennana.com/prompts/assets/202604/1777047061186-dbzjdg4f-1777047067522-1.jpeg,"Liu Yifei endorsing Oriental perfume, white veil flowing petals falling, side profile watery glowing skin",刘亦菲代言东方香水，白纱飘逸花瓣飘落，侧脸水光肌肤,https://opennana.com/awesome-prompt-gallery/liu-yifei-white-veil-perfume
四大美女古典明信片,https://img.opennana.com/prompts/assets/202604/1777046982893-2nno67c4-1777047005785-1.jpeg,"Four beauties postcards, Xi Shi washing silk, Wang Zhaojun departing for the frontier, Diaochan worshiping the moon, Yang Guifei getting drunk",四大美女明信片，西施浣纱昭君出塞貂蝉拜月贵妃醉酒,https://opennana.com/awesome-prompt-gallery/four-beauties-classical-postcards
鼻尖相触的白骨精与唐僧,https://img.opennana.com/prompts/assets/202604/1777047133693-ev91wzj8-1777047149838-1.jpeg,"White Bone Demon girl cupping Tang Sanzang's face, gazing into his eyes, noses lightly touching, hesitating to speak, under the peach blossom tree, petals falling",白骨精少女捧唐僧脸凝望双眼，鼻尖轻触欲言又止，桃花树下花瓣纷落,https://opennana.com/awesome-prompt-gallery/nose-touching-between-demon-and-monk
逆光白纱的日系浪漫,https://img.opennana.com/prompts/assets/202604/1777036599593-qhyc1d5q-1777036625130-1.jpeg,"9:16, Japanese-style film photograph, Fujifilm aesthetic, shot on pushed Fuji Pro 400H at ISO 800 prominent visible film grain throughout, warm and intimate. A stunning Korean female idol wearing a sexy modern ivory wedding dress, photographed outdoors in an open wildflower meadow during golden hour, strong backlight from the setting sun behind her.   She stands in a confident body-twist pose — upper body facing the camera, weight shifted to her right hip, left knee slightly bent. Her dress is a form-fitting mermaid silhouette with a deep V-neckline revealing her collarbones, ultra-thin   spaghetti straps, a dramatic open back exposing her entire back, and a thigh-high slit on the right side revealing her long leg as the skirt fabric parts. The dress is made of ivory silk satin with a sheer tulle overlay that catches the   backlight, creating a luminous glow. A delicate pearl waist chain sits at her narrow waist. A single-layer cathedral-length veil of translucent tulle extends behind her head, caught by the wind and billowing upward like a white sail — sunlight    streaming through the veil creates a massive, dreamy halo of diffused light around her head and shoulders.   She looks directly at the camera with a radiant, genuine Duchenne smile — her eyes crinkle warmly at the corners, teeth showing, eyes bright and happy, as if someone she loves just called her name. Her gaze is warm and inviting with a subtle   playful spark. Her left hand is raised, fingers gently touching the floating veil near her face, an effortless gesture that's both elegant and natural. Her right hand rests at her side near the slit of the dress.   The backlight is powerful and golden — the low-angle sun at about 10-15 degrees directly behind her creates:   1. A bright golden halo through her veil that wraps around her head and upper body   2. Strong rim light outlining her hair, bare shoulders, and back in warm gold   3. An angelic ring of light in her wind-blown hair   4. Subtle subsurface scattering on her ear edges and fingers   5. The tulle overlay of her dress glowing translucent gold where sunlight passes through   6. Natural warm lens flare with soft golden light streaks entering the frame   Her face is lit by soft natural fill light from environmental reflection — cool pink-toned Fujifilm skin that glows with health and warmth, no harsh shadows. Her hair is wind-swept, dark brown strands flying freely, each one outlined in gold   by the backlight.   Background: completely dissolved into creamy bokeh at f/1.4 — soft washes of golden-green meadow, blurred wildflowers, distant tree silhouettes, and a warm overexposed sky. Everything behind her melts into impressionistic color fields.   Fuji Pro 400H pushed to ISO 800 color science — prominent visible film grain (0.4-0.5) coating the entire image, especially noticeable in shadow areas. Cool pink skin tones (Fujifilm signature), greens rendered in fresh teal-cyan, highlights   in warm peach-gold (from backlight), shadows leaning violet-blue. Low contrast (0.8), slightly lifted black point for a gentle foggy film feel. The grain adds texture and warmth — it feels like a real photograph you'd find in a Japanese   fashion magazine.   Strong natural vignette (0.35) drawing the eye toward her luminous face and the halo around her. 35mm lens at f/1.4, shallow depth of field with characteristically rounded Fujinon bokeh, slight warm barrel distortion at edges.A breeze lifts her veil and dress. She is laughing at someone behind the camera. The whole frame radiates joy, warmth, and confident beauty a sundrenched, grainy, imperfectly perfect moment.   Masterpiece, best quality, editorial bridal photography, Japanese film aesthetic, Fujifilm pushed grain look, 8K UHD, photorealistic, accurate golden backlight rendering, translucent veil light transmission, individual hair strands in   backlight, natural Duchenne smile with eye crinkles, visible film grain throughout.",9:16，日系胶片摄影，富士美学，在ISO 800下迫冲富士Pro 400H拍摄，全画面具有明显的可见胶片颗粒，温暖而亲密。一位迷人的韩国女偶像穿着性感的现代象牙白婚纱，在黄金时刻于户外开阔的野花草地中被拍摄，身后落日形成强烈的逆光。   她以自信的身体扭转姿势站立——上半身面向镜头，重心移至右臀，左膝微曲。她的连衣裙是贴合身材的鱼尾轮廓，深V领露出锁骨，极细的   细吊带，戏剧性的露背设计露出整个背部，右侧有开到大腿根部的开叉，随着裙摆分开露出她修长的腿。这件连衣裙由象牙色丝绸缎面制成，带有捕捉   逆光的透明薄纱覆盖层，创造出明亮的光辉。一条精致的珍珠腰链位于她纤细的腰部。一层教堂长度的半透明薄纱头纱从她脑后延伸，被风吹起像白帆一样向上鼓起——阳光    穿透头纱，在她头部和肩部周围形成一个巨大的、梦幻的漫射光晕。   她直视镜头，露出灿烂、真诚的杜兴微笑——她的眼角温暖地弯曲，露出牙齿，眼神明亮而快乐，仿佛她爱的人刚刚呼唤了她的名字。她的目光温暖而诱人，带着一丝微妙   俏皮的光芒。她的左手抬起，手指轻轻触碰脸旁漂浮的头纱，这是一个毫不费力、既优雅又自然的姿态。她的右手放在身侧靠近裙子开叉的地方。   逆光强烈而金黄——位于她正后方约10-15度低角度的太阳产生了：   1. 透过她头纱的明亮金色光晕，环绕着她的头部和上半身   2. 强烈的轮廓光，用温暖的金色勾勒出她的头发、裸露的肩膀和背部   3. 在她被风吹动的头发中形成天使般的光环   4. 耳朵边缘和手指上微妙的次表面散射   5. 阳光穿过的地方，她裙子的薄纱覆盖层发出半透明的金色光芒   6. 自然的温暖镜头眩光，带有进入画面的柔和金色光线   她的脸部由来自环境反射的柔和自然补光照亮——冷粉调的富士肤色散发出健康和温暖的光泽，没有生硬的阴影。她的头发随风飘动，深棕色的发丝自由飞舞，每一根都被逆光   勾勒出金色的边缘。   背景：在f/1.4光圈下完全融化为奶油般的散景——金黄色草地的柔和渲染、模糊的野花、远处的树木剪影，以及温暖过曝的天空。她身后的一切都融化成印象派的色块。   富士Pro 400H迫冲至ISO 800的色彩科学——明显的可见胶片颗粒（0.4-0.5）覆盖整个图像，在阴影区域尤为明显。冷粉肤色（富士标志性特征），绿色呈现为清新的青蓝色，高光   为温暖的蜜桃金（来自逆光），阴影偏向紫蓝色。低对比度（0.8），稍微提升黑位以营造柔和的雾面胶片感。颗粒增加了质感和温度——感觉就像你在日本   时尚杂志上能看到的一张真实照片。   强烈的自然暗角（0.35）将视线吸引到她明亮的脸庞和周围的光晕上。35mm镜头在f/1.4光圈下，浅景深具有典型的圆形富士龙散景，边缘有轻微温暖的桶形畸变。一阵微风吹起她的头纱和裙子。她正在对着相机后面的某个人大笑。整个画面散发着欢乐、温暖和自信的美——一个阳光沐浴、充满颗粒感、不完美的完美瞬间。   杰作，最佳质量，杂志大片级新娘摄影，日系胶片美学，富士迫冲颗粒感外观，8K超高清，照片级真实，准确的黄金逆光渲染，半透明头纱的光线透射，逆光下的独立发丝，带有眼角弯曲的自然杜兴微笑，全画面可见胶片颗粒。,https://opennana.com/awesome-prompt-gallery/backlight-veil-japanese-romance
草莓奶昔双生少女拼接照,https://img.opennana.com/prompts/assets/202604/1777039692433-r9dsnef3-1777039702346-1.jpeg,"It creates two girls, without altering their faces, making them exact replicas of the reference image. A photorealistic diptych of two horizontal shots, with great skin detail, natural facial texture, bright sunlight, and a lifestyle editorial aesthetic. The central focus of the composition is a single glass, which connects both frames and creates a visual illusion. A clear plastic cup with a strawberry milkshake sits on the edge between the upper and lower frames. The girl below, in the first photo, extends her arm upward from the lower frame and holds the cup at waist level. She wears a thin bracelet on her wrist. Her hand passes through the space between the frames, as if she is pouring the drink upward. A light-colored straw emerges from the cup, pointing toward the upper frame directly at the lips of the girl above. The girl above, in the second uploaded photo, drinks through the straw, her lips slightly pursed, creating the impression that two versions of the same girl are interacting. The glass is filled with a strawberry milkshake, with condensation and light reflections visible on the transparent walls. This element is positioned right in the center of the composition, uniting both images into a single creative shot.
Image: Top shot: A girl with her hair pulled back in a high, voluminous, and casual bun, with soft waves and loose strands framing her face. She wears narrow, transparent, rimless glasses. Clothing: An oversized yellow crew-neck T-shirt with short, elbow-length sleeves. On the chest, a minimalist cat print.
Bottom shot: Very long, straight, and sleek hair, parted in the middle. Large, glossy black sunglasses. Lips pursed in a kissing pose. She wears a bracelet on her wrist. She wears an oversized green urban-style T-shirt with a large black and white print on the chest: the word ""CATS"" underneath. It is loose-fitting and has short sleeves.
background: An elegant, tall, black brick building, slightly out of focus. RA. 9:16.","它创作了两个女孩，没有改变她们的脸部，使她们成为参考图像的精确复制品。两张水平照片的写实拼接画，具有极佳的皮肤细节、自然的面部纹理、明亮的阳光和生活方式编辑美学。构图的中心焦点是一个单独的玻璃杯，它连接了两个画框并创造了视觉错觉。一个装有草莓奶昔的透明塑料杯位于上下画框之间的边缘。下面第一张照片中的女孩从下画框向上伸出她的手臂，并在腰部水平握住杯子。她的手腕上戴着一条细手链。她的手穿过画框之间的空间，仿佛她正在向上倾倒饮料。一根浅色的吸管从杯子中伸出，指向上画框中上方女孩的嘴唇。上面第二张上传照片中的女孩通过吸管喝饮料，她的嘴唇微微噘起，营造出同一女孩的两个版本正在互动的印象。玻璃杯里装满了草莓奶昔，透明杯壁上可见冷凝水和光线反射。这个元素正好位于构图的中心，将两张图像结合成一个富有创意的镜头。
图像：上方镜头：一个女孩将头发向后梳成一个高耸、蓬松且随意的发髻，柔和的波浪和散落的发丝环绕着她的脸。她戴着窄边透明无框眼镜。服装：一件宽松的黄色圆领T恤，带有及肘的短袖。胸前有一个极简的猫图案。
下方镜头：非常长、直且光滑的头发，中分。大号光滑的黑色太阳镜。嘴唇呈亲吻姿势噘起。她的手腕上戴着一条手链。她穿着一件宽松的绿色城市风格T恤，胸前有一个黑白相间的大图案：下面是单词“CATS”。它宽松合身，带有短袖。
背景：一栋优雅高耸的黑色砖块建筑，略微失焦。RA. 9:16。",https://opennana.com/awesome-prompt-gallery/strawberry-milkshake-twins
超现实巨型洞洞鞋时尚大片,https://img.opennana.com/prompts/assets/202604/1777039727216-7vbtkmj3-1777039738980-1.jpeg,"A high-fashion surrealist advertising poster for Crocs. The scene is set in a minimalist, monochrome light blue studio with a semi-reflective floor. 
The central focus is an oversized, giant white Croc clog positioned on its heel at a diagonal angle, serving as a backrest. A fashion model with long dark hair, dressed in a clean, all-white coordinated sweatshirt and wide-leg trousers, leans her entire back against the giant shoe in a relaxed, leaning posture. She is facing right in profile, looking ahead with a serene expression, and wearing standard-sized white Crocs.
In the background, the word ""CROCS"" is written in massive, bold, white condensed sans-serif typography, partially occluded by the giant shoe and the model to create a sense of depth. At the  top right, ""Designed with ChatGPT"" 
At the bottom center, a white sans-serif tagline reads: ""Made for comfort, worn for confidence. Because life feels better when your feet stop complaining."" The lighting is soft, cool, and even, casting gentle shadows and a soft reflection of the subjects on the glossy blue floor. The overall aesthetic is clean, modern, and high-concept.

Make the aspect ratio 3:4","一张为洞洞鞋制作的高级时尚超现实主义广告海报。场景设定在一个极简的、单色浅蓝色工作室中，带有半反射地板。
中心焦点是一只超大号的白色洞洞鞋，以其鞋跟为支撑点呈对角线角度放置，作为靠背。一位留着深色长发的时尚模特，穿着干净的全白色配套连帽衫和阔腿裤，以放松的倾斜姿势将整个背部靠在巨大的鞋子上。她面朝右侧呈侧面轮廓，带着宁静的表情向前看，穿着标准尺寸的白色洞洞鞋。
在背景中，以巨大、粗体、白色的 condensed 无衬线字体写着“CROCS”一词，部分被巨大的鞋子和模特遮挡以创造深度感。在右上角，“Designed with ChatGPT”
在底部中心，一条白色无衬线标语写道：“Made for comfort, worn for confidence. Because life feels better when your feet stop complaining.” 灯光柔和、清冷且均匀，在光滑的蓝色地板上投射出柔和的阴影和主体的柔和倒影。整体美学是干净、现代和高概念的。
将宽高比设为 3:4",https://opennana.com/awesome-prompt-gallery/surreal-giant-crocs-fashion
淡紫宋风汉服绝美网红,https://img.opennana.com/prompts/assets/202604/1777040056441-k4myvqj1-1777040097368-1.jpeg,"An 18-year-old beautiful internet celebrity from China, model figure, large breasts, wearing a flowing light purple Song Dynasty Hanfu, matching the outfit's hairstyle and headwear, shoes, photo pose, background, lens shooting front full body, 9:16",一位來自中國的18歲網紅美女，模特兒身材，大胸部，身穿飄逸淡紫色系宋朝漢服，搭配服裝的髮型跟頭飾、鞋子、拍照姿勢、背景，鏡頭拍攝正面全身，9:16,https://opennana.com/awesome-prompt-gallery/light-purple-song-hanfu-beauty
复古报纸头版头条摄影,https://img.opennana.com/prompts/assets/202604/1777040876412-v05bfxb4-1777040880144-1.jpeg,"Generate an XX newspaper, you can make up a front-page headline based on this photo, like real photography, vintage texture",生成一张xx报纸，根据这张照片可以编一个头版头条标题，像真实的摄影，复古质感,https://opennana.com/awesome-prompt-gallery/vintage-newspaper-front-page-1777040908307
终结AI之战电影海报,https://img.opennana.com/prompts/assets/202604/1777041018810-8cmfd2qk-1777041022928-1.jpeg,"A cinematic epic sci-fi fantasy movie poster featuring three powerful tech leaders standing together as rival kings of artificial intelligence, dramatic futuristic battlefield, dark stormy sky, glowing AI energy, towering digital fortress in the background, armies of advanced robots below, intense blue and golden lighting contrast, ultra-detailed armor-inspired futuristic outfits, heroic serious expressions, high-budget streaming series poster style, dramatic composition, sharp facial details, atmospheric smoke, lightning, sparks, cinematic depth, professional poster typography with the title “THE FINAL AI BATTLE”, subtitle “The future is intelligent. The battle is real.”, 4:3 aspect ratio",一张电影般的史诗科幻奇幻电影海报，以三位强大的科技领袖站在一起作为人工智能的敌对王者为特色，戏剧性的未来战场，黑暗的风暴天空，发光的AI能量，背景中高耸的数字堡垒，下方是先进机器人的军队，强烈的蓝色与金色光线对比，超细节的受盔甲启发的未来服装，英雄般严肃的表情，高预算流媒体剧集海报风格，戏剧性的构图，清晰的面部细节，氛围烟雾，闪电，火花，电影般的深度，带有标题“THE FINAL AI BATTLE”的专业海报排版，副标题“The future is intelligent. The battle is real.”，4:3宽高比,https://opennana.com/awesome-prompt-gallery/the-final-ai-battle-poster
梦幻柔光奢美护肤广告,https://img.opennana.com/prompts/assets/202604/1777041058547-f2dhnjg4-1777041062079-1.jpeg,"Luxury aesthetic skincare advertisement,soft pastel background, warm golden sunlight, dreamy soft focus, feminine vanity setup with mirror, pearls, candle and baby breath flowers.Cozy purple fluffy surface, high-end beauty branding style, ultra realistic, 4k, studio lighting, glossy reflection, soft shadows, bokeh background.
Add cute doodle elements (white and purple hand-drawn arrows, sparkles, hearts), handwritten notes and stickers.

Text overlay: ""Glowy Skin In A Bottle"" (big hand writing font)""Nourish • Hydrate • Glow""
""For Soft, Smooth & Glowing Skin"",""Self care Everyday""
clean composition, aesthetic, viral beauty ad style, Instagram / TikTok/ X friendly (but no UI), premium soft feminine branding","奢美风护肤广告，柔和粉彩背景，温暖的金色阳光，梦幻柔焦，带有镜子、珍珠、蜡烛和满天星的女性梳妆台布置。舒适的紫色毛绒表面，高端美妆品牌风格，超写实，4k，影棚灯光，光泽反射，柔和阴影，散景背景。
添加可爱的涂鸦元素（白色和紫色手绘箭头、闪光、爱心），手写笔记和贴纸。

文字叠加：“Glowy Skin In A Bottle”（大手写字体）“Nourish • Hydrate • Glow”
“For Soft, Smooth & Glowing Skin”，“Self care Everyday”
干净的构图，具有美感，爆款美妆广告风格，适合 Instagram / TikTok/ X（但无 UI），高级柔和的女性品牌",https://opennana.com/awesome-prompt-gallery/dreamy-luxury-skincare
奢华酒红高定礼服杂志封面,https://img.opennana.com/prompts/assets/202604/1776962668205-vu26jp6p-1776962669945-1.jpeg,"A luxury high-fashion magazine cover. Magazine name at the very top in massive elegant serif font reads ""LUMIÈRE"" — the letters are large, slightly transparent/ghost-style overlapping the model's head just like ELLE magazine, in soft platinum silver color blending into the background.
Character: A young beautiful white woman, early 20s, soft feminine features, big blue eyes, naturally full lips, flawless porcelain skin, subtle makeup — rosy cheeks, nude lips, defined brows. Her hair is platinum blonde, long and wavy, loosely flowing over one shoulder. She looks directly into the camera with a soft yet powerful gaze. Slight tilt of the head, naturally elegant posture.
Outfit: She is wearing a dramatic deep burgundy wine-red ballgown — structured corset top with off-shoulder neckline, voluminous layered satin skirt billowing around her dramatically. Behind her shoulders, large sculptural fabric rises like rose petals — same architectural drama as reference. She leans slightly forward, both hands resting gently on her knees.
Background: Pure soft warm white/ivory background — completely clean, minimal, high-end studio editorial. Soft diffused light, no harsh shadows.
Typography — placed EXACTLY like ELLE magazine reference:
Top: ""LUMIÈRE"" massive serif, platinum/silver, overlapping model's head slightly
Left mid: ""GRACE & POWER"" bold serif, then smaller below ""THE NEW VISION OF LUXURY""
Right mid: ""TIMELESS & FEARLESS"" bold, then ""PURE OPULENCE"" smaller below
Bottom right large: ""ICONIC & UNSTOPPABLE"" elegant large serif
All text in deep charcoal/dark navy. Font style: classic high fashion serif — same weight, spacing, and elegance as ELLE. Text naturally integrated into the composition, NOT floating randomly.
Ultra photorealistic, 8K, real magazine cover quality, perfect typography placement, vertical 9:13 format.","一个奢华的高级时尚杂志封面。杂志名称在最顶部以巨大的优雅衬线字体显示为""LUMIÈRE""——字母很大，略微透明/幽灵风格地与模特的头部重叠，就像《ELLE》杂志一样，采用柔和的铂金银色融入背景。
角色：一位年轻美丽的白人女性，20岁出头，柔和的女性特征，蓝色大眼睛，自然丰满的嘴唇，无瑕的瓷白肌肤，淡妆——玫瑰色脸颊，裸色嘴唇，立体的眉毛。她的头发是铂金色的，长而卷曲，松散地垂在一侧肩上。她直视镜头，目光柔和而有力。头部轻微倾斜，姿态自然而优雅。
服装：她穿着一件引人注目的深勃艮第酒红色舞会礼服——带有露肩领口的塑形紧身胸衣上衣，巨大的分层缎面裙摆在她周围戏剧性地飘扬。在她的肩膀后方，巨大的雕塑感面料像玫瑰花瓣一样升起——与参考图具有相同的建筑戏剧性。她微微前倾，双手轻轻放在膝盖上。
背景：纯净柔和的暖白色/象牙色背景——完全干净、极简、高端影棚大片。柔和的漫射光，没有刺眼的阴影。
排版——完全像《ELLE》杂志参考图一样放置：
顶部：""LUMIÈRE""巨大衬线体，铂金/银色，略微重叠模特的头部
左中：""GRACE & POWER""粗体衬线体，然后下方较小的""THE NEW VISION OF LUXURY""
右中：""TIMELESS & FEARLESS""粗体，然后下方较小的""PURE OPULENCE""
右下大字：""ICONIC & UNSTOPPABLE""优雅的大号衬线体
所有文字均为深炭色/深海军蓝。字体风格：经典的高级时尚衬线体——与《ELLE》具有相同的粗细、间距和优雅感。文字自然地融入构图中，而不是随机漂浮。
超写实，8K，真实杂志封面质量，完美的排版放置，竖版 9:13 格式。",https://opennana.com/awesome-prompt-gallery/luxury-wine-gown-magazine-cover
武则天同款皇后内衣广告大片,https://img.opennana.com/prompts/assets/202604/1776964002818-p1whj0qy-1776964003329-1.jpeg,"Empress underwear advertising blockbuster in the same style as Wu Zetian, bright yellow background with dragon embroidery, set off by bright red silk ribbons",武则天同款皇后内衣广告大片，明黄底色龙纹刺绣，大红丝绸飘带衬托,https://opennana.com/awesome-prompt-gallery/wu-zetian-empress-underwear
地铁车厢抓拍低头看手机女孩,https://img.opennana.com/prompts/assets/202604/1776964667004-kwqmhd5f-1776964667357-1.jpeg,"Inside the subway carriage, a young woman sits on a seat near the door, looking down and focused on her phone, showing a natural state, not looking at the camera. She is wearing a gray tight top, a black short skirt, and white sneakers, with long hair falling naturally. The character is located in the right third of the frame, with a blurred foreground obstruction on the left, creating a candid shooting perspective. The door and handrails form clear vertical lines, guiding the line of sight. The overall tone is the cold-toned subway lighting, soft top light, without obvious strong shadows, shallow depth of field makes the subject clear, and the background is slightly blurred. The image has a real camera graininess and a slightly imperfect composition, showing a real moment of a casual snapshot, rather than a posed shot.",在地铁车厢内，一位年轻女性坐在靠近车门的座位上，低头专注于手机，展现出自然的状态，没有看向镜头。她穿着灰色紧身上衣、黑色短裙和白色运动鞋，长发自然垂落。人物位于画面右侧三分之一的位置，左侧有模糊的前景遮挡，营造偷拍视角。车门与扶手形成清晰的垂直线条，引导视线。整体为冷色调的地铁灯光，柔和的顶光，没有明显的强烈阴影，浅景深使主体清晰，背景略微虚化。画面具有真实相机的颗粒感和轻微不完美的构图，展现随手抓拍的真实瞬间，而非摆拍。,https://opennana.com/awesome-prompt-gallery/subway-candid-girl-on-phone
黑木崖红衣飞针傲立悬崖,https://img.opennana.com/prompts/assets/202604/1776964144695-g48pjbji-1776964145250-1.jpeg,"Dongfang Bubai's embroidery needles flying swiftly, dressed in red with long hair standing on a cliff, the sunset at Heimuya as red as blood",东方不败绣花针如飞，红衣长发立于悬崖，黑木崖夕阳如血,https://opennana.com/awesome-prompt-gallery/heimu-ya-red-flying-needle-cliff
暗黑吕布双形态Boss设定,https://img.opennana.com/prompts/assets/202604/1776964199985-e9o6x94e-1776964200897-1.jpeg,"Lu Bu game boss design, Red Hare and Sky Piercer, dark evolution form dual form comparison",吕布游戏Boss设定，赤兔马方天画戟，暗黑进化形态双形态对比,https://opennana.com/awesome-prompt-gallery/dark-lu-bu-dual-form-boss
西游八十一难妖怪图鉴,https://img.opennana.com/prompts/assets/202604/1776993717703-ds7ysb8w-1776993718304-1.jpeg,"Infographic of monsters encountered in the 81 tribulations of Journey to the West, flowing timeline with icons, vertical design",西游记81难所遇妖怪的信息图，流水型时间轴配图标，竖版设计,https://opennana.com/awesome-prompt-gallery/journey-to-the-west-monsters-infographic
超清电影级图片画质高清修复,https://img.opennana.com/prompts/assets/202604/1777000101790-xraz6wdh-1777000113003-1.png,"Ultra-premium 8K: Eleva imagen a calidad cine. Conserva 100% identidad, rasgos y composición. Recupera microdetalles: ojos nítidos, poros y cabello real. Fotorrealista, sin pixelado, alto contraste, calidad estudio.",超高级 8K：将图像提升至电影级画质。保持 100% 的身份、特征和构图。恢复微细节：清晰的眼睛、毛孔和真实的头发。照片写实，无像素化，高对比度，影棚级质量。,https://opennana.com/awesome-prompt-gallery/ultra-cinema-quality-enhance
高细节角色设定图与表情拆解,https://img.opennana.com/prompts/assets/202604/1777000153696-2nz04mbk-1777000155626-1.jpeg,"Based on this character [[ character name  ]]  create a high detailed character sheet ・Include 4-view diagrams: full body front, side, half body shot, and back ・Add variations of the character's facial expressions ( 4 variations ) ・Break down and display detailed parts of the costume ・Add a color palette Add a large close up shot of the face Add a description of his personality  , All the descriptions write it in Japanese ・Overall, use an organized layout (white background, illustrative style) High resolution, professional concept art style 4k quality , cel shading",基于这个角色 [[ 角色名称 ]] 创建一个高细节的角色设定图 ・包含四视图：全身正面、侧面、半身镜头，以及背面 ・添加角色的面部表情变体 ( 4 种变体 ) ・拆解并展示服装的详细部分 ・添加一个调色板 添加一张面部的超大特写镜头 添加对他的性格的描述，所有的描述用日语书写 ・总体而言，使用有组织的布局 (白色背景，插画风格) 高分辨率，专业概念艺术风格 4k质量，赛璐璐阴影,https://opennana.com/awesome-prompt-gallery/high-detail-character-sheet
复古报纸主角头版设计,https://img.opennana.com/prompts/assets/202604/1777000358060-t68vxfds-1777000360789-1.jpeg,"Create the most realistic front page design of a vintage newspaper featuring the main character. The layout should be made in the style of a real printed newspaper with a cinematic black-and-white aesthetic.
The main photo should be prominently placed in the center, framed, like the image in the title of the article. The subject in the photo should remain unchanged and clearly distinguishable in natural light and slightly increased contrast in order to match the spectacular editorial style.
Create a bold, attention-grabbing headline at the top (create a unique title that matches the spirit of the photo - it can be romantic, mysterious, funny, or dramatic). Add a smaller subtitle under it, which will look like a real newspaper caption.
Add realistic newspaper elements:
Columns of small text (in the style of lorem ipsum, but framed like real news)
At the top is the fictitious name of the publication (for example, “The Daily Prompts”, “AI Times” or similar - think creatively, according to the picture)
Date, issue number and location
Decorative lines, dividers, and vintage typography
Small additional articles or captions to the main image
Optional stamps, doodles, or editorial notes to add personality.
Style:
Black and white or slightly faded monochrome paper
Fine paper texture, grain, and ink defects
Small shadows and creases that mimic real printed paper
The aesthetics of a clean but slightly worn vintage newspaper
Mood: Give the design personality, expressiveness and plot, as if the plot is part of the main article.
Aspect ratio: 4:5 or 1:1
High-detail, ultra-realistic hybrid of editorial photography and print design.","创作一张以主角为特色的复古报纸最逼真的头版设计。布局应采用真实印刷报纸的风格，并具有电影般的黑白美学。
主照片应显眼地放置在中心，带有画框，就像文章标题中的图片一样。照片中的主体应保持不变，在自然光和略微增加的对比度下清晰可辨，以匹配引人注目的编辑风格。
在顶部创建一个醒目的、吸引眼球的标题（创建一个符合照片精神的独特标题——它可以是浪漫的、神秘的、有趣的或戏剧性的）。在其下方添加一个较小的副标题，看起来就像真实的报纸图片说明。
添加逼真的报纸元素：
小字文本栏（采用无意义占位符文本的风格，但排版像真实新闻一样）
顶部是虚构的出版物名称（例如，“The Daily Prompts”、“AI Times”或类似的——根据图片发挥创意）
日期、期号和地点
装饰线条、分隔线和复古排版
针对主图片的小型附加文章或说明
可选的印章、涂鸦或编辑注释以增加个性。
风格：
黑白或略微褪色的单色纸张
细腻的纸张纹理、颗粒感和墨水瑕疵
模仿真实印刷纸张的小阴影和折痕
整洁但略有磨损的复古报纸美学
情绪：赋予设计个性、表现力和情节，仿佛情节是主要文章的一部分。
宽高比：4:5 或 1:1
高细节、超逼真的编辑摄影与印刷设计的混合体。",https://opennana.com/awesome-prompt-gallery/vintage-newspaper-front-page
暗黑奇幻阵营群像封面,https://img.opennana.com/prompts/assets/202604/1777003799421-jj237hw9-1777003816277-1.jpeg,"Please create a high-completion, high-narrative-tension, series-suitable ""Shadow Ensemble Cover"" based on [Theme: Write Character Name].

This is not an ordinary character illustration, nor a simple battle poster, but a ""ensemble action cover"" with a sense of novel cover, comic main visual, game promotional, and dark fantasy illustration. The image needs to combine a giant spiritual core character, multiple mid-ground action characters, background threat elements, local energy light effects, and a blank title area to form a complete character faction and worldview cover.

【Basic Settings】
Theme: [Theme, e.g., Jujutsu Battle / Dark Journey to the West / Cyber Hunter / Shanhai Jing Monster Hunting Squad / Doomsday Survivors / Magic Academy Combat Team]
Work Name: [Work Name]
Series Name / Brand Name: [Brand Name or Series Name]
Subtitle: [Subtitle]
Style Direction: [Style Direction, e.g., Dark Fantasy, Retro Comic Cover, Hand-painted Impasto, Fantasy Novel Cover, Game Main Visual]
Main Color Tone: [Main Color Tone, e.g., Ink Green Black Gray / Deep Blue Neon / Dark Brown Gold Red / Sand Yellow Rust / Deep Purple Gold]
Accent Color: [Accent Color, e.g., Blood Red Energy, Cyan-Green Magic Light, Golden Divine Light, Blue Lightning]
Aspect Ratio: [Aspect Ratio, e.g., 2:3 Vertical / 3:4 Vertical / 4:5 Vertical / 9:16 Vertical]

【Image Structure】
Adopt a vertical cover composition. There must be a massive main visual character in the image, serving as the spiritual core and atmospheric dominant element of the entire image. This character can be a side face, half-body portrait, back view, front gaze, or giant silhouette, occupying the right side, upper side, or main background area of the image, with a calm, mysterious, and oppressive expression, not necessarily participating in combat, but must dominate the atmosphere of the entire image.

Arrange 3 to 6 action characters in the mid-ground to form a combat faction ensemble. There needs to be a clear division of labor and posture differences among the characters, such as charging, holding a knife, casting spells, defending, summoning, jumping, standing guard, ranged attacking, etc. Avoid all characters standing still; a strong action rhythm and visual dynamic line must be formed.

Add enemy threats or worldview elements to the background, such as monsters, giant beasts, villain shadows, mechanical legions, demons, ruins, forests, alien spaces, battlefield smoke, or city disasters. The background threat should not overshadow the main subjects, but should wrap around the characters like shadows, enhancing the sense of crisis and narrative depth.

The image needs to set 1 to 2 high-saturation energy burst points, such as red flame fists, blue lightning, green curse aura, purple magic, golden divine light, or white blade light. Energy light effects should be concentrated on key characters or key weapons to form visual focal points, do not make the entire image glow evenly.

【Composition Method】
The overall structure adopts ""Large Spiritual Core Character + Mid-ground Action Ensemble + Background Threat Shadow + Bottom or Side Blank Title Area"". The image can use diagonal dynamic lines to organize characters, allowing the character ensemble to move from upper left to lower right, or rush from the bottom to the center, forming a strong sense of propulsion.

Retain an obvious blank title area, recommended to be located at the lower left, bottom, or side of the image. The blank area uses off-white, gray-white, light paper color, or low-saturation background color for placing [Brand Name / Work Name / Subtitle]. The title typography should have a sense of publication cover, using elegant serif fonts, retro title fonts, comic cover titles, or high-end magazine-style layouts. The text area must be clear and not completely obscured by characters and the background.

The edges of the illustration should not be a completely filled rectangle; irregular brush edges, ink diffusion, torn paper blank areas, or natural dissipation can be used, making the characters and background seem to grow out of the paper, enhancing the hand-drawn cover feel and artistic texture.

【Visual Style】
The overall style should be a combination of hand-painted impasto and comic covers, with paper texture, brushstroke feel, dark layer depth, and retro publication temperament. Light and shadow should be mainly low-key dark light, with the background darkened, character outlines clear, and local energy light providing high-contrast focal points. The image should not be overly clean, nor like ordinary smooth AI illustrations; it should retain hand-drawn textures, paper grains, edge brushstrokes, and dark fog.

Color-wise, adopt mainly low-saturation dark tones, supplemented by a small amount of high-saturation energy colors. The overall atmosphere should have a sense of oppression, mystery, combat, and worldview thickness.

【Image Goal】
The final image should look like a mature fantasy novel cover, comic special edition cover, game character faction main visual, or IP promotional poster. It needs to simultaneously possess:
1. A clear main visual character;
2. A character ensemble with action rhythm;
3. Clear enemy threats or worldview background;
4. Strong but restrained energy light effects;
5. A readable title text area;
6. The overall texture of a retro hand-drawn cover.

Please ensure the image information is rich but not chaotic, character hierarchy is clear, visual center of gravity is clear, reading path is natural, and it is suitable for subsequently replacing themes to continue generating works of the same series.","请根据【主题：写人物名字】创作一张高完成度、高叙事张力、适合系列化发布的「暗潮群像封面 / Shadow Ensemble Cover」。

这不是普通角色插画，也不是简单的战斗海报，而是一张具有小说封面感、漫画主视觉感、游戏宣传感和暗黑奇幻插画感的“群像式动作封面”。画面需要通过一个巨大的精神核心人物、多个中景动作角色、背景威胁元素、局部能量光效和留白标题区，共同构成一个完整的角色阵营与世界观封面。

【基础设定】
主题：【主题，例如咒术战斗 / 暗黑西游 / 赛博猎人 / 山海经猎妖队 / 末日幸存者 / 魔法学院战斗团】
作品名：【作品名】
系列名 / 品牌名：【品牌名或系列名】
副标题：【副标题】
风格方向：【风格方向，例如暗黑奇幻、复古漫画封面、手绘厚涂、奇幻小说封面、游戏主视觉】
主色调：【主色调，例如墨绿黑灰 / 深蓝霓虹 / 暗棕金红 / 沙黄铁锈 / 深紫金色】
点缀色：【点缀色，例如血红能量、青绿色法术光、金色神光、蓝色雷电】
画幅比例：【画幅比例，例如2:3竖版 / 3:4竖版 / 4:5竖版 / 9:16竖版】

【画面结构】
采用竖版封面构图。画面中必须有一个体量巨大的主视觉人物，作为整张图的精神核心和气质压场元素。这个人物可以是侧脸、半身像、背影、正面凝视或巨大轮廓，占据画面右侧、上方或背景主区域，表情冷静、神秘、有压迫感，不一定参与战斗，但必须统领整张图的气质。

在中景安排3到6个动作角色，形成一个战斗阵营群像。角色之间需要有明确分工和姿态差异，例如冲锋、持刀、施法、防御、召唤、跳跃、警戒、远程攻击等。避免所有人物站桩，必须形成强烈的动作节奏和视觉动线。

背景中加入敌方威胁或世界观元素，例如怪物、巨兽、反派阴影、机械军团、妖魔、废墟、森林、异空间、战场烟雾或城市灾难。背景威胁不应喧宾夺主，而应像阴影一样包裹角色，增强危机感和叙事深度。

画面需要设置1到2个高饱和能量爆点，例如红色火焰拳、蓝色雷电、绿色诅咒气息、紫色魔法、金色神光或白色刀光。能量光效应集中在关键角色或关键武器上，形成视觉焦点，不要全画面平均发光。

【构图方式】
整体采用“大型精神核心人物 + 中景动作群像 + 背景威胁阴影 + 底部或侧边留白标题区”的结构。画面可以使用斜向动线组织角色，让角色群像从左上到右下、或从下方冲向中央，形成强烈推进感。

保留一块明显的留白标题区，建议位于左下、底部或画面侧边。留白区域使用米白、灰白、浅纸色或低饱和背景色，用于放置【品牌名 / 作品名 / 副标题】。标题排版应具有出版物封面感，可以使用优雅衬线字体、复古标题字、漫画封面标题或高级杂志式排版。文字区要清晰，不要被角色和背景完全遮挡。

插画边缘不要做成完整矩形铺满，可以使用不规则笔刷边缘、墨迹扩散、撕纸式留白或自然消散的方式，让角色和背景像从纸面中生长出来，增强手绘封面感和艺术质感。

【视觉风格】
整体风格应为手绘厚涂与漫画封面结合，具有纸张质感、笔触感、暗部层次和复古出版物气质。光影以低调暗光为主，背景压暗，人物轮廓清晰，局部能量光提供高对比焦点。画面不要过度干净，不要像普通AI光滑插画，应保留手绘纹理、纸张颗粒、边缘笔触和暗色雾气。

色彩上采用低饱和暗调为主，辅以少量高饱和能量色。整体氛围应具有压迫感、神秘感、战斗感和世界观厚度。

【画面目标】
最终画面应像一张成熟的奇幻小说封面、漫画特别篇封面、游戏角色阵营主视觉或IP宣传海报。它需要同时具备：
1. 清晰的主视觉人物；
2. 有动作节奏的角色群像；
3. 明确的敌方威胁或世界观背景；
4. 强烈但克制的能量光效；
5. 可阅读的标题文字区；
6. 复古手绘封面的整体质感。

请确保画面信息丰富但不混乱，角色层级清晰，视觉重心明确，阅读路径自然，适合后续替换主题继续生成同系列作品。",https://opennana.com/awesome-prompt-gallery/dark-fantasy-ensemble-cover
至尊宝紫霞城墙拥吻,https://img.opennana.com/prompts/assets/202604/1776963594138-4hkrezyt-1776963594858-1.jpeg,"A Chinese Odyssey poster remastered into 90s Hong Kong film style, Zhi Zun Bao and Zixia embracing and kissing on the city wall, film grain",大话西游海报重制为90年代港片风格，至尊宝紫霞城墙拥吻，胶片颗粒,https://opennana.com/awesome-prompt-gallery/zhi-zun-bao-zixia-wall-kiss
取经路上要安全杜蕾斯八戒,https://img.opennana.com/prompts/assets/202604/1776963588988-puqeh6nc-1776963589493-1.jpeg,"Durex mascot × Zhu Bajie, Zhu Bajie shy blushing covering face, copywriting ""Safety is needed on the journey to the West""","杜蕾斯吉祥物×猪八戒，八戒害羞脸红遮面，文案""取经路上要安全""",https://opennana.com/awesome-prompt-gallery/durex-zhu-bajie-safe-journey
社交软件匹配成功爱心特效UI界面,https://img.opennana.com/prompts/assets/202604/1776963643693-latur84d-1776963644197-1.jpeg,"Social App successful matching interface, two user profile cards colliding with heart special effects",社交App匹配成功界面，两个用户资料卡碰撞爱心特效,https://opennana.com/awesome-prompt-gallery/social-app-match-success
四色拼图亚洲女孩巧克力广告,https://img.opennana.com/prompts/assets/202604/1776933906369-5mha4fn6-1776933918986-1.jpeg,"Ultra-realistic commercial fashion-style advertisement, split into four vertical panels with bold, vibrant backgrounds (yellow, red, green, blue), each panel featuring a different young East Asian woman posing confidently.

Panel 1 (yellow): woman with straight bangs and tied-back hair, wearing a light cream blouse with lace details and a yellow skirt, smiling slightly, holding a small rectangular chocolate piece between fingers near her face.

Panel 2 (red): woman with straight dark hair and bangs, wearing a black top and red skirt, neutral confident expression, holding a small chocolate piece near her chin.

Panel 3 (green): woman with long wavy hair, wearing a loose green dress, playful pose making a peace sign gesture, smiling, holding a small chocolate piece.

Panel 4 (blue): woman with glasses and tied-back hair, wearing a blue and white striped shirt, calm expression, holding a small chocolate piece with both hands.

Soft flowing fabric textures in the background matching each color panel, giving a silky, dynamic motion effect. Bright studio lighting, high contrast, crisp details, glossy commercial photography style, sharp focus, clean composition.

No text, no logos, no branding, no product packaging, no watermark.","超写实商业时尚风格广告，分为四个垂直面板，带有大胆、充满活力的背景（黄色、红色、绿色、蓝色），每个面板展示一位不同的年轻东亚女性自信地摆姿势。
面板1（黄色）：留着齐刘海和扎起头发的女性，穿着带有蕾丝细节的浅奶油色衬衫和黄色裙子，微微微笑，在靠近脸部的手指之间拿着一块小长方形巧克力。
面板2（红色）：留着黑色直发和刘海的女性，穿着黑色上衣和红色裙子，中性自信的表情，在下巴附近拿着一块小巧克力。
面板3（绿色）：留着长卷发的女性，穿着宽松的绿色连衣裙，俏皮地比出剪刀手姿势，微笑着，拿着一块小巧克力。
面板4（蓝色）：戴着眼镜和扎起头发的女性，穿着蓝白条纹衬衫，平静的表情，用双手拿着一块小巧克力。
背景中柔和流动的织物纹理与每个颜色面板相匹配，营造出丝绸般、充满动态的运动效果。明亮的影棚照明，高对比度，清晰的细节，光泽的商业摄影风格，锐利的焦点，干净的构图。
无文字，无标志，无品牌，无产品包装，无水印。",https://opennana.com/awesome-prompt-gallery/four-color-asian-girl-chocolate-ad
黑色露肩襦裙清纯网红,https://img.opennana.com/prompts/assets/202604/1776946034399-zpx48gtz-1776946070071-1.jpeg,"An 18-year-old beautiful Chinese internet celebrity, overall temperament: pure, cute, innocent, girl-next-door, model figure, large breasts, wearing an off-the-shoulder black sexy chest-high Ruqun, lightweight and flowing fabric, exquisite details, remove the outer cover, shoes matching the outfit, hands on hips, left foot slightly stepping to the side, hairstyle and headwear matching the attire, change the background to a daytime background matching the outfit, camera shooting front full body, 9:16",一位來自中國的18歲網紅美女，整體氣質： 清純、可愛、無辜、鄰家女孩，模特兒身材，大胸部， 穿著露肩式黑色性感齊胸襦裙，布料輕盈飄逸，細節精緻，去除外罩，跟服裝搭配的鞋子，雙手叉腰，左腳略微往旁邊邁一步，搭配服飾的髮型與頭飾，背景換搭配服裝的白天背景，鏡頭拍攝正面全身，9:16,https://opennana.com/awesome-prompt-gallery/black-off-shoulder-ruqun
高级技术蓝图风格信息图,https://img.opennana.com/prompts/assets/202604/1776947010557-t4vz5wt1-1776947057383-1.jpeg,"[
  Object
] advanced technical infographic. Reinterpret the theme in a professional and realistic new photo,
the photo is clean and bright,
with a more suitable and aesthetic background. Keep the object as a real photo,
rather than an illustration. Add a technical blueprint style overlay,
containing white lines,
arrows,
dimensions,
labels,
and small diagrams of parts,
materials,
dimensions,
and functions. A clear,
elegant,
and informative article. Place a sketch box in the upper left corner with ""OBJECT"" written on it. 1:1 dimensions.","[
  对象
]的高级技术信息图。在一张专业且逼真的新照片中重新诠释主题，
照片干净明亮，
背景更合适且更具美感。保持物品作为真实照片，
而非插图。添加一个技术蓝图风格的叠加图，
包含白线、箭头、尺寸、标签以及零件、材料、尺寸和功能的小型示意图。清晰、优雅且信息丰富的文章。在左上角放置一个写有“OBJECT”的草图框。1：1 维度。",https://opennana.com/awesome-prompt-gallery/advanced-technical-blueprint-infographic
日系负片里的记忆碎片,https://img.opennana.com/prompts/assets/202604/1776947269577-7xjm5n9r-1776947285501-1.jpeg,"Japanese negative film aesthetic, soft natural daylight, slight overexposure highlights, low contrast but rich tonal layers, muted and slightly faded colors, gentle warm skin tone, realistic texture without retouching, subtle grain, soft highlight bloom, candid composition, quiet and distant mood, “memory-like realism”, not posed --9:16","日系负片美学, 柔和的自然日光, 轻微过曝的高光, 低对比度但丰富的色调层次, 柔和且略带褪色的色彩, 温柔温暖的肤色, 无修图的逼真质感, 细腻的颗粒感, 柔和的高光泛光, 随性抓拍的构图, 安静而疏远的情绪, “如记忆般的写实感”, 非摆拍 --9:16",https://opennana.com/awesome-prompt-gallery/japanese-negative-film-memory
热辣涂鸦厨房里的火焰章鱼,https://img.opennana.com/prompts/assets/202604/1776950155856-eg6p957r-1776950163669-1.jpeg,"{
  ""style_id"": ""photo_graffiti_doodle_v1"",
  ""instance_id"": ""kitchen_hot_01"",
  ""style_name"": ""Photo + Graffiti Doodle Overlay — Kitchen / HOT!"",
  ""description"": ""A candid kitchen cooking photograph heavily overlaid with bold hand-drawn graffiti-style doodles, characters and tags. Flame-octopus energy, ketchup-bottle sidekick, chaotic cooking vibe."",
  ""base_layer"": {
    ""type"": ""photograph"",
    ""content"": ""young woman cooking in a warm home kitchen, tossing vegetables in a pan over the stove, steam rising, wearing a striped apron, candid lifestyle shot"",
    ""treatment"": {
      ""color_grade"": ""natural, warm tungsten kitchen light"",
      ""contrast"": ""medium-high"",
      ""saturation"": ""realistic"",
      ""grain"": ""subtle film grain"",
      ""depth_of_field"": ""shallow, soft background"",
      ""aspect_ratio"": ""9:16""
    }
  },
  ""overlay_layer"": {
    ""medium"": ""hand-drawn marker + spray paint + ink doodle"",
    ""line_quality"": ""rough, confident, uneven stroke weight, slight wobble, occasional drips"",
    ""rendering"": ""flat colors, no gradients, black ink outlines, minimal inner shading"",
    ""blend_mode"": ""normal (opaque, sits on top of the photo)"",
    ""opacity"": ""100%"",
    ""coverage"": ""35–45% of canvas; never covers the subject's face""
  },
  ""color_palette"": {
    ""primary"": [
      {
        ""name"": ""spray red"",
        ""hex"": ""#E8241C""
      },
      {
        ""name"": ""cobalt blue"",
        ""hex"": ""#1C3FD8""
      },
      {
        ""name"": ""graffiti yellow"",
        ""hex"": ""#F7D32A""
      }
    ],
    ""accent"": [
      {
        ""name"": ""marker green"",
        ""hex"": ""#1DB55A""
      },
      {
        ""name"": ""ink black"",
        ""hex"": ""#111111""
      },
      {
        ""name"": ""highlight white"",
        ""hex"": ""#FFFFFF""
      }
    ],
    ""dominant_in_this_instance"": ""graffiti yellow (hero) + spray red (tag + secondary)"",
    ""usage_rule"": ""Each doodle uses 1–3 colors max; black for all outlines; white for motion lines & halo.""
  },
  ""composition"": {
    ""layout"": ""subject on the left-center tossing the pan; hero creature looms from the pan upward-right; tag anchors top-left; secondary creature sits on the counter bottom-center"",
    ""density"": ""medium-high"",
    ""hierarchy"": [
      ""1. Real woman cooking (face + hands preserved)"",
      ""2. Yellow flame octopus hero above the pan"",
      ""3. 'HOT!' tag on red spray cloud (top-left)"",
      ""4. Red ketchup-bottle smiley secondary (bottom-center counter)"",
      ""5. Tiny edge characters around sink / cutting board / corners""
    ],
    ""negative_space_rules"": [
      ""Keep the woman's face, hair and toss-motion fully visible"",
      ""Leave the stove flame area below the pan mostly clean so the pan reads""
    ]
  },
  ""typography"": {
    ""primary_tag"": {
      ""style"": ""wildstyle graffiti tag"",
      ""stroke"": ""thick black marker, sharp arrow on the H, small paint drips below"",
      ""fill"": ""solid black on a red spray-paint cloud"",
      ""placement"": ""top-left"",
      ""content"": ""HOT!""
    },
    ""corner_symbol"": {
      ""style"": ""bold filled doodle glyph"",
      ""placement"": ""top-right"",
      ""color"": ""ink black"",
      ""content"": ""black flame symbol""
    }
  },
  ""doodle_characters"": {
    ""hero_creature"": {
      ""role"": ""largest overlay; looms above the pan, tentacles curling around the cooking action"",
      ""color"": ""graffiti yellow (body) + ink black (outline + pupils) + highlight white (eye whites)"",
      ""vibe"": ""goofy, chaotic-friendly, oversized googly eyes, flame-shaped head"",
      ""content"": ""huge bright yellow cartoon flame octopus with big googly eyes and wavy tentacles curling around and above the pan""
    },
    ""secondary_creature"": {
      ""role"": ""sits on the counter, squeezed out of a real prop"",
      ""color"": ""spray red (bottle + face) + ink black (outline) + highlight white (eye whites)"",
      ""content"": ""red cartoon smiling face squeezed out of a ketchup bottle with red droplets spilling onto the counter""
    },
    ""tiny_characters"": [
      ""small green vegetable stick-figure (leek/celery-shaped) jumping off the cutting board near the sink"",
      ""tiny blue water-drop character with arms and a cheeky face, standing near the faucet/sink"",
      ""small black grumpy onion face with sharp teeth in the bottom-right corner"",
      ""white spark burst doodle above the pan where the food is tossed""
    ]
  },
  ""decorative_elements"": {
    ""spray_blob"": {
      ""shape"": ""irregular cloud with drip tails below"",
      ""color"": ""spray red"",
      ""placement"": ""behind the 'HOT!' tag, top-left"",
      ""content"": ""irregular red spray-paint cloud with 3–4 paint drips bleeding down""
    },
    ""motion_marks"": [
      ""white hand-drawn action lines radiating from the yellow flame octopus"",
      ""white halo ring floating above the woman's head"",
      ""short white dashes and dots as 'heat/energy' specks near the pan"",
      ""small black motion flicks around the ketchup squeeze""
    ],
    ""extra_symbols"": [
      ""scribbled star near the flame octopus"",
      ""bold black exclamation mark near the stove""
    ],
    ""borders"": ""none — elements bleed to the edges, no frame""
  },
  ""mood"": {
    ""keywords"": [
      ""playful"",
      ""chaotic-good"",
      ""cozy"",
      ""street"",
      ""lo-fi zine"",
      ""cooking-show energy""
    ],
    ""energy"": ""high"",
    ""reference_culture"": ""90s NYC graffiti meets home-cooking vlog poster""
  },
  ""variables_used"": {
    ""BASE_PHOTO"": ""young woman cooking in a home kitchen, tossing a pan over the stove, steam rising, warm tungsten light, 9:16"",
    ""TAG_TEXT"": ""HOT!"",
    ""CORNER_SYMBOL"": ""black flame symbol"",
    ""HERO_CREATURE"": ""yellow flame octopus with big eyes, tentacles curling around the pan"",
    ""HERO_COLOR"": ""graffiti yellow"",
    ""SECONDARY_CREATURE"": ""red smiling face squeezed out of a ketchup bottle"",
    ""SECONDARY_COLOR"": ""spray red"",
    ""TINY_CHAR_1"": ""green vegetable stick-figure jumping off the cutting board"",
    ""TINY_CHAR_2"": ""tiny blue water-drop character near the sink"",
    ""TINY_CHAR_3"": ""small black grumpy onion face"",
    ""TINY_CHAR_4"": ""white spark burst above the pan"",
    ""SPRAY_SHAPE"": ""irregular red spray cloud"",
    ""SYMBOL_1"": ""scribbled star"",
    ""SYMBOL_2"": ""black exclamation mark""
  },
  ""final_prompt"": ""A candid vertical 9:16 photograph of a young woman cooking in a warm home kitchen, tossing vegetables in a pan over the stove, steam rising, warm tungsten light, subtle film grain, shallow depth of field. Heavily overlaid with bold hand-drawn graffiti doodles in red, cobalt blue, yellow, green and black, flat marker colors with rough confident black ink outlines, no gradients. In the top-left: a wildstyle graffiti tag reading 'HOT!' in thick black marker with sharp arrows and small drips, sitting on an irregular red spray-paint cloud. A huge bright yellow cartoon flame octopus with big googly eyes and wavy tentacles curls around and above the pan, with white action lines radiating outward and a white halo ring around the woman's head. A red cartoon smiling face squeezes out of a ketchup bottle on the counter with red droplets. Scattered tiny doodles: a green vegetable stick-figure jumping off the cutting board, a tiny blue water-drop character near the sink, a small black grumpy onion face with teeth, a white spark burst above the pan. A bold black flame symbol in the top-right corner. Elements bleed to the edges, no frame, zine street-art aesthetic, playful chaotic high-energy cooking vibe. The woman's face remains fully visible.""
}","{
  ""style_id"": ""photo_graffiti_doodle_v1"",
  ""instance_id"": ""kitchen_hot_01"",
  ""style_name"": ""照片 + 涂鸦涂鸦叠加 — 厨房 / HOT!"",
  ""description"": ""一张随拍的厨房烹饪照片，大量叠加了粗犷的手绘涂鸦风格涂鸦、角色和标签。火焰章鱼能量，番茄酱瓶助手，混乱的烹饪氛围。"",
  ""base_layer"": {
    ""type"": ""photograph"",
    ""content"": ""年轻女子在温暖的家庭厨房中做饭，在炉灶上的平底锅中翻炒蔬菜，热气升腾，穿着条纹围裙，随拍的生活照"",
    ""treatment"": {
      ""color_grade"": ""自然，温暖的钨丝厨房灯光"",
      ""contrast"": ""中高"",
      ""saturation"": ""真实"",
      ""grain"": ""微妙的胶片颗粒"",
      ""depth_of_field"": ""浅景深，柔和的背景"",
      ""aspect_ratio"": ""9:16""
    }
  },
  ""overlay_layer"": {
    ""medium"": ""手绘马克笔 + 喷漆 + 墨水涂鸦"",
    ""line_quality"": ""粗糙，自信，不均匀的笔触粗细，轻微的抖动，偶尔的滴液"",
    ""rendering"": ""平涂颜色，无渐变，黑色墨水轮廓，最少的内部阴影"",
    ""blend_mode"": ""正常（不透明，位于照片之上）"",
    ""opacity"": ""100%"",
    ""coverage"": ""画布的 35–45%；绝不覆盖主体的面部""
  },
  ""color_palette"": {
    ""primary"": [
      {
        ""name"": ""喷漆红"",
        ""hex"": ""#E8241C""
      },
      {
        ""name"": ""钴蓝色"",
        ""hex"": ""#1C3FD8""
      },
      {
        ""name"": ""涂鸦黄"",
        ""hex"": ""#F7D32A""
      }
    ],
    ""accent"": [
      {
        ""name"": ""马克笔绿"",
        ""hex"": ""#1DB55A""
      },
      {
        ""name"": ""墨水黑"",
        ""hex"": ""#111111""
      },
      {
        ""name"": ""高光白"",
        ""hex"": ""#FFFFFF""
      }
    ],
    ""dominant_in_this_instance"": ""涂鸦黄（主角）+ 喷漆红（标签 + 次要）"",
    ""usage_rule"": ""每个涂鸦最多使用 1–3 种颜色；所有轮廓使用黑色；白色用于动态线条和光晕。""
  },
  ""composition"": {
    ""layout"": ""主体在左中位置抛锅；主角生物从平底锅向上右方隐现；标签锚定左上角；次要生物坐在底部中央的台面上"",
    ""density"": ""中高"",
    ""hierarchy"": [
      ""1. 真实的女子在做饭（面部 + 双手被保留）"",
      ""2. 黄色火焰章鱼主角在平底锅上方"",
      ""3. 'HOT!' 标签在红色喷漆云上（左上角）"",
      ""4. 红色番茄酱瓶笑脸次要角色（底部中央台面）"",
      ""5. 水槽 / 砧板 / 角落周围的微小边缘角色""
    ],
    ""negative_space_rules"": [
      ""保持女子的面部、头发和抛锅动作完全可见"",
      ""保持平底锅下方的炉灶火焰区域大部分干净，以便识别平底锅""
    ]
  },
  ""typography"": {
    ""primary_tag"": {
      ""style"": ""狂野风格涂鸦标签"",
      ""stroke"": ""粗黑色马克笔，H 上有尖锐的箭头，下方有少量颜料滴液"",
      ""fill"": ""红色喷漆云上的纯黑色"",
      ""placement"": ""左上角"",
      ""content"": ""HOT!""
    },
    ""corner_symbol"": {
      ""style"": ""粗犷的实心涂鸦字形"",
      ""placement"": ""右上角"",
      ""color"": ""墨水黑"",
      ""content"": ""黑色火焰符号""
    }
  },
  ""doodle_characters"": {
    ""hero_creature"": {
      ""role"": ""最大的叠加层；在平底锅上方隐现，触手环绕着烹饪动作"",
      ""color"": ""涂鸦黄（身体）+ 墨水黑（轮廓 + 瞳孔）+ 高光白（眼白）"",
      ""vibe"": ""滑稽，混乱而友好，超大的转轮眼，火焰形状的头部"",
      ""content"": ""巨大的亮黄色卡通火焰章鱼，长着大转轮眼和波浪状的触手，在平底锅上方及周围卷曲""
    },
    ""secondary_creature"": {
      ""role"": ""坐在台面上，从一个真实的道具中被挤出"",
      ""color"": ""喷漆红（瓶子 + 面部）+ 墨水黑（轮廓）+ 高光白（眼白）"",
      ""content"": ""红色的卡通笑脸从番茄酱瓶中被挤出，红色液滴滴落在台面上""
    },
    ""tiny_characters"": [
      ""小的绿色蔬菜火柴人（韭菜/芹菜形状）从水槽附近的砧板上跳下"",
      ""微小的蓝色水滴角色，长着手臂和调皮的脸，站在水龙头/水槽附近"",
      ""右下角长着尖牙的小型黑色暴躁洋葱脸"",
      ""食物被抛起处平底锅上方的白色火花爆发涂鸦""
    ]
  },
  ""decorative_elements"": {
    ""spray_blob"": {
      ""shape"": ""带有下方滴液尾巴的不规则云朵"",
      ""color"": ""喷漆红"",
      ""placement"": ""在 'HOT!' 标签后方，左上角"",
      ""content"": ""不规则的红色的喷漆云，带有 3–4 道向下晕染的颜料滴液""
    },
    ""motion_marks"": [
      ""从黄色火焰章鱼向外辐射的白色手绘动作线"",
      ""在女子头部上方漂浮的白色光晕环"",
      ""平底锅附近的短白色虚线和圆点，作为'热量/能量'微粒"",
      ""番茄酱挤出物周围的微小黑色动态甩痕""
    ],
    ""extra_symbols"": [
      ""火焰章鱼附近的涂鸦星星"",
      ""炉灶附近的粗体黑色感叹号""
    ],
    ""borders"": ""无 — 元素延伸至边缘，无画框""
  },
  ""mood"": {
    ""keywords"": [
      ""俏皮"",
      ""混乱善良"",
      ""舒适"",
      ""街头"",
      ""低保真杂志"",
      ""烹饪节目能量""
    ],
    ""energy"": ""高"",
    ""reference_culture"": ""90年代纽约涂鸦遇上家庭烹饪视频博客海报""
  },
  ""variables_used"": {
    ""BASE_PHOTO"": ""年轻女子在家庭厨房中做饭，在炉灶上抛锅，热气升腾，温暖的钨丝灯光，9:16"",
    ""TAG_TEXT"": ""HOT!"",
    ""CORNER_SYMBOL"": ""黑色火焰符号"",
    ""HERO_CREATURE"": ""长着大眼睛的黄色火焰章鱼，触手环绕着平底锅"",
    ""HERO_COLOR"": ""涂鸦黄"",
    ""SECONDARY_CREATURE"": ""从番茄酱瓶中挤出的红色笑脸"",
    ""SECONDARY_COLOR"": ""喷漆红"",
    ""TINY_CHAR_1"": ""从砧板上跳下的绿色蔬菜火柴人"",
    ""TINY_CHAR_2"": ""水槽附近的微小蓝色水滴角色"",
    ""TINY_CHAR_3"": ""小型黑色暴躁洋葱脸"",
    ""TINY_CHAR_4"": ""平底锅上方的白色火花爆发"",
    ""SPRAY_SHAPE"": ""不规则红色喷漆云"",
    ""SYMBOL_1"": ""涂鸦星星"",
    ""SYMBOL_2"": ""黑色感叹号""
  },
  ""final_prompt"": ""一张随拍的竖版 9:16 照片，一位年轻女子在温暖的家庭厨房中做饭，在炉灶上的平底锅中翻炒蔬菜，热气升腾，温暖的钨丝灯光，微妙的胶片颗粒，浅景深。大量叠加了粗犷的手绘涂鸦，使用红色、钴蓝色、黄色、绿色和黑色，平涂的马克笔颜色搭配粗糙自信的黑色墨水轮廓，无渐变。在左上角：一个狂野风格的涂鸦标签，写着 'HOT!'，使用粗黑色马克笔，带有尖锐的箭头和少量滴液，位于不规则的红色喷漆云上。一只巨大的亮黄色卡通火焰章鱼，长着大转轮眼和波浪状的触手，在平底锅上方及周围卷曲，带有向外辐射的白色动作线，以及女子头部周围的白色光晕环。台面上的番茄酱瓶中挤出一个红色的卡通笑脸，带有红色液滴。散落的微小涂鸦：一个从砧板上跳下的绿色蔬菜火柴人，水槽附近的一个微小蓝色水滴角色，右下角一个长着牙齿的小型黑色暴躁洋葱脸，平底锅上方的一个白色火花爆发。右上角有一个粗体的黑色火焰符号。元素延伸至边缘，无画框，杂志街头艺术美学，俏皮混乱的高能量烹饪氛围。女子的面部保持完全可见。""
}",https://opennana.com/awesome-prompt-gallery/hot-graffiti-kitchen-octopus
西门庆的一天百宫格分镜,https://img.opennana.com/prompts/assets/202604/1776950262343-zgryw4ae-1776950279680-1.jpeg,"100-grid storyboard frame of Ximen Qing game, 10×10 grid layout, 1:1 square aspect ratio.

【Grid Layout】
100 equal-sized square grids, strictly arranged in 10 rows and 10 columns, even spacing between grids, professional game storyboard style.

【Story Content】
Telling the complete day of the wealthy Ming Dynasty merchant Ximen Qing, from dawn to late night:
Grids 1-10: Waking up at dawn, luxury mansion bedroom, washing and dressing
Grids 11-20: Ancestral hall sacrifice, feeding fish in the courtyard, tasting tea and reading newspapers
Grids 21-30: Family breakfast, reunion with wife and children, happy and harmonious
Grids 31-40: Managing accounts in the study, steward reporting, preparing to go out
Grids 41-50: Traveling by sedan chair, bustling street market, heading to the shop
Grids 51-60: Pharmacy business, inspecting medicinal herbs, receiving customers
Grids 61-70: Silk warehouse, inspecting goods and bargaining, signing contracts and trading
Grids 71-80: Visiting officials, giving gifts and playing chess, collusion between officials and businessmen
Grids 81-90: Tea house elegant gathering, listening to music and appreciating paintings, socializing with literati
Grids 91-100: Returning home at sunset, family banquet reunion, lighting lamps and going to bed

【Visual Style】
Cinematic realistic style, high restoration of Ming Dynasty history, exquisite clothing and prop details, dramatic lighting and shadow, alternating between long shots, medium shots, close-up detail shots.

【Color Tone】
Dawn: Cold blue tone, pale gold
Daytime: Warm yellow, emerald green, vermilion
Dusk: Orange red, purple clouds
Night: Deep blue, lantern red, moonlight silver

【Technical Requirements】
High resolution, each grid is of game CG-level quality, professional and diverse composition, accurate research on Ming Dynasty architecture, clothing, and props.","西门庆游戏的100宫格分镜画面，10×10网格布局，1:1正方形画幅。

【网格布局】
100个等大的正方形格子，严格10行10列排列，格子间距均匀，专业游戏分镜风格。

【故事内容】
讲述明代富商西门庆完整的一天，从黎明到深夜：
第1-10格：破晓醒来，豪宅卧室，洗漱更衣
第11-20格：祠堂祭祖，庭院喂鱼，品茶看报
第21-30格：家族早餐，妻儿团聚，其乐融融
第31-40格：书房理账，管家汇报，准备出门
第41-50格：乘轿出行，繁华街市，前往商铺
第51-60格：药铺生意，检查药材，接待客户
第61-70格：丝绸仓库，验货议价，签约交易
第71-80格：拜访官员，送礼下棋，官商勾结
第81-90格：茶楼雅集，听曲赏画，文人应酬
第91-100格：夕阳归家，家宴团圆，掌灯就寝

【视觉风格】
电影级写实风格，明代历史高度还原，精致的服饰道具细节，戏剧性光影，远景中景特写细节镜头交替。

【色彩基调】
黎明：冷蓝调、淡金色
白天：暖黄、翠绿、朱红
傍晚：橙红、紫霞
夜晚：深蓝、灯笼红、月光银

【技术要求】
高分辨率，每格都是游戏CG级质量，构图专业多样，明代建筑服饰道具考据精准。",https://opennana.com/awesome-prompt-gallery/ximen-qing-daily-100-grids
东方幻想空灵女神回眸,https://img.opennana.com/prompts/assets/202604/1776950399847-iq7505r6-1776950431592-1.jpeg,"Oriental fantasy style female, half-body portrait, looking back side profile, ethereal and elegant temperament, soft divine beauty, delicate facial features, slightly lowered eyes, cold white delicate skin, light elegant orange-pink makeup, golden highlight embellishment

Fluttering long hair, colorful flowers and light particles integrated into the hair strands (red, blue, orange, purple), hair has a sense of flow and airiness

Wearing a translucent silk gown and shawl, the material is light and translucent, the fabric flutters in the wind, the surface has gilded textures and shining particles.

The overall light and shadow is warm golden backlight, strong edge light, obvious volumetric light, floating light particles, soft light bloom, dreamy atmosphere

Clean light color gradient background, with shimmer and particle effects, overall atmosphere is ethereal, dreamlike, sacred

Style: high-end CG illustration, ultra-fine, cinematic lighting and shadow, soft light rendering, 8K details, artstation trending artwork style","东方幻想风格女性，半身肖像，回眸侧脸，气质空灵优雅，柔和神性美感，细腻五官，微垂眼神，冷白细腻肌肤，淡雅橘粉妆容，金色高光点缀

长发飘动，发丝中融入彩色花朵与光粒（红、蓝、橙、紫），头发具有流动感与空气感

身穿半透明丝绸礼服与披肩，材质轻盈通透，布料随风飘动，表面带有鎏金纹理与闪耀颗粒。

整体光影为暖金色逆光，强边缘光，体积光明显，光粒漂浮，柔光泛光，梦幻氛围

背景干净浅色渐变，带微光与粒子效果，整体氛围空灵、梦境、神圣

风格：高端CG插画，超精细，电影级光影，柔光渲染，8K细节，artstation 热门作品风格",https://opennana.com/awesome-prompt-gallery/oriental-fantasy-ethereal-goddess
红楼林黛玉史诗叙事海报,https://img.opennana.com/prompts/assets/202604/1776961535157-7zh8d33z-1776961540561-1.jpeg,"Automatically generate a collector's edition epic narrative poster based on {Dream of the Red Chamber},

A giant and elegant side-profile silhouette of {Lin Daiyu} serves as the outer contour, inside which automatically grows the complete worldview, iconic scenes, character relationships, symbolic elements, key architecture, creatures, props, and atmosphere that best fit the theme.

The overall design is not an ordinary collage, but a high-end silhouette contour-filled narrative composite, featuring double-exposure-like associations, yet intensified into cinematic narrative expression and spatial staging.

Movie poster style + Oriental realism aesthetic fusion, emphasizing realistic physical light and shadow, cinematic language, spatial depth, and narrative hierarchy.

The lighting adopts cinematic side-backlighting with local warm light accents, the cold-warm contrast is restrained and realistic, adding volumetric light and light mist to enhance the sense of space.

The materials are represented with realistic textures (architecture, silk, skin, stone), avoiding a purely painted brushstroke feel,

Retaining soft aerial perspective, but optimized into cinematic depth of field and focus control.

Slight film grain, edge blank-keeping and brush strokes are changed to cinematic soft blending transitions,

Large areas of negative space, restrained and high-end layout, quiet, grand, restrained, Oriental cinematic narrative with a strong sense of fatalism.

All elements must be strongly bound to the theme, recognizable at a glance, no clutter, no hard collage, no templated backgrounds, no cheap fantasy assets.","根据{红楼梦}自动生成一张 收藏版史诗叙事海报，

巨大优雅的{林黛玉}人物侧脸剪影作为外轮廓，剪影内部自动生长出最契合该主题的完整世界观、标志性场景、角色关系、象征符号、关键建筑、生物、道具与氛围。

整体不是普通拼贴，而是高级的剪影轮廓填充式叙事合成，带有双重曝光式联想，但强化为电影级叙事表达与空间调度。

电影海报风格 + 东方现实主义美学融合，强调真实物理光影、镜头语言、空间纵深与叙事层级。

光影采用电影级侧逆光与局部暖光点缀，冷暖对比克制真实，加入体积光与轻雾增强空间感。

材质表现为真实质感（建筑、丝绸、肌肤、石材），避免纯绘画笔触感，

保留柔和空气透视，但优化为电影级景深与焦点控制。

轻微胶片颗粒，边缘飞白与刷痕改为电影式柔和融合过渡，

大面积留白，版式克制高级，安静、宏大、克制、宿命感强的东方电影叙事。

所有元素必须强绑定主题，一眼识别，不要杂乱，不要硬拼贴，不要模板化背景，不要廉价奇幻素材。",https://opennana.com/awesome-prompt-gallery/dream-of-red-mansion-epic-poster
电视剧高质感角色关系图,https://img.opennana.com/prompts/assets/202604/1776961662449-9cisqi2x-1776961668273-1.jpeg,"Create a character relationship diagram for the TV series [TV SHOW]. Emphasize character portraits, avoid excessive white space, ensure the image is full and textured, use high-resolution portraits, and maintain a 3:2 aspect ratio.",为电视剧 [TV SHOW] 创建一个角色关系图。强调角色肖像，避免过多的留白，确保图像饱满且有质感，使用高分辨率肖像，并保持 3:2 的宽高比。,https://opennana.com/awesome-prompt-gallery/tv-show-character-relationship
末日废土蓝胖子激战胖虎,https://img.opennana.com/prompts/assets/202604/1776961621567-m9nuriia-1776961625800-1.jpeg,"A high-resolution, photorealistic 3D action RPG mobile game screenshot of an epic battle featuring Doraemon characters. The perspective is from behind the main player character, Nobita. The background is a post-apocalyptic urban scene of rubble, crumbling concrete, rebar, debris, small fires, and intense purple and blue lightning in a dark, cloudy night sky.  Characters:  Foreground Left: Doraemon, holding an elaborate, multi-barrel gatling-style cannon which hums with blue energy in his hand.  Foreground Center: Nobita, in a combat stance with his multi-layered slingshot weapon, wearing his classic yellow shirt, blue shorts, and glasses.  Middle Ground Center: Giant Gian (the boss), massive, muscular, intimidating, holding a spiked mace, with glowing sinister red eyes and surrounded by purple energy effects.  Nameplates: Doraemon (Lv. 30, HP: 2150/2420, MP: 860/1000), Nobita (Lv. 30, HP: 1980/2200, MP: 900/1000), Gian (Lv. ??, HP: 85670/100000, x4).  UI Elements (All in English):  Left Side Panel: The title is ""MISSIONS"" and ""TEAM"". The ""MAIN QUEST"" header is followed by ""Defeat Giant Gian"" and ""Defeat the Corrupted Gian [0/1]"". The ""DAILY TASKS"" header is followed by ""Use skill to hit Gian 3 times (2/3) [Check]"", ""Use item to restore HP 1 time (1/1) [Check]"", and ""Achieve 1 Perfect Dodge (0/1)"".  Right Side Panel: The header ""BOSS MISSION"" is followed by ""Defeat Giant Gian"" and ""Defeat the Corrupted Gian [0/1]"".  Bottom Right Skill Buttons: Labels (clockwise from top): ""Heavy Strike"", ""Basic Attack"" (with Doraemon head), ""Bamboo Copter Flight"", ""Item Bag"", ""Tumble Dodge"". Glowing blue skill icons are present.  Bottom Center Item Bar: Above the items, ""STAMINA VALUE"" followed by ""120/130"". The items are ""Dorayaki (15)"", ""Healing Drink (8)"", ""Bamboo Copter (5)"", ""Time Beam Camera (3)"".  Mini-Map: Top right corner mini-map with skull icon.  D-pad: English text virtual D-pad on the bottom left.  Screen Details: Cinematic lighting and effects. The cool blue of Doraemon's weapon light, warm orange firelight, cold purple lightning, and Gian's sinister red eyes. Detailed textures on clothing and weapons. All English text is clean, legible, and accurate. The low-angle emphasizes the scale difference and battle tension.",一张高分辨率、照片级逼真的3D动作RPG手机游戏截图，展现了一场以哆啦A梦角色为特色的史诗级战斗。视角位于主要玩家角色大雄的后方。背景是一个后启示录的城市场景，包含碎石、碎裂的混凝土、钢筋、废墟、小火，以及在黑暗多云的夜空中强烈的紫色和蓝色闪电。角色：前景左侧：哆啦A梦，手里拿着一把精致的多管加特林式大炮，大炮闪烁着蓝色的能量光芒。前景中央：大雄，摆出战斗姿态，手持多层弹弓武器，穿着他经典的黄色衬衫、蓝色短裤，戴着眼镜。中景中央：巨型胖虎（Boss），体型巨大、肌肉发达、令人生畏，手持带刺的狼牙棒，长着发光的邪恶红眼，并被紫色能量特效包围。名牌：哆啦A梦（Lv. 30，HP: 2150/2420，MP: 860/1000），大雄（Lv. 30，HP: 1980/2200，MP: 900/1000），胖虎（Lv. ??，HP: 85670/100000，x4）。UI元素（全为英文）：左侧面板：标题为“MISSIONS”和“TEAM”。“MAIN QUEST”标题下是“Defeat Giant Gian”和“Defeat the Corrupted Gian [0/1]”。“DAILY TASKS”标题下是“Use skill to hit Gian 3 times (2/3) [Check]”、“Use item to restore HP 1 time (1/1) [Check]”和“Achieve 1 Perfect Dodge (0/1]”。右侧面板：“BOSS MISSION”标题下是“Defeat Giant Gian”和“Defeat the Corrupted Gian [0/1]”。右下角技能按钮：标签（从顶部顺时针）：“Heavy Strike”、“Basic Attack”（带有哆啦A梦头像）、“Bamboo Copter Flight”、“Item Bag”、“Tumble Dodge”。存在发光的蓝色技能图标。底部中央物品栏：物品上方是“STAMINA VALUE”，后面跟着“120/130”。物品为“Dorayaki (15)”、“Healing Drink (8)”、“Bamboo Copter (5)”、“Time Beam Camera (3)”。小地图：右上角带有骷髅图标的小地图。方向键：左下角的英文文本虚拟方向键。画面细节：电影级的光照和特效。哆啦A梦武器光芒的冷蓝色，温暖的橙色火光，冰冷的紫色闪电，以及胖虎邪恶的红眼。服装和武器上有细致的纹理。所有英文文本干净、清晰且准确。低角度强调了体型差异和战斗的紧张感。,https://opennana.com/awesome-prompt-gallery/doomsday-doraemon-battle
四轴无人机全尺寸工程图纸,https://img.opennana.com/prompts/assets/202604/1776962753958-4bx42gby-1776962756113-1.jpeg,"Quadcopter drone engineering drawing with dimensions, including but not limited to the following contents, remember to put some product concept drawings in the corners

Three-view drawing: front view, top view, left view, using 2D to express 3D structure
Part drawing: draw each part separately, with dimensions, hole positions, materials, tolerances
Assembly drawing: explain how each part is assembled together
Exploded view / exploded assembly drawing: disassemble and arrange the parts to easily see structural relationships
Cross-sectional view: cut open the internal structure for expression
BOM table: bill of materials, specifying part names, quantities, specifications
Dimensional annotation drawing: fully write out the key dimensions needed for manufacturability and replicability","四轴无人机 带尺寸工程图，包括不限于下面这些内容，记得角落做一些产品概念图

三视图：主视图、俯视图、左视图，用二维表达三维结构
零件图：每个零件单独画，带尺寸、孔位、材料、公差
装配图：说明各零件怎么装在一起
爆炸图 / 爆炸装配图：把零件拆开排布，方便看结构关系
剖视图：把内部结构切开表达
BOM 表：物料清单，写明零件名称、数量、规格
尺寸标注图：把可制造、可复刻需要的关键尺寸写全",https://opennana.com/awesome-prompt-gallery/quadcopter-full-dimension-drawings
梦回江户浮世绘古典人物像,https://img.opennana.com/prompts/assets/202604/1776962834749-4t5vp2m0-1776962837163-1.jpeg,"Japanese Ukiyo-e portrait of the person in the reference image attached here. Preserve their facial features and likeness while transforming them into a traditional Edo-period aesthetic. Use flat color blocks, bold ink outlines, minimal shading, and a textured paper background. Style the hair, clothing, and accessories in authentic Japanese traditional fashion such as kimono patterns. Include classic Ukiyo-e elements like soft gradients, muted natural tones, and subtle background motifs (waves, clouds, or floral patterns). Maintain a calm, composed expression and balanced composition, with a slightly angled face and elegant posture",附加在此处的参考图像中人物的日式浮世绘肖像。保留他们的面部特征和相似度，同时将他们转化为传统的江户时代美学。使用平涂色块、粗犷的墨线轮廓、极少的阴影以及有纹理的纸张背景。将发型、服装和配饰设计为纯正的日本传统时尚，如和服图案。包含经典的浮世绘元素，如柔和的渐变、柔和的自然色调以及微妙的背景图案（波浪、云彩或花卉图案）。保持平静、沉着的表情和平衡的构图，面部微微倾斜，姿态优雅,https://opennana.com/awesome-prompt-gallery/dreamy-edo-ukiyoe-portrait
AI艺术展视觉海报设计,https://img.opennana.com/prompts/assets/202604/1776962914309-o3jk3so4-1776962920598-1.jpeg,"Design a visually captivating poster that promotes the launch of an AI-powered art exhibition titled 'The Future of Creativity'. Use bold, modern typography to highlight key features like 'Augmented Reality Experiences' and 'Interactive Installations'. The layout should be structured with a clear hierarchy, combining vibrant graphics related to AI-generated art, such as algorithms visualized as brush strokes, to draw attention and invite viewers.",设计一张视觉上引人注目的海报，宣传名为“创造力的未来”的 AI 驱动艺术展览的开幕。使用粗体、现代的排版来突出关键特性，如“增强现实体验”和“互动装置”。布局应具有清晰层级结构的安排，结合与 AI 生成艺术相关的生动图形，例如将算法可视化为笔触，以吸引注意力并邀请观众。,https://opennana.com/awesome-prompt-gallery/ai-art-exhibition-poster
重生空间智女的电影海报,https://img.opennana.com/prompts/assets/202604/1776963084989-6u3v895j-1776963085690-1.jpeg,"Grounded with the light novel, the Reborn space intelligence woman renders: 
A cinematic movie poster production still. Subjects: Yu Qi, characterised by a calm, piercing intelligence, wearing sharp, minimalist high fashion tailoring; 
Long Hui, characterised by a grounded, protective authority, wearing a structured, charcoal colored suit. 
Setting: A dimly lit, high end urban interior at dusk.Cinematography: Shot on 35mm film stock, low key lighting with a single cool toned directional light casting deep, natural shadows; shallow depth of field blurring the background architecture.Atmosphere: Subtle, refractive geometric light distortions floating in the air, hinting at an advanced, hidden reality.Detailing: Emphasise authentic skin texture and fabric weave rather than digital gloss.Typography: At the bottom, centred, elegant high contrast serif typeface reading 'Reborn: Space Intelligent woman', grounded with a subtle drop shadow to match the prestige aesthetic.",基于轻小说，重生空间智女渲染：一张电影海报的拍摄剧照。主体：Yu Qi，以冷静、锐利的智慧为特征，穿着利落、极简的高级时尚剪裁；Long Hui，以沉稳、保护性的权威为特征，穿着结构化的炭灰色西装。场景：黄昏时分，一个光线昏暗的高端城市室内环境。摄影：使用35毫米胶片拍摄，低调照明，单束冷色调定向光投射出深邃、自然的阴影；浅景深模糊了背景建筑。氛围：微妙的、折射的几何光线扭曲漂浮在空中，暗示着一个先进的、隐藏的现实。细节：强调真实的皮肤纹理和织物编织，而不是数字光泽。排版：在底部居中，优雅的高对比度衬线字体写着'Reborn: Space Intelligent woman'，带有微妙的投影以匹配高级美学。,https://opennana.com/awesome-prompt-gallery/reborn-space-woman-poster
鲨鱼百科图鉴：深海霸主的全解密,https://img.opennana.com/prompts/assets/202604/1776963006015-m9lc4wky-1776963008660-1.jpeg,"{
  ""task"": ""Generate a high-quality vertical Popular Science Encyclopedia Image"",
  ""subject"": ""Sharks"",
  ""format"": ""Vertical modular popular science infographic"",
  ""style_references"": [
    ""High-end natural history illustrations"",
    ""Modern encyclopedia pages"",
    ""Lifestyle knowledge cards"",
    ""Highly shareable social media infographics""
  ],
  ""style_description"": ""Illustration book aesthetic combined with encyclopedia structure, information density, and collectability. NOT a commercial poster."",
  ""required_visual_elements"": {
    ""main_visual"": ""A clear and beautiful central illustration of a shark (e.g., Great White Shark) in full profile view, rendered in detailed naturalist style"",
    ""magnified_details"": [
      ""Close-up of shark teeth rows"",
      ""Dermal denticles (skin texture)"",
      ""Ampullae of Lorenzini (electroreceptor pores on snout)"",
      ""Caudal fin structure""
    ],
    ""information_modules"": ""Multiple rounded modular info boxes with soft shadows and light backgrounds"",
    ""title_hierarchy"": ""Clear main title, subtitle, and section labels with consistent typographic scale"",
    ""icons"": ""Small exquisite icons accompanying each data point or module header""
  },
  ""content_modules"": [
    {
      ""module"": ""Basic Profile"",
      ""fields"": [
        ""Scientific name"",
        ""Common name"",
        ""Lifespan"",
        ""Average size"",
        ""Weight range"",
        ""Habitat depth range""
      ]
    },
    {
      ""module"": ""Classification Info"",
      ""fields"": [
        ""Kingdom"",
        ""Class"",
        ""Order"",
        ""Family"",
        ""Number of known species (~500)""
      ]
    },
    {
      ""module"": ""Appearance Characteristics"",
      ""fields"": [
        ""Body shape"",
        ""Skin texture (dermal denticles)"",
        ""Coloration"",
        ""Fin types and functions"",
        ""Eye structure""
      ]
    },
    {
      ""module"": ""Habits & Ecology"",
      ""fields"": [
        ""Diet"",
        ""Hunting strategy"",
        ""Migration patterns"",
        ""Social behavior"",
        ""Reproduction method (oviparous / viviparous / ovoviviparous)""
      ]
    },
    {
      ""module"": ""Unique Biological Structures"",
      ""fields"": [
        ""Lateral line system"",
        ""Electroreception (Ampullae of Lorenzini)"",
        ""Multiple rows of teeth (polyphyodont)"",
        ""Cartilaginous skeleton"",
        ""Countershading camouflage""
      ]
    },
    {
      ""module"": ""Ecosystem Role"",
      ""fields"": [
        ""Apex predator status"",
        ""Role in marine food web"",
        ""Impact on prey population balance"",
        ""Indicator species for ocean health""
      ]
    },
    {
      ""module"": ""Risks & Conservation"",
      ""fields"": [
        ""Threats: overfishing, finning, bycatch, habitat loss"",
        ""IUCN status of key species"",
        ""Legal protections"",
        ""Human encounter risk (context)""
      ]
    },
    {
      ""module"": ""Top 5 Most Notable Species"",
      ""entries"": [
        ""Great White Shark – largest predatory fish"",
        ""Whale Shark – largest fish on Earth"",
        ""Hammerhead Shark – unique cephalofoil head"",
        ""Bull Shark – tolerates freshwater"",
        ""Shortfin Mako – fastest shark species""
      ]
    },
    {
      ""module"": ""Quick Rating Card"",
      ""ratings"": [
        {
          ""trait"": ""Speed"",
          ""score"": ""4.5/5""
        },
        {
          ""trait"": ""Danger to humans"",
          ""score"": ""3/5""
        },
        {
          ""trait"": ""Intelligence"",
          ""score"": ""3.5/5""
        },
        {
          ""trait"": ""Conservation urgency"",
          ""score"": ""4.5/5""
        },
        {
          ""trait"": ""Ecological importance"",
          ""score"": ""5/5""
        }
      ]
    },
    {
      ""module"": ""Fast Facts / Key Point Summary"",
      ""facts"": [
        ""Sharks have existed for over 450 million years — predating the dinosaurs"",
        ""They have no bones — their skeleton is entirely cartilage"",
        ""Some species must swim continuously to breathe (obligate ram ventilators)"",
        ""A shark may grow and shed tens of thousands of teeth in its lifetime"",
        ""Fewer than 10 unprovoked fatal attacks occur globally per year""
      ]
    }
  ],
  ""visual_design_requirements"": {
    ""background"": ""Light-colored, clean — off-white, pale blue-gray, or warm cream"",
    ""color_palette"": ""Soft and natural: ocean blues, sandy beiges, coral accents, dark navy for text"",
    ""shadows"": ""Subtle light drop shadows on module cards"",
    ""corners"": ""Rounded rectangles for all information boxes"",
    ""layout"": ""High information density but not crowded; generous internal padding; neat grid structure"",
    ""typography"": ""Clear hierarchy: large title > section headers > body text > labels/captions"",
    ""orientation"": ""Vertical / portrait format"",
    ""icons"": ""Small, exquisite line or flat icons per module"",
    ""overall_feel"": ""Looks like a real printed science encyclopedia card — suitable for publishing, reading, collecting, and serialized production""
  },
  ""explicitly_not"": [
    ""Not a commercial advertisement"",
    ""Not a promotional poster"",
    ""Not a simple single illustration"",
    ""No sales messaging or branding language""
  ],
  ""emphasis"": ""Knowledge organization + modular information layout + naturalist illustration-style display""
}","{
  ""任务"": ""生成高质量的纵向科普百科图像"",
  ""主题"": ""鲨鱼"",
  ""格式"": ""纵向模块化科普信息图"",
  ""风格参考"": [
    ""高端自然历史插图"",
    ""现代百科页面"",
    ""生活知识卡片"",
    ""高度可分享的社交媒体信息图""
  ],
  ""风格描述"": ""插图书美学结合百科结构、信息密度和收藏性。不是商业海报。"",
  ""必需视觉元素"": {
    ""主视觉"": ""鲨鱼（例如大白鲨）的清晰美丽的中央插图，以全侧面视图呈现，采用详细的自然主义风格渲染"",
    ""放大细节"": [
      ""鲨鱼牙齿排的特写"",
      ""真皮牙（皮肤纹理）"",
      ""洛伦齐尼壶腹（吻部电感受器孔）"",
      ""尾鳍结构""
    ],
    ""信息模块"": ""多个带有柔和阴影和浅色背景的圆角模块化信息框"",
    ""标题层级"": ""清晰的主标题、副标题和部分标签，采用一致的排版比例"",
    ""图标"": ""每个数据点或模块标题旁附带的小巧精致的图标""
  },
  ""内容模块"": [
    {
      ""模块"": ""基本简介"",
      ""字段"": [
        ""学名"",
        ""俗名"",
        ""寿命"",
        ""平均体型"",
        ""重量范围"",
        ""栖息深度范围""
      ]
    },
    {
      ""模块"": ""分类信息"",
      ""字段"": [
        ""界"",
        ""纲"",
        ""目"",
        ""科"",
        ""已知物种数量（约500种）""
      ]
    },
    {
      ""模块"": ""外观特征"",
      ""字段"": [
        ""体型"",
        ""皮肤纹理（真皮牙）"",
        ""颜色"",
        ""鳍类型及功能"",
        ""眼睛结构""
      ]
    },
    {
      ""模块"": ""习性与生态"",
      ""字段"": [
        ""饮食"",
        ""狩猎策略"",
        ""迁徙模式"",
        ""社会行为"",
        ""繁殖方式（卵生 / 胎生 / 卵胎生）""
      ]
    },
    {
      ""模块"": ""独特生物结构"",
      ""字段"": [
        ""侧线系统"",
        ""电感受（洛伦齐尼壶腹）"",
        ""多排牙齿（多齿类）"",
        ""软骨骨骼"",
        ""反遮蔽伪装""
      ]
    },
    {
      ""模块"": ""生态系统角色"",
      ""字段"": [
        ""顶级掠食者地位"",
        ""海洋食物网中的角色"",
        ""对猎物种群平衡的影响"",
        ""海洋健康指示物种""
      ]
    },
    {
      ""模块"": ""风险与保护"",
      ""字段"": [
        ""威胁：过度捕捞、鱼翅贸易、附带捕获、栖息地丧失"",
        ""关键物种的IUCN状态"",
        ""法律保护"",
        ""人类遭遇风险（背景）""
      ]
    },
    {
      ""模块"": ""五大著名物种"",
      ""条目"": [
        ""大白鲨 – 最大的掠食性鱼类"",
        ""鲸鲨 – 地球上最大的鱼类"",
        ""锤头鲨 – 独特的头颅形状"",
        ""公牛鲨 – 能适应淡水"",
        ""短鳍真鲨 – 最快的鲨鱼物种""
      ]
    },
    {
      ""模块"": ""快速评级卡"",
      ""评级"": [
        {
          ""特征"": ""速度"",
          ""分数"": ""4.5/5""
        },
        {
          ""特征"": ""对人类的危险性"",
          ""分数"": ""3/5""
        },
        {
          ""特征"": ""智力"",
          ""分数"": ""3.5/5""
        },
        {
          ""特征"": ""保护紧迫性"",
          ""分数"": ""4.5/5""
        },
        {
          ""特征"": ""生态重要性"",
          ""分数"": ""5/5""
        }
      ]
    },
    {
      ""模块"": ""快速事实 / 要点总结"",
      ""事实"": [
        ""鲨鱼已存在超过4.5亿年 – 早于恐龙"",
        ""它们没有骨头 – 骨骼完全由软骨构成"",
        ""某些物种必须持续游泳才能呼吸（强制冲压通气者）"",
        ""一条鲨鱼在其一生中可能长出并脱落数万颗牙齿"",
        ""全球每年发生不到10起无端致命攻击""
      ]
    }
  ],
  ""视觉设计要求"": {
    ""背景"": ""浅色、干净 – 米白、浅蓝灰或暖米色"",
    ""颜色调色板"": ""柔和自然：海洋蓝、沙滩米色、珊瑚点缀、深海军蓝用于文本"",
    ""阴影"": ""模块卡片上的微妙浅色投影"",
    ""边角"": ""所有信息框采用圆角矩形"",
    ""布局"": ""高信息密度但不拥挤；宽裕的内部填充；整齐的网格结构"",
    ""排版"": ""清晰的层级：大标题 > 部分标题 > 正文 > 标签/说明"",
    ""方向"": ""纵向 / 纵幅格式"",
    ""图标"": ""每个模块的小巧精致的线条或扁平图标"",
    ""整体感觉"": ""看起来像真实的印刷科学百科卡片 – 适合出版、阅读、收藏和系列化生产""
  },
  ""明确禁止"": [
    ""不是商业广告"",
    ""不是促销海报"",
    ""不是简单的单一插图"",
    ""无销售信息或品牌语言""
  ],
  ""重点"": ""知识组织 + 模块化信息布局 + 自然主义插图风格展示""
}",https://opennana.com/awesome-prompt-gallery/shark-encyclopedia-secrets
优雅金发女郎时尚影棚写真,https://img.opennana.com/prompts/assets/202604/1776963384961-8snk3xns-1776963385548-1.jpeg,"{
  ""prompt"": ""Studio portrait of a young adult woman with long blonde hair and fair freckled skin, wearing a fitted black corset-style dress. She is seated on the floor in a relaxed pose, one hand resting behind her and the other touching her hair, looking off to the side with a calm, contemplative expression. Minimalist warm-toned studio background with soft gradient lighting, subtle red accent light adding depth and contrast. Clean editorial fashion photography style, high detail skin texture, soft shadows, elegant and modern aesthetic."",
  ""negative_prompt"": ""lowres, blurry, bad anatomy, extra limbs, deformed hands, distorted face, harsh lighting, overexposed, underexposed, watermark, text, logo, jpeg artifacts, cartoon, CGI, 3D render"",
  ""style"": ""editorial fashion photography, photorealistic"",
  ""camera"": {
    ""angle"": ""slightly low angle"",
    ""framing"": ""three-quarter body portrait"",
    ""lens"": ""85mm"",
    ""aperture"": ""f/2.0""
  },
  ""lighting"": {
    ""type"": ""studio lighting"",
    ""setup"": ""soft key light with warm fill and subtle red rim light"",
    ""mood"": ""warm and refined""
  },
  ""setting"": {
    ""location"": ""studio"",
    ""background"": ""smooth warm gradient backdrop""
  },
  ""color_palette"": [
    ""black"",
    ""warm beige"",
    ""soft red"",
    ""golden tones""
  ],
  ""size"": ""768x1152""
}","{
  ""prompt"": ""一位年轻成年女性的影棚肖像，留着长长的金发和白皙长有雀斑的皮肤，穿着一件修身的黑色束腰风格连衣裙。她以一种放松的姿势坐在地板上，一只手放在身后，另一只手触摸着她的头发，带着平静、沉思的表情看向侧方。极简暖色调的影棚背景，带有柔和的渐变照明，微妙的红色点缀光增加了深度和对比度。干净的时尚大片摄影风格，高细节的皮肤纹理，柔和的阴影，优雅和现代的美学。"",
  ""negative_prompt"": ""低分辨率，模糊，糟糕的人体解剖，多余的肢体，畸形的手，扭曲的脸，刺眼的照明，过曝，欠曝，水印，文字，标志，jpeg伪影，卡通，CGI，3D渲染"",
  ""style"": ""时尚大片摄影，照片写实"",
  ""camera"": {
    ""angle"": ""略微低角度"",
    ""framing"": ""四分之三身肖像"",
    ""lens"": ""85mm"",
    ""aperture"": ""f/2.0""
  },
  ""lighting"": {
    ""type"": ""影棚照明"",
    ""setup"": ""柔和的主光配合暖色补光和微妙的红色轮廓光"",
    ""mood"": ""温暖且精致""
  },
  ""setting"": {
    ""location"": ""影棚"",
    ""background"": ""平滑的暖色渐变背景""
  },
  ""color_palette"": [
    ""黑色"",
    ""暖米色"",
    ""柔和的红色"",
    ""金色调""
  ],
  ""size"": ""768x1152""
}",https://opennana.com/awesome-prompt-gallery/elegant-blonde-fashion-portrait
盛世长安万国来朝图,https://img.opennana.com/prompts/assets/202604/1776963856913-mcn6op6q-1776963858907-1.jpeg,"Aerial view of Chang'an City during the Kaiyuan Era golden age, Emperor Xuanzong of Tang and Yang Guifei gazing into the distance from Hanyuan Hall, the prosperity of myriad nations coming to pay tribute",开元盛世长安城俯瞰，唐玄宗杨贵妃含元殿远眺，万国来朝繁华,https://opennana.com/awesome-prompt-gallery/prosperous-tang-chang-an
绿色兵团全场景像素素材大合集,https://img.opennana.com/prompts/assets/202604/1776964626706-qk1c5zi9-1776964627106-1.jpeg,"Try to analyze all scenes of Green Beret, then take the used resources and generate pixel sprite sheets for all of them in one large image, pay attention not to include irrelevant elements to make it convenient for me to locate and crop",试着分析 绿色兵团 所有场景，然后将用到的资源 都生成像素雪碧图 在一张大图，注意不要无关元素方便我来定位裁剪,https://opennana.com/awesome-prompt-gallery/green-beret-scene-assets
复古韩风海报密室人像,https://img.opennana.com/prompts/assets/202604/1776964601850-d71ycqy6-1776964602409-1.jpeg,"Create a cinematic portrait based on the reference image: a young man seated on a simple stool inside a narrow room completely covered in vintage Korean pop-culture magazine pages and posters, including the walls, ceiling, and floor. Keep the same centered composition, wide-angle perspective, low camera height, and intimate enclosed-room feeling. The subject sits relaxed with knees apart, hands resting loosely near the lap, looking calmly toward the camera.Preserve the outfit mood: oversized dark charcoal sweatshirt, loose faded blue jeans with subtle knee distressing, clean white sneakers. The room should feel nostalgic, editorial, and slightly surreal, with warm amber overhead lighting, soft shadows, muted colors, and a moody underground music-video atmosphere.Make the magazine-covered surfaces visually dense but organized: layered portraits, Korean headlines, retro advertisements, faded print texture, slight paper wrinkles, taped edges, and varied poster sizes. Keep the background readable as a collage but do not require exact real text; use Korean-inspired typography and graphic blocks without creating recognizable copyrighted magazine covers.Photorealistic, high-detail, cinematic color grading, 35mm film look, subtle grain, realistic skin texture, natural fabric folds, deep perspective lines, symmetrical room geometry, dramatic but soft lighting, 4:5 vertical portrait, production-grade editorial photography.",基于参考图像创作一幅电影感肖像：一名年轻男子坐在一个简单的凳子上，身处一个狭窄的房间内，该房间的墙壁、天花板和地板完全被复古韩国流行文化杂志页面和海报所覆盖。保持相同的居中构图、广角透视、低机位高度以及亲密的封闭房间感。主体放松地坐着，双膝分开，双手松散地放在大腿附近，平静地看向镜头。保留服装氛围：深炭灰色超大连帽衫，带有细微膝盖磨损的宽松褪色蓝色牛仔裤，干净的白色运动鞋。房间应该让人感到怀旧、具有杂志大片感且略带超现实主义，配有温暖的琥珀色头顶照明、柔和的阴影、柔和的色彩以及情绪化的地下音乐录影带氛围。使被杂志覆盖的表面在视觉上密集但有条理：分层的人物肖像、韩文标题、复古广告、褪色的印刷纹理、轻微的纸张褶皱、用胶带粘贴的边缘以及大小不一的海报。保持背景作为拼贴画的可读性，但不要求使用确切的真实文本；使用受韩文启发的排版和图形色块，而不创建可识别的受版权保护的杂志封面。照片写实，高细节，电影级调色，35毫米胶片质感，细微的颗粒感，逼真的皮肤纹理，自然的布料褶皱，深邃的透视线条，对称的房间几何形状，戏剧性但柔和的照明，4:5竖向肖像，制作级杂志大片摄影。,https://opennana.com/awesome-prompt-gallery/retro-korean-poster-room-portrait
夏日沙滩气泡水商业摄影,https://img.opennana.com/prompts/assets/202604/1776964728426-py6nv1gk-1776964728782-1.jpeg,"A professional product photography shot of a cold sparkling water 
can placed upright in golden beach sand. The can is silver and teal, 
covered in realistic water droplets condensation, with a pineapple 
illustration and tropical branding. The can is slightly tilted, 
planted in a small mound of fine golden sand with tiny white pebbles 
and small green tropical leaves/grass scattered around the base. 
Background features a bold split composition - bright sky-blue on 
the left and vivid yellow on the right, with a large blurred real 
pineapple placed behind the can on the right side. A blurred tropical 
palm leaf drapes in from the upper left corner, adding depth and 
framing. Macro-level water condensation droplets visible on the 
can surface. Lighting is bright, vibrant, commercial studio lighting 
with clean shadows. Shallow depth of field - can in sharp focus, 
background softly blurred. Mood: summer, tropical, fresh, refreshing. 
Commercial product photography, ultra-detailed, 8K.",一罐冰冷气泡水直立放置在金色沙滩中的专业产品摄影照片。罐体呈银色和青色，覆盖着逼真的水滴冷凝，带有菠萝插图和热带品牌标识。罐体略微倾斜，栽种在一个精细金色沙子堆成的小土丘中，底部周围散落着微小的白色卵石和细小的绿色热带树叶/草。背景采用大胆的分屏构图 - 左侧是明亮的天蓝色，右侧是鲜艳的黄色，右侧罐子后面放置着一个大的模糊的真实菠萝。一片模糊的热带棕榈叶从左上角垂入，增加了景深和框架感。罐体表面可见宏观级别的冷凝水滴。照明明亮、充满活力，是具有干净阴影的商业影棚灯光。浅景深 - 罐体清晰对焦，背景柔和模糊。氛围：夏天、热带、清新、清爽。商业产品摄影，超细节，8K。,https://opennana.com/awesome-prompt-gallery/summer-beach-sparkling-water
暗黑宫廷武则天同款内衣大片,https://img.opennana.com/prompts/assets/202604/1776963992584-n9alxb68-1776963993234-1.jpeg,"TV drama Empress Wu Zetian same style empress underwear advertisement, dragon pattern embroidery lace panties, dark palace atmosphere blockbuster",影视剧武则天同款皇后内衣广告，龙纹刺绣蕾丝内裤，暗黑宫廷氛围感大片,https://opennana.com/awesome-prompt-gallery/dark-palace-empress-underwear
法式风情地标美食海报,https://img.opennana.com/prompts/assets/202604/1776962398443-mats6qrk-1776962402566-1.jpeg,Create a premium poster showcasing iconic French landmarks and traditional dishes in a clean and elegant composition.,创作一张高级海报，以干净优雅的构图展示标志性的法国地标建筑和传统美食。,https://opennana.com/awesome-prompt-gallery/french-landmark-food-poster
极简东方美学护肤广告大片,https://img.opennana.com/prompts/assets/202604/1776962373819-qkydd1ss-1776962376964-1.jpeg,"Minimalist Oriental premium advertising style, high-end skincare brand KV poster, brand name ""BRAND"", overall aura pure, restrained, fusion of technological sense and Oriental aesthetics

In the center of the image is a high-end essence product, glass bottle body, transparent gradient texture (upper part transparent -> lower part cool-toned cyan-green), with liquid light sense at the bottom, paired with a champagne gold metal bottle cap, the product is placed on a circular highlight base, material is a combination of polished stone and metal, exquisite and clear details, serving as the absolute visual center

The product is surrounded by delicate golden energy halos and flowing light bands, forming a slight S-shaped dynamic line, symbolizing repair and regeneration energy, light diffuses outward from the product, strengthening ""visualized efficacy""

An Oriental woman is located in the back-right position of the image, half-body looking back with a side face, calm and elegant temperament, exquisite and natural facial features, cold white delicate skin presenting a transparent luster (emphasizing skincare effects), low-saturation orange-pink makeup, with faint golden highlights

Black long hair flowing with the wind, golden light particles and faint light bands integrated into the hair strands, overall clean and restrained without excessive decoration, forming a echoing relationship with the product's light effects

Wearing translucent silk clothing and a shawl, light and flowing, transparent material, with delicate gold-gilded textures and soft reflections, presenting a premium texture

The lighting system is a clean warm golden main light source (side-rear), the product is the main light focus point, the character is auxiliary light-receiving, edge light is soft, volumetric light is slightly present, tiny golden light particles floating in the air, overall light is transparent without overexposure

The background is a minimalist light-color gradient (cream white + warm gold transition), large area of negative space, the image is clean without impurities, possessing advertising layout space

The bottom of the image adds cool-toned cyan-green water surface or mineral texture elements (symbolizing pure technology and ingredient sources), enhancing the brand's ""pure technological sense""

Color system is strictly controlled: main colors are gold + cream white, embellished with cool-toned cyan-green and champagne gold, overall low-saturation premium tone

Composition is stable center composition + slight S-shaped dynamic line, visual focus is clear, hierarchy is clear (product > light > character)

Overall style: high-end, pure, repair and regeneration, anti-aging technological sense, international top-tier skincare advertising texture (similar to La Mer / SK-II level)

Ultra-fine, 8K texture, commercial photography-grade lighting, realistic material representation

Negative: product deformation, text errors, excessive decoration, crowded image, cheap gold, chaotic lighting, overexposure, low clarity","极简东方高级广告风格，高端护肤品牌KV海报，品牌名“BRAND”，整体气质纯净、克制、科技感与东方美学融合

画面中心为一款高端精华产品，玻璃瓶身，通透渐变质感（上部透明→下部冷调青绿色），底部带液体光感，搭配香槟金金属瓶盖，产品放置于圆形高光底座之上，材质为抛光石材与金属结合，细节精致清晰，作为视觉绝对中心

产品周围环绕细腻金色能量光环与流动光带，形成轻微S型动线，象征修护与再生能量，光线从产品向外扩散，强化“功效视觉化”

一位东方女性位于画面后方偏右位置，半身回眸侧脸，气质冷静优雅，五官精致自然，冷白细腻肌肤呈现通透光泽（强调护肤效果），低饱和橘粉妆容，带微弱金色高光

黑色长发随风流动，发丝中融合金色光粒与微弱光带，整体干净克制不过度装饰，与产品光效形成呼应关系

身穿半透明丝绸服装与披肩，轻盈流动，材质通透，带细腻鎏金纹理与柔和反光，呈现高级质感

光影系统为干净暖金色主光源（侧后方），产品为主光聚焦点，人物为辅助受光，边缘光柔和，体积光轻微存在，空气中漂浮细小金色光粒，整体光线通透不过曝

背景为极简浅色渐变（米白+暖金过渡），大面积留白，画面干净无杂质，具备广告排版空间

画面下方加入冷调青绿色水面或矿物质质感元素（象征纯净科技与成分来源），增强品牌“纯净科技感”

色彩体系严格控制：主色为金色+米白，点缀冷调青绿色与香槟金，整体低饱和高级色调

构图为稳定中心构图+轻微S型动线，视觉聚焦明确，层级清晰（产品 > 光 > 人物）

整体风格：高端、纯净、修护再生、抗老科技感，国际大牌护肤广告质感（类似La Mer / SK-II级别）

超精细，8K质感，商业摄影级光影，真实材质表现

负面：产品变形，文字错误，过多装饰，画面拥挤，廉价金色，光影混乱，过曝，低清晰度",https://opennana.com/awesome-prompt-gallery/minimalist-oriental-skincare-ad
中国朝代时间长河信息图设计,https://img.opennana.com/prompts/assets/202604/1776963755103-nb8hctc8-1776963755644-1.jpeg,"Infographic of the long river of Chinese dynasties, wavy timeline with small icons, vertical design",中国朝代时间长河信息图，波浪形时间轴配小图标，竖版设计,https://opennana.com/awesome-prompt-gallery/chinese-dynasty-timeline-infographic
李佳琦口红矩阵直播间背景,https://img.opennana.com/prompts/assets/202604/1776964056632-t948oc8e-1776964057773-1.jpeg,"Li Jiaqi's livestream room background, lipstick matrix display wall, warm light ambient lighting, text ""OMG buy it""","李佳琦直播间背景，口红矩阵展示墙，暖光氛围灯，文案""OMG买它""",https://opennana.com/awesome-prompt-gallery/lipstick-matrix-livestream
红衣东方不败悬崖饮酒图,https://img.opennana.com/prompts/assets/202604/1776964149237-epu4y4ru-1776964149827-1.jpeg,"Movie character poster, Dongfang Bubai drinking wine in red clothes, sunset over a cliff, Wuxia atmosphere",电影角色海报，东方不败红衣饮酒，悬崖落日，武侠意境,https://opennana.com/awesome-prompt-gallery/red-cloaked-dongfang-bubai-drinking
苏妲己红纱狐耳撩人写真,https://img.opennana.com/prompts/assets/202604/1776964261992-nxd3g0go-1776964262785-1.jpeg,"Su Daji ancient Chinese style photoshoot, translucent red sheer dress, fox ears looming, seductive and alluring",苏妲己古风写真，红色纱衣半透，狐耳若隐若现，媚态撩人,https://opennana.com/awesome-prompt-gallery/su-daji-red-veil-fox-ears
暗黑史诗风哪吒悬浮虚空图,https://img.opennana.com/prompts/assets/202604/1776964224063-689w8n2k-1776964225043-1.jpeg,"Fantasy novel cover, Nezha with three heads and six arms floating in the void, flame lotus pedestal base, dark epic style",玄幻小说封面，哪吒三头六臂悬浮虚空，火焰莲台底座，暗黑史诗风,https://opennana.com/awesome-prompt-gallery/dark-epic-nezha-void
唐代长安元宵灯会全景图,https://img.opennana.com/prompts/assets/202604/1776964342610-gpxjkvgx-1776964343150-1.jpeg,"Tang Dynasty Chang'an City Lantern Festival panorama, ten thousand lanterns illuminating the night sky, Gongbi heavy-color long scroll",唐代长安城元宵灯会全景，万盏花灯照亮夜空，工笔重彩长卷,https://opennana.com/awesome-prompt-gallery/tang-dynasty-lantern-festival-panorama
中国航天纪念烫金邮票,https://img.opennana.com/prompts/assets/202604/1776964285652-cezn74wc-1776964286245-1.jpeg,"Chinese aerospace commemorative stamp souvenir sheet, rocket launch scene, gold-stamped border craft",中国航天纪念邮票小全张，火箭发射场景，烫金边框工艺,https://opennana.com/awesome-prompt-gallery/chinese-aerospace-gold-stamp
真实微信聊天随手拍照片,https://img.opennana.com/prompts/assets/202604/1776945918007-7xrbmuy4-1776945925735-1.jpeg,"Generate image, aspect ratio 3:4

A real shot iPhone casual photo, handheld shot, screen displays a real WeChat chat interface, environmental natural light, with slight sunlight reflection, slightly tilted frame, slice-of-life, imperfect composition, strong sense of reality, high detail, 4K, obvious fingerprints, oil stains, tiny scratches on the screen glass surface, with natural reflections, partial glare, and screen contamination feel of real photography

Reference image 1 as my avatar
Reference image 2 as the other party's avatar

Contact: [Contact Name]

Chat content is supplemented by GPT itself
Requirement is natural Chinese WeChat dialogue, conforming to real chat habits, revolving around this theme:
[Scene Theme]

The dialogue must include a Word file attachment
File name: [File Name].docx
File size: [File Size]

The interface must look like real WeChat
Left side is the other party, right side is me
Top bar, bubbles, avatars, time separation, whitespace all conform to real WeChat style
The bottom input bar must strictly be:
Left side voice button, middle white long input box, microphone icon on the right side inside the input box, rightmost emoji button and plus button

No periods
No extra spaces
No design draft feel
No UI schematic feel
Must look like a WeChat chat photo taken by a real phone","生成图片，比例3:4

一张真实拍摄的 iPhone 手机随手拍照片，手持拍摄，屏幕显示真实微信聊天界面，环境自然光，略带阳光反射，画面略微倾斜，生活化，不完美构图，真实感强，高细节，4K，屏幕玻璃表面有明显指纹、油渍、细小划痕，并带有自然反光、局部眩光和真实拍摄的屏幕污染感

参考图1作为我的头像
参考图2作为对方头像

联系人：[联系人名称]

聊天内容由GPT自行补充
要求是自然中文微信对话，符合真实聊天习惯，围绕这个主题展开：
[场景主题]

对话里要包含一个Word文件附件
文件名：[文件名].docx
文件大小：[文件大小]

界面必须像真实微信
左侧对方，右侧我
顶部栏、气泡、头像、时间分隔、留白都符合真实微信风格
底部输入栏必须严格为：
左侧语音按钮，中间白色长输入框，输入框内右侧麦克风图标，最右侧表情按钮和加号按钮

不要句号
不要多余空格
不要设计稿感
不要UI示意图感
要像真实手机拍出来的微信聊天照片",https://opennana.com/awesome-prompt-gallery/real-wechat-chat-photo
鹿鼎记绝美双主角海报,https://img.opennana.com/prompts/assets/202604/1776933827724-vfi97vur-1776933835186-1.jpeg,"Generate a poster for The Deer and the Cauldron, showing Wei Xiaobao and his wife XXX, faithful to the original description, exaggerating characteristics, emphasizing the beauty of the female and the temperament of the male",生成鹿鼎记海报，展现韦小宝跟老婆XXX，忠于原著的描述，夸大特点，强调女性的美艳和男性的气质,https://opennana.com/awesome-prompt-gallery/royal-bride-poster
天龙八部康敏妖妇角色SSR卡,https://img.opennana.com/prompts/assets/202604/1776867342165-6zqunvxb-1776867348651-1.jpeg,"Demi-Gods and Semi-Devils Kang Min SSR character card, red lips curly hair femme fatale, seductive gaze under dim candlelight",天龙八部康敏SSR角色卡，红唇卷发妖妇，幽暗烛光下眼神勾人,https://opennana.com/awesome-prompt-gallery/tianlongbabu-kang-min-card
极简几何风艺术产品海报,https://img.opennana.com/prompts/assets/202604/1776870034282-in6ao5l8-1776870039299-1.jpeg,"Please create a ""minimalist geometric installation style product poster"" for the [Theme Product].
If I provide a product image, please use this image as the main reference, retain the product's core appearance features, packaging form, color, material, brand identity, and overall temperament, and prioritize adopting the main tone and color matching relationship from the product image for the design.
If I do not provide a product image, please automatically generate product appearance and packaging design that fits the positioning of the [Theme Product], and automatically match natural and reasonable main colors, auxiliary colors, prop shapes, and display methods based on the product attributes, category characteristics, and temperament.
Overall poster style requirements:
The image uses a high-key white or warm white photography studio background, overall clean, transparent, soft, and bright, with a premium commercial feel and modern brand visual temperament. The composition is not an ordinary e-commerce studio shot, but a conceptual poster combining brand visual proposals, artistic still life photography, and 3D product display.
The main subjects of the image should include:
1. The [Theme Product] itself
2. Product packaging
3. Raw materials, slices, components, functional elements, or material details related to the product
The three together form a complete visual chain, allowing viewers to understand at a glance ""what this product is, what the content is, what the selling point or source is"".
Add simple and design-sense geometric installation props to the scene, for example: cylinders, squares, long strips, rings, spheres, semicircles, platforms, stacked building blocks, acrylic stands, toy-like structures, used to support, suspend, surround, or set off the main product body, forming an artistic display composition rich in order, rhythm, and layering.
The overall color matching should naturally unfold around the product itself, with the product-related color as the main visual core, paired with neutral colors such as white, cream, and light gray, adding a small amount of auxiliary accent colors when necessary, making the picture colors unified, restrained, comfortable, and refreshing, not cluttered or flashy. Different products should automatically adapt to different color schemes, without fixedly using a certain background color.
The material expression should be delicate and realistic, with a high-quality commercial rendering texture. Transparent plastic, acrylic, frosted material, paper labels, glass, metal, smooth plastic, fruit flesh texture, food ingredient texture, or product surface details should all be natural and credible. There can be slight reflections and soft shadows, but they should not be too heavy or dirty and messy.
The composition requires sufficient white space, clear main subject, balanced picture, clean visuals, with a relaxed, gentle, modern, exquisite, approachable, slightly playful but not childish brand temperament. The overall feeling is like a high-aesthetic brand product KV poster, very suitable for e-commerce main visuals, social media seeding pictures, and product display pictures.
Output requirements:
- Vertical composition
-  Proportion
- Single poster
- Premium feel, simple feel, strong brand feel","请为【主题产品】创作一张“极简几何装置风产品海报”。

如果我提供了产品图片，请以该图片为主要参考，保留产品的核心外观特征、包装形态、颜色、材质、品牌识别和整体气质，并优先沿用产品图中的主色调与配色关系进行设计。
如果我没有提供产品图片，请根据【主题产品】自动生成符合该产品定位的产品外观与包装设计，并根据产品属性、品类特征和气质，自动匹配自然合理的主色、辅助色、道具造型与展示方式。

海报整体风格要求：
画面采用高键白色或暖白色摄影棚背景，整体干净、通透、柔和、明亮，具有高级商业感与现代品牌视觉气质。构图不是普通电商棚拍，而是像品牌视觉提案、艺术静物摄影与3D产品陈列结合的概念海报。

画面主体应包含：
1. 【主题产品】本体
2. 产品包装
3. 与产品相关的原料、切片、部件、功能元素或材质细节

三者共同构成完整的视觉链路，使观者一眼就能理解“这是什么产品、内容是什么、卖点或来源是什么”。

场景中加入简洁且具有设计感的几何装置道具，例如：圆柱、方块、长条块、圆环、球体、半圆、平台、堆叠积木、亚克力支架、玩具感结构体等，用于承托、悬置、围绕或衬托产品主体，形成富有秩序感、节奏感和层次感的艺术陈列构图。

整体配色应围绕产品本身自然展开，以产品关联色为主视觉核心，搭配白色、奶油色、浅灰色等中性色，必要时加入少量辅助点缀色，使画面颜色统一、克制、舒适、清爽，不杂乱、不花哨。不同产品应自动适配不同配色，不固定使用某一种背景色。

材质表现要细腻真实，具有高质量商业渲染质感。透明塑料、亚克力、磨砂材质、纸质标签、玻璃、金属、光滑塑胶、果肉纹理、食材纹理或产品表面细节都应自然可信。可以有轻微反射与柔和阴影，但不要过重、不要脏乱。

构图要求留白充足，主体明确，画面平衡，视觉整洁，具有轻松、温和、现代、精致、亲和、带一点童趣但不幼稚的品牌气质。整体感觉像一张高审美的品牌产品KV海报，非常适合电商主视觉、社交媒体种草图、产品展示图。

输出要求：
- 竖版构图
-  比例
- 单张海报
- 高级感、简洁感、品牌感强",https://opennana.com/awesome-prompt-gallery/minimalist-geometric-product-poster
明星代言汽车海报,https://img.opennana.com/prompts/assets/202604/1776869659271-nw6sneez-1776869663122-1.jpeg,XXX endorsing XXX car poster,,https://opennana.com/awesome-prompt-gallery/star-endorse-car-poster
敦煌神女残金壁画,https://img.opennana.com/prompts/assets/202604/1776934092169-tnju9qva-1776934115984-1.jpeg,"Please take [Theme] as the core to create a high-end artwork in the style of Dunhuang murals. The picture adopts [Composition Method] composition method, taking the main character as the only main visual core, expressing the sacred moment of its core action / situation. The overall atmosphere should be [Overall Atmosphere], possessing museum-level aesthetics, cultural thickness, and collectible artistic sense.

Main character image requirements:
The main character should present an elegant and solemn, slender and luxurious, strongly divine temperament, with stretched posture, having the distinct sacredness and ritual sense of Dunhuang murals. The face needs to be serene, holy, subtle, and inviolable, carrying the solemn temperament of goddesses / bodhisattvas / flying apsaras in Dunhuang murals, rather than ordinary ancient style beauties.
Hair styled in a high bun, wearing complex and exquisite gold hair crowns, beaded chain buyao, earrings, yingluo (necklaces), armlets, waist ornaments, with gorgeous clothing, smooth clothing lines, fine and vigorous lines, full of flying apsara rhythm and court-level mural texture. The hem of the garment, flowing ribbons, skirt hem, and cuffs should form rhythmic flowing curves, strengthening the sense of sacred ascension and picture rhythm.

Gold structure requirements:
The picture needs to strengthen structural use of gold, not scattered gold dots, but forming a clear luxurious order:
The main character's hair crown, jewelry, clothing edges, cuffs, waist seal, ribbon edge lines, and skirt patterns adopt gold tracing, mud gold, gilded gold, gold thread embroidery, damaged gold foil traces;
Core sacred elements, such as moon wheel / buddha light / dharma wheel / precious canopy / lotus seat, cloud patterns, lotus petals, baoxiang flowers, caisson decorations, tuanhua patterns, border decorations should also have clearly visible but restrained and high-end golden decorations;
The overall presentation should have a resplendent but not vulgar, gorgeously crafted but not cheap effect, expressing the damaged luxury sense that still retains the lingering charm of resplendence after thousands of years of weathering.

Color requirements:
Colors are mainly ochre red, cinnabar, cyan-green, azurite, mineral green, earth yellow, ivory white, supplemented by restrained and exquisite earth gold, gilded gold.
The overall tone should be rich, mellow, antique, and noble, avoiding light and floating syrupy colors.
The background can adopt [Background Main Color Atmosphere], such as a deep azurite sky curtain / warm ancient wall base color / dark gold mineral base color combined with ancient wall texture, setting off the sacredness and nobility of the main body.

Decorative element requirements:
The picture can integrate typical Dunhuang visual languages such as flying apsaras, lotus flowers, baoxiang flowers, caissons, auspicious clouds, musicians, tuanhua patterns, pavilions and palaces, dharma instruments, holy light round wheels, and classical border decorations, but they must be centrally distributed around the main body with clear hierarchy, avoiding evenly spreading across the whole picture.
Supporting characters should be controlled to [Number of Supporting Characters] positions, serving as praise and foil, distributed around or below the main body, forming a ritualistic momentum facing the main body. They can have supporting actions, such as holding a lotus / playing a pipa / blowing a flute / offering flowers / holding a lamp / holding a banner, with light and flowing lines, echoing the main body, but must not overshadow the main subject.

Space and composition requirements:
The composition should retain moderate cloud space, holy light blank space, moonlight or sky curtain blank space, giving the picture a sense of breathing.
Core sacred elements need to be eye-catching, solemn, and complete, surrounded by gilded halos, holy light round wheels, and dense gold line trajectories, strengthening the sacredness of the theme.
Distant view elements can be embellished in the distance, such as moon palace pavilions / pavilions in the clouds / buddhist realm architecture / fairy realm sky curtain, but not too many, to enhance the spatial hierarchy and fairy realm atmosphere.

Material expression requirements:
Need to emphasize ancient grotto murals and mineral pigment textures:
Visible mottling, cracks, weathering, slight peeling, historical patina, pulverized edges, ancient wall textures;
At the same time, retain local gold tracing, damaged gold foil, and abraded gilded luster, forming a high-end artistic texture of ""old but noble, damaged but gorgeous, ancient but sacred"".

Overall requirements: gorgeous, delicate, mysterious, solemn, unified, collectible, artistic, extremely strong sense of high-end.

Negative constraint words:
Avoid modern national trend style, avoid commercial illustration sense, avoid ordinary ancient style beauty illustration, avoid anime sense, avoid internet celebrity aesthetics, avoid plastic texture, avoid cheap nouveau riche gold, avoid gold being too bright and too vulgar, avoid fluorescent colors, avoid over-saturation, avoid too many characters, avoid background elements being too full, avoid decorations evenly spreading across the whole picture, avoid overly heavy floral sense, avoid unclear visual primary and secondary, avoid unhighlighted main body, avoid low-level stacking sense, avoid mediocrity sense, avoid frivolity sense, avoid modern clothing sense, avoid photography sense, avoid 3D modeling plastic sense.","请以 【主题】 为核心，创作一幅 敦煌壁画风的高端艺术画作。画面采用 构图方式，以主体角色为唯一主视觉核心，表现其核心动作 / 情境的神圣瞬间。整体氛围应为 整体氛围，具有博物馆级审美、文化厚度与收藏级艺术感。

主体形象要求：
主体角色应呈现出优雅庄严、修长华贵、神性强烈的气质，姿态舒展，具有鲜明的敦煌壁画式神圣性与仪式感。面容需静穆、圣洁、含蓄、不可侵犯，带有敦煌壁画中神女 / 菩萨 / 飞天式的庄严气质，而不是普通古风美女。
发髻高挽，佩戴复杂精美的 金饰发冠、珠链步摇、耳饰、璎珞、臂钏、腰饰，服饰华丽，衣纹流畅，线条细劲有力，富有飞天韵律与宫廷级壁画质感。衣袂、飘带、裙摆与袖口应形成富有节奏感的流动曲线，强化神圣升腾感与画面韵律。

用金结构要求：
画面需强化 结构性用金，不是零散点金，而是形成明确的奢华秩序：
主体角色的发冠、首饰、衣缘、袖口、腰封、飘带边线、裙摆纹样采用 描金、泥金、鎏金、金线刺绣、残损金箔痕迹；
核心神圣元素，如月轮 / 佛光 / 法轮 / 宝盖 / 莲台、云纹、莲花花瓣、宝相花、藻井纹饰、团花纹、边框装饰也应带有 清晰可见但克制高级的金色装饰；
整体呈现 金碧辉煌但不俗艳、富丽精工但不廉价 的效果，表现出历经千年风化后仍保有金碧辉煌余韵的 残损奢华感。

色彩要求：
色彩以 赭红、朱砂、青绿、石青、石绿、土黄、象牙白 为主，辅以克制精致的 土金、鎏金。
整体色调要 浓郁、浑厚、古雅、贵气，避免轻飘糖水色。
背景可采用 背景主色氛围，如深邃石青天幕 / 温润古壁底色 / 暗金矿物底色与古壁肌理结合，衬托出主体的神圣与尊贵。

装饰元素要求：
画面可融入 飞天、莲花、宝相花、藻井、祥云、伎乐、团花纹、楼阁宫阙、法器、圣光圆轮、古典边框装饰 等典型敦煌视觉语言，但必须围绕主体集中分布，层级清晰，避免平均铺满全画面。
陪衬人物控制在 陪衬人数位即可，作为礼赞与陪衬，分布在主体周围或下方，形成朝向主体的仪式感动势。她们可陪衬动作，如持莲花 / 奏琵琶 / 吹笛 / 奉花 / 托灯 / 执幡，线条轻盈流动，与主体形成呼应，但不可喧宾夺主。

空间与构图要求：
构图中应保留适度的 云气空间、圣光留白、月光或天幕留白，让画面有呼吸感。
核心神圣元素需醒目、庄严、圆满，周围可有 鎏金光晕、圣光圆轮、细密金线轨迹，强化主题的神圣性。
远处可点缀远景元素，如月宫楼阁 / 云中宫阙 / 佛国建筑 / 仙界天幕，但不可过多，以增强空间层次与仙界气息。

材质表现要求：
需强调古老石窟壁画与矿物颜料肌理：
可见 斑驳、裂纹、风化、轻微剥落、历史包浆、粉化边缘、古壁肌理；
同时保留局部 描金、残损金箔、磨蚀后的鎏金光泽，形成 “旧而贵、残而华、古而神圣” 的高级艺术质感。
整体要求：华丽、细腻、神秘、庄严、统一、收藏级、艺术化、高级感极强。

负面约束词：
避免现代国潮风，避免商业插画感，避免普通古风美女插画，避免动漫感，避免网红审美，避免塑料质感，避免廉价土豪金，避免金色过亮过俗，避免荧光色，避免过度饱和，避免人物过多，避免背景元素过满，避免装饰平均铺满全画面，避免碎花感过重，避免视觉主次不清，避免主体不突出，避免低级堆砌感，避免平庸感，避免轻浮感，避免现代服装感，避免摄影感，避免3D建模塑料感。",https://opennana.com/awesome-prompt-gallery/dunhuang-goddess-gold-mural
十八名家丹青绘山城朝天门,https://img.opennana.com/prompts/assets/202604/1776945414647-r2u0jqsa-1776945423987-1.jpeg,"Please create an original Chinese art curation poster with the theme ""Chongqing Chaotianmen Under the Brushes of Different Painters"".

Content setting: Taking 18 Chinese painters as sources of inspiration, using different art styles to express the same theme of ""Chongqing Chaotianmen"". Each small picture revolves around Chongqing Chaotianmen, reflecting the characteristics of the confluence of two rivers, docks, riverside cities, stacked buildings of the mountain city, boats, water mist, city skylines. Note: It must be Chongqing Chaotianmen, do not show Shanghai Oriental Pearl Tower.

The 18 painters are as follows: Gu Kaizhi, Wu Daozi, Wang Ximeng, Ni Zan, Shen Zhou, Qiu Ying, Qi Baishi, Zhang Daqian, Xu Beihong, Lin Fengmian, Fu Baoshi, Li Keran, Wu Guanzhong, Huang Yongyu, Fan Zeng, Zhou Chunya, Zeng Fanzhi, Liu Xiaodong.

Style directions:
- Gu Kaizhi: Flowing line drawing, elegant coloring, combination of ancient figures and landscapes
- Wu Daozi: Bold ink lines, strong momentum, strong sense of dynamics
- Wang Ximeng: Blue-green landscape, grand and exquisite, magnificent mineral colors
- Ni Zan: Sparse and ethereal, literati landscape, obvious blank space
- Shen Zhou: Gentle literati brush and ink, rich layers
- Qiu Ying: Fine brushwork and heavy color, exquisite and gorgeous, strong sense of narrative
- Qi Baishi: Concise brush and ink, vivid colors, naive and lively
- Zhang Daqian: Splashed ink and splashed color, broad atmosphere
- Xu Beihong: Integration of Chinese and Western, rigorous modeling
- Lin Fengmian: Modern Chinese painting, summarized color blocks, poetic haziness
- Fu Baoshi: Bold brush and ink, misty and thick
- Li Keran: Deep accumulated ink, calm layers
- Wu Guanzhong: Strong sense of form, distinct composition of points, lines, and planes
- Huang Yongyu: Agile and bright, jumping colors
- Fan Zeng: Literati spirit, strong calligraphic quality, strong figure flavor
- Zhou Chunya: Strong expressiveness, intense colors, with flower imagery
- Zeng Fanzhi: Strong emotional tension, thick brushstrokes, urban sense
- Liu Xiaodong: Realistic oil painting, sense of being on the scene, combination of figures and riverside life

Layout requirements: Do not imitate the layout of any existing images, do not use a table comparison structure, do not replicate sample posters.
Please design it in the form of an ""original curation poster"", and you can adopt a more free and advanced art gallery exhibition layout:
- The picture is horizontally large
- The overall picture is divided into three chapters: ancient, modern and contemporary
- Within each chapter, several small works and text labels are freely arranged
- The layout has a sense of exhibition, publication, and curation design
- The text is in Chinese
- Large title text: Chongqing Chaotianmen Under the Brushes of Different Painters
- Short work descriptions and style keywords can be added
- Add small text explanation at the bottom: The above works are stylized creations by AI based on the artistic languages of different painters, and are only for art appreciation and learning exchange

Visual requirements: High-end, restrained, academic temperament, art gallery publication style, paper texture, comfortable blank space, exquisite layout, rich details, 4K high definition.","请创作一张原创的中文艺术策展海报，主题为《不同画家笔下的重庆朝天门》。

内容设定：
以18位中国画家为灵感来源，分别用不同艺术风格来表现“重庆朝天门”这一同一主题。每一幅小画面都围绕重庆朝天门展开，体现两江交汇、码头、江岸城市、山城层叠建筑、船只、水雾、城市天际线等特征。注意：必须是重庆朝天门，不要出现上海东方明珠。

18位画家如下：
顾恺之、吴道子、王希孟、倪瓒、沈周、仇英、齐白石、张大千、徐悲鸿、林风眠、傅抱石、李可染、吴冠中、黄永玉、范曾、周春芽、曾梵志、刘小东。

风格方向：
- 顾恺之：线描飘逸、设色淡雅、古意人物与山水结合
- 吴道子：奔放墨线、气势强烈、动态感强
- 王希孟：青绿山水、宏阔精丽、矿物色华美
- 倪瓒：疏淡空灵、文人山水、留白明显
- 沈周：温润文人笔墨、层次丰富
- 仇英：工笔重彩、精致繁丽、叙事感强
- 齐白石：笔墨简练、色彩鲜活、天真生动
- 张大千：泼墨泼彩、气象开阔
- 徐悲鸿：中西融合、造型严谨
- 林风眠：现代中国绘画、色块概括、诗意朦胧
- 傅抱石：笔墨奔放、氤氲厚重
- 李可染：积墨深厚、层次沉稳
- 吴冠中：形式感强、点线面构成鲜明
- 黄永玉：灵动明快、色彩跳跃
- 范曾：文人气、书写性强、人物意味浓厚
- 周春芽：表现性强、色彩浓烈、带花卉意象
- 曾梵志：情绪张力强、厚重笔触、都市感
- 刘小东：写实油画、现场感、人物与江边生活结合

排版要求：
不要模仿任何已有图片的版式，不要使用表格对照图结构，不要复刻示例海报。
请设计成“原创策展海报”形式，可以采用更自由、更高级的美术馆展陈排版：
- 画面为横向大幅
- 整体分为古代、近现代、当代三个章节
- 每个章节内以若干小幅作品和文字标签自由编排
- 版面具有展览感、出版物感、策展设计感
- 文字为中文
- 标题大字：不同画家笔下的重庆朝天门
- 可加入简短作品说明与风格关键词
- 底部加入小字说明：以上作品为AI依据不同画家艺术语言进行风格化创作，仅供艺术欣赏与学习交流

视觉要求：
高级、克制、学术气质、美术馆出版物风格、纸本质感、留白舒适、排版精致、细节丰富、4K高清。",https://opennana.com/awesome-prompt-gallery/eighteen-masters-paint-chaotianmen
濒危动物科普信息图设计,https://img.opennana.com/prompts/assets/202604/1776945538866-9638qm5m-1776945562366-1.jpeg,"Create a visually rich infographic in Chinese about an endangered animal. Start by finding one online, research its habitat, diet, and unique traits. Present information through annotated visuals and structured callouts, not generic sections. Style it like a bold graphic illustration: a detailed, photorealistic central animal as the focal point, supported by diagrams, callouts, and concise text elements. Use clean backgrounds and a mix of photorealism with strong graphic elements (shapes, icons, color blocking) in a layered composition. Make it dense, tactile, and professionally authored.",创建一个关于濒危动物的中文视觉丰富信息图。首先在网上找一个，研究它的栖息地、饮食和独特特征。通过带注释的视觉元素和结构化的标注来呈现信息，而不是通用的部分。风格要像大胆的图形插画：一个详细的、逼真的中心动物作为焦点，由图表、标注和简洁的文本元素支持。使用干净的背景，并在分层构图中混合使用逼真效果与强烈的图形元素（形状、图标、色块）。使其密集、有触感且专业制作。,https://opennana.com/awesome-prompt-gallery/endangered-animal-infographic
iX未来科技品牌设计套件,https://img.opennana.com/prompts/assets/202604/1776945643298-666ebour-1776945658034-1.jpeg,"Create a polished multi-page brand kit for a company called iX, where each page functions as a dedicated product showcase featuring a different high-tech gadget.
The brand should feel playful, futuristic, vibrant, and design-forward, blending the energy of a toy-inspired product with the sophistication of a premium creative tech brand. Use a bold, experimental visual identity with bright color, clean geometry, modern typography, dynamic motion cues, and slightly surreal imagery.
For each image, spotlight a unique, inventive gadget—such as futuristic wearables, tactile audio devices, or surreal home-tech—presented in an editorial, product-focused layout. The overall mood should feel inventive, youthful, rhythmic, and high-concept, balancing fun consumer culture with fashion-like presentation. Include a sense of product obsession through close-up visual experimentation, innovative packaging exploration, and cross-platform application. Make it feel like a confident, contemporary brand world that is both accessible and art-directed, with strong graphic cohesion and a premium creative-studio aesthetic.","为一家名为 iX 的公司制作一份精致的多页品牌套件，其中每一页都作为一个专属的产品展示，展示一款不同的高科技小工具。
该品牌应感觉俏皮、未来主义、充满活力且具有设计前瞻性，将玩具启发产品的能量与高端创意科技品牌的精致感相融合。使用大胆、实验性的视觉识别，具有明亮的色彩、简洁的几何形状、现代的排版、动态的运动暗示和略带超现实主义的意象。
对于每张图像，聚焦一款独特、富有创意的小工具——例如未来主义的可穿戴设备、触觉音频设备或超现实的家庭科技产品——以编辑化、以产品为中心的版式呈现。整体氛围应感觉富有创意、年轻、有节奏感且具有高概念，在有趣的消费文化与时尚般的呈现之间取得平衡。通过特写的视觉实验、创新的包装探索和跨平台应用，包含一种对产品的痴迷感。让它感觉像一个自信、当代的品牌世界，既平易近人又具有艺术指导感，具有强烈的图形凝聚力和高端创意工作室的美学。",https://opennana.com/awesome-prompt-gallery/ix-future-tech-brand-kit
天安门故宫中轴线航拍,https://img.opennana.com/prompts/assets/202604/1776945692769-qpwb46ua-1776945726108-1.jpeg,"Please generate a low-altitude aerial photograph from Beijing Tiananmen to the Forbidden City along the central axis, pay attention to detailed details",帮我生成 北京天安门到故宫 中轴线 低空航拍图，注意细节要详细,https://opennana.com/awesome-prompt-gallery/tiananmen-forbidden-city-axis
照片上的手写英语单词笔记,https://img.opennana.com/prompts/assets/202604/1776945860919-96ymbq1k-1776945873778-1.jpeg,"[
  Task Objective
] Identify 5 objects in the photo,
and add for each object: 1. English word 2. Simple English definition 3. Optional short example sentence [
  Number of Annotations
] * Only mark 5 objects * Do not exceed 5 * Prioritize common,
easy-to-learn objects from daily life * If there are many objects in the picture,
only pick the 5 most typical ones [
  Drawing Style Requirements
] * Use white thin line hand-drawn style for annotations * Lines should look casually drawn,
with a single-stroke feel * Lightly trace a circle of outline along the edge of the object * Can add a small number of arrows and dashed lines to assist in pointing * Do not make it too neat,
maintain a natural and relaxed feel * Do not fill the picture,
keep white space [
  Text Format
] Write next to each object: * English word * A simple English explanation * An optional short example sentence Reference format: coffee a drink you can have in the morning Example: I drink coffee every day. bread soft food made from flour Example: I had bread for breakfast. [
  Text Style
] * Mainly in English * Explanations should be simple,
suitable for beginners * Do not write like a dictionary * More like small notes for learning words from pictures * Words should be more prominent,
explanations and example sentences slightly smaller [
  Overall Vibe
] * Like handwritten English learning annotations on daily photos * Clean,
natural,
with white space * Like light learning content on social media * Not too complex,
not too full,
not too decorative [
  Output Focus
] The focus is: Only select 5 objects → label English words → pair with simple usage explanations → make the whole picture look relaxed and natural. Make the aspect ratio 9:16","【任务目标】
在照片中识别 5 个物品，并为每个物品添加：

1. 英文单词
2. 简单英文释义
3. 可选的简短例句

【标注数量】

* 只标记 5 个物品
* 不要超过 5 个
* 优先选择日常生活中常见、容易学习的物品
* 如果画面里物品很多，只挑最典型的 5 个

【画法要求】

* 用白色细线手绘风格标注
* 线条像随手画上去的，一笔画感
* 沿着物体边缘轻轻描一圈轮廓
* 可以加少量箭头、虚线辅助指向
* 不要太工整，保持自然松弛感
* 不要把画面画满，保留留白

【文字格式】
每个物品旁边写：

* 英文单词
* 一句简单英文解释
* 可选一句简短例句

参考格式：

coffee
a drink you can have in the morning
Example: I drink coffee every day.

bread
soft food made from flour
Example: I had bread for breakfast.

【文字风格】

* 以英文为主
* 解释要简单，适合初学者
* 不要写得像词典
* 更像看图学单词的小笔记
* 单词更突出，解释和例句稍小一点

【整体感觉】

* 像日常照片上的英语学习手写注释
* 清爽、自然、有留白
* 像社交媒体上的轻学习内容
* 不要太复杂，不要太满，不要太装饰化

【输出重点】
重点是：
只选 5 个物品 → 标英文单词 → 配简单用法解释 → 让整张图看起来轻松自然。

Make the aspect ratio 9:16",https://opennana.com/awesome-prompt-gallery/photo-handwritten-english-notes
小红书手绘照片注释风,https://img.opennana.com/prompts/assets/202604/1776946975627-xnbobbh5-1776946987177-1.jpeg,"Please observe the elements in the photo, and add meaningful hand-drawn annotations for each element.
【Elements in the picture】
Simply list the items in the photo (for example: iced Americano, bread, by the window, sunlight)
【Drawing requirements】
- Use white thin lines, like a hand-drawn pen
- One-stroke style, lines should be a bit casual, not too neat
- Lightly trace a circle of outline along the edge of the object
- Appropriately add arrows / dashed lines to guide the line of sight
【Text style】
- Chinese handwritten feel, a bit more colloquial
- Sentences should be short, like casually written ones
- Tone like daily murmurs / little emotions
【How to write the content】
- Drinks -> taste / temperature / current feeling (example: icy, so refreshing)
- Food -> texture / whether it is delicious or not (example: soft, a bit of a surprise)
- Environment -> atmosphere (example: a bit quiet, very suitable for zoning out)
- Overall -> a one-sentence summary (example: today counts as being healed too)
【Small decorations】
- Can add a little bit: heat vapor, little stars, hearts, simple expressions (for example: :))
- Don't add too much, leaving some blank space looks better
【Overall feeling】
- Like Xiaohongshu daily sharing / casual recording
- Natural, doesn't need to be too exquisite, has a bit of a relaxed feeling","请观察照片中的元素，并为每个元素添加有意义的手绘注释。
【画面里的东西】
把照片里的物品简单列出来（比如：冰美式、面包、窗边、阳光）
【画法要求】
・用白色细线，像手绘笔一样
・一笔画风格，线条随意一点，不要太工整
・沿着物体边缘轻轻描一圈轮廓
・适当加箭头 / 虚线，引导视线
【文字风格】
・中文手写感，偏口语一点
・句子要短，像随手写的
・语气像日常碎碎念 / 小情绪
【内容怎么写】
・饮品 → 味道 / 温度 / 当下感觉（例：冰冰的，好清爽）
・食物 → 口感 / 好不好吃（例：软软的，有点惊喜）
・环境 → 氛围（例：有点安静，很适合发呆）
・整体 → 一句总结（例：今天也算被治愈了）
【小装饰】
・可以加一点点：热气、小星星、爱心、简单表情（比如：:)）
・不要太多，留一点空白更好看
【整体感觉】
・像小红书日常分享 / 随手记录
・自然、不用太精致，有点松弛感",https://opennana.com/awesome-prompt-gallery/xiaohongshu-handwritten-photo-notes
特斯拉核心零部件细节全景图,https://img.opennana.com/prompts/assets/202604/1776947175937-m1mebnhu-1776947201976-1.jpeg,"Help me generate a detailed full view of Tesla main components, and also add detailed views of each module around it",帮我生成 特斯拉 主要零部件 细节全图，周围 也加上 各模块细节图,https://opennana.com/awesome-prompt-gallery/tesla-core-components
艺术大师高端个人网站设计,https://img.opennana.com/prompts/assets/202604/1776950345381-z6um3uki-1776950354138-1.jpeg,"Knowing everything you know about Marcio Lima aka 
@Preda2005, create a detailed infographic about his work and design a modern, high-end personal website.",了解你所知道的所有关于 Marcio Lima 即 @Preda2005 的信息，创建一个关于他作品的详细信息图，并设计一个现代、高端的个人网站。,https://opennana.com/awesome-prompt-gallery/art-master-website-design
滴落墨水的复古绅士,https://img.opennana.com/prompts/assets/202604/1776950472601-83megduv-1776950492385-1.jpeg,"Subject & Composition:

Central Figure: A sharp profile view of a man wearing a classic 1940s fedora and a formal suit.

Melting Effect: The lower half of the man's torso should dissolve or ""drip"" into long, vertical black ink streaks and splatters, creating a surreal, liquid-bleed effect against the background.

Graphic Element: A large, solid vibrant red circle is positioned directly behind the man's head and shoulders, creating a ""halo"" or ""rising sun"" motif that anchors the composition.

Style & Color Palette:

Color Scheme: A strict minimalist palette of True Red, Deep Black, and Off-White/Cream.

Photography Style: High-contrast, black and white film noir photography for the subject. The texture should look like a high-resolution fashion editorial with a shallow depth of field.

Background: A clean, slightly textured off-white paper or canvas background to give it a premium, physical poster feel.

Technical Details:

Lighting: Strong ""Rembrandt"" lighting to define the facial contours, emphasizing the bridge of the nose and the jawline with deep shadows.

Atmosphere: Somber, intellectual, and high-stakes. The design should feel modern yet period-accurate to the mid-20th century.

Framing: Vertical poster orientation (A-frame), with significant negative space on the left and right to emphasize the central vertical axis.

Aspect ratio is 9:16","Subject & Composition:

Central Figure: 一个男人的清晰侧面轮廓，戴着经典的20世纪40年代软呢帽，穿着正式西装。

Melting Effect: 男人躯干的下半部分应该溶解或“滴落”成细长、垂直的黑色墨水条纹和飞溅物，在背景上创造出一种超现实的、液体渗色效果。

Graphic Element: 一个大的、实体的鲜艳红色圆圈直接放置在男人的头部和肩膀后方，创造出一种“光环”或“旭日”的图案，以此锚定构图。

Style & Color Palette:

Color Scheme: 一种严格的极简主义调色板，包含正红色、深黑色和米白色/奶油色。

Photography Style: 主体采用高对比度的黑白黑色电影摄影风格。纹理应该看起来像高分辨率的时尚大片，具有浅景深。

Background: 干净、略带纹理的米白色纸张或画布背景，赋予其高级的、实体海报的质感。

Technical Details:

Lighting: 强烈的“伦勃朗”灯光来勾勒面部轮廓，用深阴影强调鼻梁和下颌线。

Atmosphere: 阴郁、理智且高风险。设计应该感觉现代，同时精准符合20世纪中期的时代特征。

Framing: 垂直海报方向（A字型），左右两侧有大量留白，以强调中心垂直轴。

Aspect ratio is 9:16",https://opennana.com/awesome-prompt-gallery/dripping-ink-gentleman
金瓶梅古代开放世界网游截图,https://img.opennana.com/prompts/assets/202604/1776914019484-qfafm1zg-1776914021648-1.jpeg,"Help me generate a screenshot of an ancient ARPG MMO open-world game themed around ""Jin Ping Mei""",帮我生成一个以《金瓶梅》为主题的古代 ARPG MMO 开放世界游戏的截图,https://opennana.com/awesome-prompt-gallery/jin-ping-mei-open-world-mmo
汽车人月球基地集结,https://img.opennana.com/prompts/assets/202604/1776867867893-8mkzj2nz-1776867870699-1.jpeg,"All Autobots gathered at the lunar base, Earth suspended in the starry sky behind them, Cybertron flag fluttering in the wind",汽车人全员月球基地集结，地球悬于身后星空，赛博坦旗帜飘扬,https://opennana.com/awesome-prompt-gallery/autobots-lunar-base
霸天虎外星战舰列阵图,https://img.opennana.com/prompts/assets/202604/1776867863757-44pl4luc-1776867865457-1.jpeg,"The entire Decepticon force lined up on the deck of an alien battleship, Megatron sitting on a throne looking down at the entire army",霸天虎全员列阵外星战舰甲板，威震天坐于王座俯视全军,https://opennana.com/awesome-prompt-gallery/decepticon-alien-battleship-formation
青蛇小青妖娆写真集,https://img.opennana.com/prompts/assets/202604/1776867789401-hdxyp2f5-1776867792049-1.jpeg,"Green Snake Xiaoqing photoshoot blockbuster, green tight snake scale dress, wet hair red lips, seductive and enchanting",青蛇小青写真大片，绿色紧身蛇鳞裙，湿发红唇，妖娆妩媚,https://opennana.com/awesome-prompt-gallery/green-snake-xiaoqing-photoshoot
冷艳高级感镜中倒影美女,https://img.opennana.com/prompts/assets/202604/1776862769209-4i9hmd9y-1776862772246-1.jpeg,"Stunningly beautiful woman with a cool, aloof atmospheric vibe, exquisite and refined facial features, cold and glamorous high-end face, long flowing hair, graceful and alluring figure, (character features completely locked and consistent) Scene: Indoor space with mirrors (bathroom or mirrored wall), multiple reflections, layered depth in the space Pose: Standing in front of the mirror, one hand lightly touching the mirror surface or resting on the countertop, body slightly angled, head gently turned toward the camera Expression: Calm and emotionless, with a hint of cold indifference and detachment Camera angle: Low angle or slight side angle shot, with the mirror reflection clearly visible in the frame Lighting: Cool white light as the main source, with localized shadows, emphasizing structural contours and three-dimensionality Style: High-end fashion editorial, subtle film grain, low contrast Details: Delicately realistic skin texture, clear yet softly layered and slightly blurred mirror reflections Atmosphere: Restrained, rational, distant, with a touch of surreal unreality Quality: Ultra-sharp 8K, extreme details, cinematic lighting and shadows, beautiful depth-of-field bokeh",极其美丽的女人，带有冷酷、超然的氛围感，精致考究的面部特征，冷艳的高级脸，飘逸的长发，优雅迷人的身材，（角色特征完全锁定且一致）场景：带有镜子的室内空间（浴室或镜面墙），多重倒影，空间具有层次感姿势：站在镜子前，一只手轻轻触碰镜面或搭在台面上，身体微微倾斜，头部轻柔地转向镜头表情：平静且面无表情，带有一丝冷酷的冷漠与超然镜头角度：低角度或轻微侧角度拍摄，画面中清晰可见镜中的倒影灯光：冷白光作为主光源，带有局部阴影，强调结构轮廓和立体感风格：高端时尚大片，微妙的胶片颗粒，低对比度细节：细腻逼真的皮肤纹理，清晰却又柔和分层且略带模糊的镜中倒影氛围：克制、理性、疏离，带有一丝超现实的虚幻感质量：超清晰的8K，极致的细节，电影级的光影，美丽的景深散景,https://opennana.com/awesome-prompt-gallery/cold-glamorous-mirror-girl
暗黑宫廷武则天皇后香水,https://img.opennana.com/prompts/assets/202604/1776867094732-stjqlr5x-1776867101422-1.jpeg,"Empress perfume advertisement, same style as Wu Zetian, golden bottle with dragon patterns, dark palace vibe cinematic shot",武则天同款皇后香水广告，龙纹金瓶，暗黑宫廷氛围感大片,https://opennana.com/awesome-prompt-gallery/dark-palace-empress-perfume
经典影视鬼畜表情包,https://img.opennana.com/prompts/assets/202604/1776867037663-mh9kksoe-1776867039510-1.jpeg,"Classic movie and TV characters Guichu meme, accompanied by ""You are absolutely right"" text bubble","经典影视角色鬼畜表情包，配上""你说的都对""文字气泡",https://opennana.com/awesome-prompt-gallery/classic-movie-meme
黑化周芷若SSR绝美立绘,https://img.opennana.com/prompts/assets/202604/1776867346998-gdgsorus-1776867355397-1.jpeg,"Zhou Zhiruo darkened version SSR standing illustration, black veil red lips, Nine Yin Bone Claw piercing cold light",周芷若黑化版SSR立绘，黑纱红唇，九阴白骨爪寒光凛冽,https://opennana.com/awesome-prompt-gallery/dark-zhou-zhiruo-ssr
古筝弹唱古典美人,https://img.opennana.com/prompts/assets/202604/1776867455242-166ov0m4-1776867462784-1.jpeg,"Chen Yuanyuan's live streaming room, bullet comments are all swiping ""Yuanyuan sing a song"", classical beauty playing Guzheng and singing","陈圆圆直播间，弹幕全在刷""圆圆唱一曲""，古典美人古筝弹唱",https://opennana.com/awesome-prompt-gallery/guzheng-singing-classical-beauty
粉色少女风珍珠奶茶特写广告,https://img.opennana.com/prompts/assets/202604/1776867568274-zvogqlyy-1776867575506-1.jpeg,"Milk tea advertisement image, pink girly style, close-up of bubble tea, summer cool feeling",奶茶广告图，粉色少女风，珍珠奶茶特写，夏日清凉感,https://opennana.com/awesome-prompt-gallery/pink-girly-bubble-tea-ad
ins风护肤品清新摆拍,https://img.opennana.com/prompts/assets/202604/1776867574016-7e5vphdw-1776867578232-1.jpeg,"Xiaohongshu recommendation cover, Instagram-style still life photography of skincare products, Japanese fresh filter",小红书种草封面，护肤品的ins风摆拍，日系清新滤镜,https://opennana.com/awesome-prompt-gallery/ins-style-skincare-photography
炫酷健身打卡界面,https://img.opennana.com/prompts/assets/202604/1776867713541-r9wn9d9u-1776867719756-1.jpeg,"Fitness App check-in interface, Today's 5-kilometer running data, Sports trajectory map",健身App打卡界面，今日跑步5公里数据，运动轨迹图,https://opennana.com/awesome-prompt-gallery/cool-fitness-checkin-ui
冰箱电商产品展示图,https://img.opennana.com/prompts/assets/202604/1776869359431-vmw4l08s-1776869364006-1.jpeg,Generate an e-commerce product introduction image of a refrigerator,,https://opennana.com/awesome-prompt-gallery/refrigerator-ecommerce-display
中国古代兵器图鉴百科图版,https://img.opennana.com/prompts/assets/202604/1776869399640-2wb9g73i-1776869409882-1.jpeg,,"English
A breathtakingly intricate masterpiece technical infographic of [SUBJECT / 例如: Ancient Chinese Naval Warfare], strictly designed based on the following first-principle visual parameters.

[CANVAS & COLOR DICTATORSHIP]  
BASE CANVAS (L0): Aged military parchment texture, warm #E8DCC4, with subtle weathered stains and historical map fiber textures.  
SYSTEMIC COLOR (L1, ~60%): Traditional heavy charcoal ink #2B2B2B for structural technical lines, soldier silhouettes, and mechanical joinery.  
CONTENT TIER COLOR (L2, ~30%): Weathered bronze, dark lacquer red, and iron gray #555555 to distinguish between different units and materials.  
ACCENT COLOR (L3, ~5-10%): High-visibility Vermillion #E62B1E reserved ONLY for tactical arrows, fire/explosions, and commanding general banners.

[SPATIAL GRAVITY & TOPOLOGY]  
COMPOSITION: [选择一个: 主从卫星布局 / 45度等轴测全景]. Information gravity flows in a logical tactical sequence.  
BOUNDARIES: Professional editorial layout with clean margins; negative space serves as “tactical breathing room” to separate different combat phases.  
MODULE TOPOLOGY: [N] distinct information modules depicting different scales (e.g., individual weapon detail vs. macro formation).

[DIMENSIONALITY & GRAPHIC PHYSICS]  
STYLE: Fusion of Traditional Chinese Gongbi (meticulous line-art) and modern military tactical blueprints (like “Osprey Publishing” style).  
LINE LANGUAGE: 0.8pt sharp technical outlines / 0.3pt faint background grid lines / 2pt bold borders for the main title seal.  
SURFACE EFFECTS: Realistic material rendering — wood grain on ballistas, metallic sheen on lamellar armor, and subtle ink-wash shading for terrain.

[TYPOGRAPHY ECOSYSTEM — ADAPTIVE DENSITY]  
TYPOGRAPHY DENSITY: Map-dominant (65% visual / 35% text).  
T1 MACRO HEADER: Massive, ultra-bold Traditional Songti characters for the main title “[主题中文名]”. MUST be strictly pure Chinese Hanzi with an ink-pressed texture.  
T2 MODULE HEADERS: Kaiti font enclosed in dark rectangular “military rank” badges, labeling different tactical zones.  
T3 BODY TEXT: Clean, medium-weight Heiti (sans-serif) for weapon specifications and tactical roles. Every character must be razor-sharp.  
T4 ANNOTATIONS: Micro-text with ultra-crisp technical lines pointing directly to components (e.g., trigger mechanism, fletching, armor joints).

[NARRATIVE FLOW]  
NARRATIVE MODE: [选择一个: 流程顺序型 / 核心辐射型].   
VISUAL ENTRY POINT: The most significant tactical unit (e.g., the command chariot or the primary siege engine).  
PATH MECHANISM: Numerical sequence (1, 2, 3…) or bold cinnabar-red arrows guiding the viewer through the battle logic.

[ICONOGRAPHY & METAPHOR]  
ICON STYLE: Highly detailed historical pictograms for units (infantry, cavalry, archers).  
CORE METAPHOR: Military order as a precise clockwork mechanism.  
CONSISTENCY: All symbols must adhere to the [时期/王朝, 如: Tang Dynasty] military aesthetic.

[MODULE STRUCTURE — SUGGESTED BLOCKS]  
[MOD 1: CENTER-PIECE] — The primary [Weapons/Formation] with an exploded-view detail showing internal mechanics.  
[MOD 2: TACTICAL MAP] — Top-down schematic showing unit movement and line-of-fire.  
[MOD 3: SOLDIER EQUIPMENT] — Close-up side-by-side comparison of offensive vs. defensive gear.  
[MOD 4: LOGISTICS/STATISTICS] — Small icon-based charts showing range, weight, or troop density.

[FINAL EXECUTION LOCK]  
Render as a single, ultra-detailed educational plate. All visual systems must be internally consistent with a professional museum archive aesthetic. Every pixel must serve the purpose of clarifying complex military history.  
Resolution target: Maximum information density, print-ready encyclopedia quality.

主题：中国古代兵器图鉴 3:4 4k文字清晰可读",https://opennana.com/awesome-prompt-gallery/ancient-chinese-weapons-encyclopedia
卡哇伊国家主题贴纸包,https://img.opennana.com/prompts/assets/202604/1776869438019-7rijw15d-1776869443097-1.jpeg,"Design a cute kawaii sticker pack featuring famous things from [COUNTRY], including iconic food, landmarks, and traditional objects, all with adorable faces, soft pastel colors, rounded shapes, minimal shading, chibi style, glossy sticker finish, high resolution, arranged as a sticker sheet",设计一款可爱的卡哇伊贴纸包，特色是来自[国家]的著名事物，包括标志性美食、地标建筑和传统物品，全都带有可爱的脸庞，柔和的粉彩色，圆润的形状，极简的阴影，Q版风格，光泽贴纸质感，高分辨率，以贴纸排版的形式排列,https://opennana.com/awesome-prompt-gallery/kawaii-country-sticker-pack
绝美佳肴制作创意海报,https://img.opennana.com/prompts/assets/202604/1776914095288-drp23h8z-1776914098417-1.jpeg,Create a XXXX food preparation poster,,https://opennana.com/awesome-prompt-gallery/delicious-food-poster
心脏病发作过程图解,https://img.opennana.com/prompts/assets/202604/1776929837120-romrfj89-1776929842225-1.jpeg,"{
  ""type"": ""comprehensive medical infographic"",
  ""style"": ""highly detailed 3D medical illustration, clinical white background, clean typography"",
  ""header"": {
    ""title_cn"": """",
    ""title_en"": ""{argument name=\""english title\"" default=\""THE CAUSAL CHAIN OF HEART ATTACK\""}"",
    ""subtitle"": ""Chest pain is not the beginning. Vascular damage is."",
    ""top_right_sequence"": {
      ""count"": 6,
      ""labels"": [
        ""Risk Factors"",
        ""Plaque Formation"",
        ""Rupture"",
        ""Clotting"",
        ""Ischemia"",
        ""Damage""
      ]
    }
  },
  ""centerpiece"": {
    ""description"": ""{argument name=\""central figure\"" default=\""transparent anatomical human body showing heart, coronary arteries, lungs, and vascular system\""}"",
    ""details"": ""pathway highlighted in {argument name=\""highlight color\"" default=\""glowing red\""} focusing on the coronary arteries and radiating pain to the chest and left arm""
  },
  ""layout"": {
    ""left_column"": [
      {
        ""id"": ""01"",
        ""title"": ""Major Risk Factors"",
        ""elements"": 6,
        ""labels"": [
          ""Smoking"",
          ""High LDL cholesterol"",
          ""Hypertension"",
          ""Diabetes"",
          ""Obesity"",
          ""Chronic stress""
        ]
      },
      {
        ""id"": ""02"",
        ""title"": ""Atherosclerosis Development"",
        ""elements"": 2,
        ""labels"": [
          ""Fatty streak to plaque"",
          ""Coronary artery wall""
        ]
      },
      {
        ""id"": ""03"",
        ""title"": ""Reduced Coronary Blood Flow"",
        ""elements"": 2,
        ""labels"": [
          ""Narrowed artery lumen"",
          ""Oxygen delivery decline""
        ]
      },
      {
        ""id"": ""04"",
        ""title"": ""Vulnerable Plaque"",
        ""elements"": 2,
        ""labels"": [
          ""Thin fibrous cap"",
          ""Lipid-rich core""
        ]
      }
    ],
    ""center_overlay"": [
      {
        ""id"": ""05"",
        ""title"": ""Plaque Rupture & Clot Formation"",
        ""elements"": 3,
        ""labels"": [
          ""Plaque rupture diagram"",
          ""Platelet aggregation"",
          ""Occlusive thrombus""
        ]
      },
      {
        ""id"": ""06"",
        ""title"": ""Myocardial Ischemia"",
        ""elements"": 1,
        ""labels"": [
          ""Heart muscle cross-section with blocked coronary artery""
        ]
      }
    ],
    ""right_column"": [
      {
        ""id"": ""07"",
        ""title"": ""Cellular Injury Cascade"",
        ""elements"": 4,
        ""labels"": [
          ""Oxygen deprivation"",
          ""Mitochondrial failure"",
          ""Cell membrane breakdown"",
          ""Troponin release""
        ]
      },
      {
        ""id"": ""08"",
        ""title"": ""Acute Heart Attack"",
        ""elements"": 1,
        ""labels"": [
          ""Patient clutching chest""
        ]
      },
      {
        ""id"": ""09"",
        ""title"": ""Permanent Myocardial Damage"",
        ""elements"": 1,
        ""labels"": [
          ""Necrotic heart tissue""
        ]
      },
      {
        ""id"": ""10"",
        ""title"": ""Complications"",
        ""elements"": 2,
        ""labels"": [
          ""Arrhythmia"",
          ""Heart failure""
        ]
      },
      {
        ""id"": ""11"",
        ""title"": ""Beyond the Heart"",
        ""elements"": 2,
        ""labels"": [
          ""Reduced systemic perfusion"",
          ""Brain and kidney impact""
        ]
      }
    ],
    ""bottom_row"": [
      {
        ""id"": ""12"",
        ""title"": ""Pain Is the Final Signal"",
        ""elements"": 7,
        ""labels"": [
          ""Risk Exposure"",
          ""Plaque Buildup"",
          ""Artery Narrowing"",
          ""Plaque Rupture"",
          ""Clot Formation"",
          ""Muscle Death"",
          ""Man in pain""
        ]
      }
    ]
  },
  ""theme"": ""{argument name=\""disease focus\"" default=\""heart attack and coronary artery blockage\""}""
}",,https://opennana.com/awesome-prompt-gallery/illustration-of-heart-attack-process
四大蜘蛛精缠丝洞诱惑,https://img.opennana.com/prompts/assets/202604/1776867911519-iudcswc9-1776867914150-1.jpeg,"Journey to the West spider spirit seduction poster, four seductive female demons in the Silk Spinning Cave, misty and enchanting",西游记蜘蛛精诱惑海报，四位妖艳女妖缠丝洞中，迷雾朦胧妖冶,https://opennana.com/awesome-prompt-gallery/four-spider-spirits-silk-cave-seduction
老板突降红包的搞笑群聊,https://img.opennana.com/prompts/assets/202604/1776867136529-v3jcqcuy-1776867141588-1.jpeg,"WeChat chat screenshot, a funny conversation interface where the boss suddenly sends a red envelope in the group chat",微信聊天截图，群聊里老板突然发红包的搞笑对话界面,https://opennana.com/awesome-prompt-gallery/boss-red-envelope-funny-group-chat
王熙凤金丝浮雕手机壳,https://img.opennana.com/prompts/assets/202604/1776867064240-v9etzrmd-1776867071553-1.jpeg,"Wang Xifeng co-branded phone case, phoenix coronet and rosy cape with gold wire relief, hot stamping phoenix pattern on the back",王熙凤联名手机壳，凤冠霞帔金丝浮雕，背面烫金凤凰纹饰,https://opennana.com/awesome-prompt-gallery/wang-xifeng-gold-relief-case
中国版封面潘金莲高定大片,https://img.opennana.com/prompts/assets/202604/1776867494124-tgjb1f5c-1776867507817-1.jpeg,"VOGUE China cover, Pan Jinlian wearing modern haute couture dress, cold glamorous red lips sharp eyes",VOGUE中国版封面，潘金莲穿现代高定礼服，冷艳红唇眼神凌厉,https://opennana.com/awesome-prompt-gallery/vogue-china-pan-jinlian
韩系女友私密白衬衫特写,https://img.opennana.com/prompts/assets/202604/1776862631709-nxo5sdbd-1776862640304-1.jpeg,"9:16 vertical — Korean idol intimate portrait, single subject, boyfriend POV

soft black mist filter, glowing highlights, gentle bloom, slight overexposure, soft haze, lowered contrast, creamy tones

close distance framing, intimate perspective, slight handheld feeling

young Korean female idol, natural soft makeup, dewy realistic skin texture, subtle imperfections

outfit: oversized white shirt slightly loose and relaxed + short bottoms, soft fabric, naturally draped, no revealing elements

hair: long dark hair, slightly messy, soft movement around face

pose: sitting or leaning slightly forward toward camera, upper body subtly angled; one hand resting lightly near collarbone or gently holding shirt edge, the other relaxed; shoulders loose, slight natural body curve

expression: soft playful smile, slightly parted lips, warm eye contact with camera, hint of teasing intimacy

camera: close-up to mid-body framing, eye-level or slightly lower angle, as if viewer is right in front of her

lighting: warm diffused window light, soft highlight bloom on skin, gentle shadows, slight lens flare or light leak

mood: intimate, romantic, subtly seductive, “caught in a private moment” feeling

quality: ultra-realistic, fine film grain, slight motion blur, imperfect framing, dreamy cinematic softness","9:16 竖屏 — 韩国偶像私密肖像，单人主体，男友视角

柔和黑雾滤镜，发光高光，温柔光晕，轻微过曝，柔和薄雾，降低对比度，奶油色调

近距离构图，私密视角，轻微手持感

年轻韩国女偶像，自然柔和妆容，水润逼真皮肤纹理，微妙瑕疵

服装：略微宽松慵懒的超大号白衬衫 + 短底装，柔软面料，自然垂坠，无暴露元素

头发：长黑发，微乱，脸颊周围柔和动态

姿势：坐着或向镜头微微前倾，上半身微倾；一只手轻轻搭在锁骨附近或轻握衬衫边缘，另一只手放松；肩膀松弛，轻微自然身体曲线

表情：柔和俏皮的微笑，微启的双唇，与镜头温暖的眼神接触，带有挑逗亲密的暗示

镜头：近景至半身构图，平视或微低角度，仿佛观看者就在她正前方

光影：温暖漫射的窗户光，皮肤上柔和的高光光晕，温柔阴影，轻微镜头眩光或漏光

氛围：私密，浪漫，微妙诱惑，“捕捉到的私密瞬间”感觉

画质：超写实，细腻电影颗粒，轻微动态模糊，不完美构图，梦幻电影级柔焦",https://opennana.com/awesome-prompt-gallery/korean-girlfriend-shirt-closeup
宝可梦立体纸雕奇幻世界,https://img.opennana.com/prompts/assets/202604/1776862700146-b4kqpeg4-1776862720847-1.jpeg,"Eye-level straight-on view, looking directly into a hyper-vibrant 3D layered paper cut-out diorama.
Pokéball red and white, Pikachu yellow, sky blue and
grass green accents, extremely high saturation,
PHYSICAL PAPER LAYERS clearly visible with hard cut edges and thick paper cross-sections at every depth plane. Maximalist composition, crowded Pokémon world scene — layered Pokémon Center and gym architecture receding through all depth planes,
Pikachu as central figure mid-thunderbolt on foreground layer, dozens of iconic Pokémon — Charizard, Gengar, Eevee, Snorlax, Mewtwo — each inhabiting separate depth planes, trainer Ash and rivals threading between battle layers, Pokéball burst effects frozen mid-release across all planes, tall grass and route pathways between habitat layers, legendary Pokémon silhouettes in remote background layers,
scattered Pokéballs, badges and berry items crowding the vibrant foreground. Soft single-direction studio lighting creating deep drop shadows between every physical paper layer, matte paper texture throughout,
NO glow, NO soft edges, NO volumetric lighting, octane render, 8k, clean details --ar 3:4","平视直视视角，直视一个极度鲜艳的3D分层纸雕立体模型。
精灵球红白色，皮卡丘黄色，天空蓝和
草绿色点缀，极高饱和度，
在每一个深度平面上都能清晰看到带有硬切割边缘和厚纸横截面的实体纸张分层。极繁主义构图，拥挤的宝可梦世界场景 —— 分层的宝可梦中心和道馆建筑在所有深度平面中向后退去，
皮卡丘作为中心人物在前景层释放雷电的半空中，数十只标志性宝可梦 —— 喷火龙、耿鬼、伊布、卡比兽、超梦 —— 每一只都占据着单独的深度平面，训练家小智和劲敌在战斗层之间穿梭，精灵球爆裂效果在释放中途冻结在所有平面上，栖息地层之间的高草丛和路线通道，遥远背景层中的传说级宝可梦剪影，
散落的精灵球、徽章和树果物品挤满了充满活力的前景。柔和的单向影棚照明在每一个实体纸张层之间创造出深深的投影，整体呈现哑光纸张纹理，
无发光，无柔和边缘，无体积光，octane渲染，8k，干净细节 --ar 3:4",https://opennana.com/awesome-prompt-gallery/pokemon-3d-paper-diorama
复古手绘拉面食谱插画页,https://img.opennana.com/prompts/assets/202604/1776862814668-vmpxtk1n-1776862820892-1.jpeg,"Turn this ramen into a cute recipe page with illustrations in the style of a vintage cookbook that was hand-drawn.  A carefully drawn ingredients with labels, measures, and implements like bowls, whisks, or spoons should surround the composition's focal point.  To create a homey, nostalgic vibe, use textured shading, warm pastel colors, and fine, ink-like outlines.  Add recipe writing in the handwritten manner, including the ingredients and directions organically into the layout.  Make sure the page has an artistic and educational tone, combining the beauty of colorful illustrations with a cookbook aesthetic.",将这碗拉面变成一个带有插画的可爱食谱页面，风格类似手绘的复古烹饪书。精心绘制的带有标签、测量单位以及像碗、打蛋器或勺子这样工具的食材应该环绕着构图的焦点。为了营造一种温馨、怀旧的氛围，使用有质感的阴影、温暖的粉彩色调和细腻的、类似墨水的轮廓线。以手写的方式添加食谱文字，将食材和说明有机地融入布局中。确保页面具有艺术性和教育性的基调，将彩色插画的美丽与烹饪书的审美结合起来。,https://opennana.com/awesome-prompt-gallery/vintage-hand-drawn-ramen-recipe-1776862914458
真人实拍效果转换,https://img.opennana.com/prompts/assets/202604/1776863111874-qozvclpx-1776863119076-1.jpeg,Show me the real person photography version of this picture,,https://opennana.com/awesome-prompt-gallery/live-action-conversion
实景女性旅行杂志设计,https://img.opennana.com/prompts/assets/202604/1776863236050-2zshs922-1776863257249-1.jpeg,"Please create a women's travel magazine (including the cover and a spread page) at latitude 35.31721720077321, longitude 139.5357227423284, as well as an LP page and a dedicated APP introducing the magazine. These contents should match the current time atmosphere and real-time weather of the location. Please integrate the specified character into it, making it look like she is traveling.

[Contents to be integrated]
・Main title/Slogan (Large and small headlines that attract readers' attention)
・Lead text (Introductory text that concisely conveys the theme or charm of the feature)
・Key visual (Large symbolic photo occupying the entire spread or a single page)
・Auxiliary photo group (Detailed shots such as close-ups of food, spatial atmosphere, product details)
・Highlights/Points of interest (Summarizing the biggest selling points of the location or thing into about 3 topics)
・Basic information data (Specifications such as address, business hours, regular holidays, fees, transportation, contact information)
・Surrounding map/Map (Location map showing the positional relationship between the destination and the nearest station or landmark)
・Trivia/Tips (Small columns such as useful information or historical background)
・Reviews/Word-of-mouth (Recommended comments from visitors, professionals, and editors)
・Layout composition (Focus on visual guidance using the Z-pattern or F-pattern and the use of white space)
・Typography/Fonts (Differentiated use of decorative fonts for titles and highly readable fonts for body text)
・Color scheme/Color palette (Unification of base colors and accent colors matching the theme)
・Decoration/Embellishment (Visual emphasis elements such as speech bubbles, icons, postmark-style badges)

[NG]
・Do not change the fashion style of the reference character.
・Do not directly use the expressions or poses of the reference character, but adjust them.
・Do not use the same poses or angles in the magazine, APP, and LP.","请在纬度35.31721720077321，经度139.5357227423284的位置上，创建一本女性旅行杂志（包括封面和对开页）以及介绍该杂志的LP页面和专用APP，这些内容要与当地当前的时间氛围和实时天气相匹配。请将指定的角色融入其中，使其看起来像是在进行旅游。

【要融入的内容】
・主标题・宣传语（吸引读者目光的大标题和小标题）
・导读文（简洁传达特辑主题或魅力的引言文本）
・主视觉图（占据对开页整体或单面的大幅象征性照片）
・辅助照片群（料理特写、空间氛围、商品细节等细部镜头）
・亮点・看点（将该地点或事物的最大卖点归纳为约3个话题）
・基本信息数据（地址、营业时间、定休日、费用、交通方式、联系方式等规格）
・周边地图・地图（显示目的地与最近车站或地标的位置关系图）
・小知识・Tips（了解后有益的信息或历史背景等小栏目）
・评价・口碑（访客、专业人士、编辑的推荐评论）
・布局构成（注重Z法则或F法则的视线引导和留白的运用）
・排版・字体（标题的装饰字体与正文高可读性字体的区分使用）
・配色・色彩调色板（与主题相符的基色和强调色的统一）
・装饰・点缀（对话框、图标、邮戳风徽章等视觉强调元素）

【NG】
・不更改参考角色的时尚风格。
・不直接使用参考角色的表情或姿势，而是进行调整。
・在杂志、APP、LP中，不使用相同的姿势或角度。",https://opennana.com/awesome-prompt-gallery/real-scene-womens-travel-magazine
和风歌舞伎酒吧歌手列表页,https://img.opennana.com/prompts/assets/202604/1776863342649-5zn5t9g2-1776863353519-1.jpeg,"Fictional website Please create a singer list page for the HP of a Japanese-style kabuki bar named suzuri. Please make each kabuki hostess have a face shape with a different atmosphere, and wear different Japanese-style clothing.",虚构的网站　请为名为suzuri的和风歌舞伎酒吧的HP制作一名歌手列表页面。请让每位歌舞伎女郎拥有不同氛围的脸型，并穿上不同的和风服装,https://opennana.com/awesome-prompt-gallery/japanese-kabuki-bar-singer-list
重塑独特面部特征,https://img.opennana.com/prompts/assets/202604/1776863347045-vxdwmmcm-1776863361171-1.jpeg,"Because the face shapes are too similar, please change the facial information to make each person's characteristics more prominent.",因为脸型过于相似，请更改面部信息，让各自的特征更加突出,https://opennana.com/awesome-prompt-gallery/reshape-unique-facial-features
太阳能驱动的未来沙漠文明设定集,https://img.opennana.com/prompts/assets/202604/1776863484075-xemu9j08-1776863494818-1.jpeg,"Create a complete visual worldbuilding set for a futuristic desert civilization powered by solar technology, multiple images including architecture, characters, clothing, vehicles, and maps, cohesive design language, cinematic realism, ultra detailed.",为一个由太阳能技术驱动的未来沙漠文明创建一个完整的视觉世界观设定集，多张图像包括建筑、角色、服装、车辆和地图，连贯的设计语言，电影级现实主义，超精细。,https://opennana.com/awesome-prompt-gallery/solar-powered-desert-civilization
复古电影票根海报,https://img.opennana.com/prompts/assets/202604/1776863418695-ugi5n8az-1776863447755-1.jpeg,,"设计一张[电影名称]的复古电影票根海报，风格为黑白木刻版画/油印版画。  
画布：竖版3:4比例，纯黑色背景。

━━━━━━━━ 整体布局 ━━━━━━━━

左侧（占宽20%）：垂直排列3张完全相同的缩小版票根，  
像胶片负片一样上下叠放，每张之间用圆形打孔分隔。  
右侧（占宽80%）：1张大幅主票根，竖向排列，填满画布全高。  
左侧与右侧内容100%一致，左侧仅为等比缩小3倍的重复，不得变形。  
票根内所有文字元素全部左对齐，无任何居中排列。

━━━━━━━━ 票根内容（从上到下）━━━━━━━━

【主插图区】占票根高度45%  
该电影最具代表性的木刻版画场景，纯黑白，  
密集排线质感，零灰色，极高对比度，无任何中间色调

四边锯齿形打孔撕边边框贯穿全票

【标题区】全部左对齐  
中文片名[中文片名](%E5%B9%B4%E4%BB%BD) ← 最大字号，粗黑体，视觉重量最重  
英文片名 [English Title] ← 次大字号，衬线体，紧跟中文下方

- 虚线分隔

【信息区】全部左对齐

以下所有行：导演、类型、日期、HALL/SEAT/PRICE、DATE/TIME，  
必须使用完全相同的字号、完全相同的字重、完全相同的字体，  
视觉效果如同一台老式针式打印机从头到尾连续打印，  
中途从未换过字号或字体，每一行文字高度像素级一致。

字体规格：

- 字号：极小，约9px等效，不得超过这个尺寸
    
- 字重：极细，笔画纤细如针，类似 Courier New Regular
    
- 字形：等宽字体，每个字符占格相同
    
- 质感：轻微色块不均，模拟色带油墨印迹，  
    部分笔画边缘略有锯齿或断点，非完美矢量

排版节奏严格还原如下（全部顶格左对齐）：

[国家] 导演中文姓名 Director English Name  
Genre1/Genre2  
首映日期(节展名称) / 上映日期(地区) / XXX分钟

---

HALL : SEAT : PRICE :  
[XX] [XX-XX] [XX.X]  
DATE : TIME :  
[DD/Mon/YYYY] [HH:MM-HH:MM]

---

此信息区每一行在视觉上拥有完全相同的存在感，  
如同一张连续打印的收据，无任何行拥有视觉特权，  
无加粗，无字号差异，无例外。

【台词装饰区】全部左对齐  
台词外围仅用一根细线单框围合，四角无花纹无装饰，  
线条纤细均匀，类似钢笔划出的简单矩形边框，  
留有适当内边距，边框与票根左右边距对齐，  
框内文字左对齐排列：

“[该电影最经典的英文台词]”  
手写草书字体或打字机字体，字号略大于信息区

━━━━━━━━ 强制执行规则 ━━━━━━━━

【字号层级 · 全局唯一标准】  
第1级：中文片名 → 最大，粗黑体  
第2级：英文片名 → 次大，衬线体  
第3级：台词 → 中等，手写草书或打字机体  
第4级：信息区全部内容 → 最小，等宽极细体，  
导演/类型/日期/HALL/SEAT/PRICE/DATE/TIME  
所有行严格等高等重，像素级一致

【绝对禁止】  
✗ 画面中出现任何序号标记（①②③等符号一律不得渲染）  
✗ 任何区域出现居中对齐，全局统一左对齐  
✗ 台词边框出现花纹、角饰、藤蔓等复杂装饰  
✗ 信息区任意两行出现字号差异  
✗ HALL / SEAT / PRICE 三列出现高低错位  
✗ DATE / TIME 两列字号不一致  
✗ 信息区出现任何加粗或加重笔画  
✗ 左右票根出现非等比变形  
✗ 任何字段保留占位符，必须填写真实内容

电影名称：阿甘正传",https://opennana.com/awesome-prompt-gallery/design-retro-style-movie-ticket-poster
异想天开的传统美食视觉,https://img.opennana.com/prompts/assets/202604/1776863693768-xlr5gk05-1776863700545-1.jpeg,"Create a brand guide line document, and detailed info about how to visually represent this restaurant. its name should be “Can Dende”, colorful, whimsical, but traditional, ruffles is a table stake, vibrant yellow, checker red/white and just super clean and fresh foods. Make me smile",创建一份品牌指南文档，以及关于如何在视觉上呈现这家餐厅的详细信息。它的名字应该是“Can Dende”，色彩丰富，异想天开，但又很传统，荷叶边是必备元素，鲜艳的黄色，红白格子以及超级干净和新鲜的食物。让我微笑,https://opennana.com/awesome-prompt-gallery/whimsical-traditional-food
红夹克少女的四重场景穿梭,https://img.opennana.com/prompts/assets/202604/1776864413506-bed51q1o-1776864426083-1.jpeg,"Create a highly consistent multi-image set where the same young woman with short black hair, freckles, and a red jacket appears in different environments (city, beach, mountains, night street), maintaining exact facial features, proportions, and outfit details, ultra-realistic, cinematic lighting variations.",创建一个高度一致的多图套组，其中同一位留着黑色短发、长有雀斑、穿着红色夹克的年轻女子出现在不同的环境中（城市、海滩、山脉、夜街），保持完全一致的面部特征、比例和服装细节，超写实，电影感光照变化。,https://opennana.com/awesome-prompt-gallery/red-jacket-girl-four-scenes
规范化的色彩与排版设计系统,https://img.opennana.com/prompts/assets/202604/1776864514500-hoc39g9u-1776864522776-1.jpeg,"Generate a multi-page design system where every image follows a strict 8px grid, consistent spacing, typography scale, and color system, showcasing UI components, layouts, and variations with perfect alignment and consistency.",生成一个多页面的设计系统，其中每张图像都遵循严格的8px网格、一致的间距、排版比例和色彩系统，展示具有完美对齐和一致性的UI组件、布局和变体。,https://opennana.com/awesome-prompt-gallery/standardized-color-typography-system
未来主义时尚杂志跨页设计,https://img.opennana.com/prompts/assets/202604/1776864564846-11gs6nx4-1776864584898-1.jpeg,"Design a multi-page editorial magazine spread about futuristic fashion, including cover page, table of contents, and feature layouts, bold typography, experimental grid, high-fashion photography style, dramatic lighting, modern editorial aesthetic.",设计一个关于未来主义时尚的多页编辑杂志跨页，包括封面页、目录页和专题排版，粗体字体，实验性网格，高级时尚摄影风格，戏剧性灯光，现代编辑美学。,https://opennana.com/awesome-prompt-gallery/futuristic-fashion-magazine-spread
VoltRush能量饮料全套营销视觉,https://img.opennana.com/prompts/assets/202604/1776865005282-ir5sc5h6-1776865026908-1.jpeg,"Create a full marketing campaign visual set for a new energy drink called ‘VoltRush’, multiple images including billboard ads, Instagram posts, website banners, and product shots, neon color palette, bold typography, high-energy commercial style.",创建一个名为‘VoltRush’的新能量饮料的完整营销活动视觉套件，多张图像包括广告牌广告、Instagram帖子、网站横幅和产品拍摄，霓虹色彩调色板，粗体排版，高能量商业风格。,https://opennana.com/awesome-prompt-gallery/voltrush-energy-drink-campaign
直播PK比分胶着瞬间,https://img.opennana.com/prompts/assets/202604/1776867180847-tklc7i9s-1776867186919-1.jpeg,"Live stream PK duel screenshot, split screen left and right two streamers, real-time vote score neck and neck",直播PK对决截图，左右分屏两位主播，票数实时比分胶着,https://opennana.com/awesome-prompt-gallery/live-stream-pk-screenshot
三国绝色貂蝉回眸立绘,https://img.opennana.com/prompts/assets/202604/1776867793490-goonx41h-1776867796065-1.jpeg,"Three Kingdoms game Diaochan character portrait, purple sheer dance dress, looking back with a charming smile",三国游戏貂蝉角色立绘，紫色薄纱舞裙，回眸一笑百媚生,https://opennana.com/awesome-prompt-gallery/three-kingdoms-diaochan-portrait
深色毛玻璃音乐播放器界面,https://img.opennana.com/prompts/assets/202604/1776867709444-rbxz4jac-1776867715092-1.jpeg,"Music player interface, dark frosted glass style, currently playing Jay Chou songs",音乐播放器界面，深色毛玻璃风格，正在播放周杰伦歌曲,https://opennana.com/awesome-prompt-gallery/dark-glassmorphism-music-player
深夜烧烤啤酒外卖UI界面,https://img.opennana.com/prompts/assets/202604/1776867225990-ftd39b4y-1776867232782-1.jpeg,"Food delivery app homepage interface, dark mode, recommending ""BBQ beer late night snack zone""","外卖App首页界面，深夜模式，推荐""烧烤啤酒夜宵专区""",https://opennana.com/awesome-prompt-gallery/late-night-bbq-beer-delivery
绝美唐风凤冠佳人的微醺特写,https://img.opennana.com/prompts/assets/202604/1776862583348-foq7djmw-1776862597750-1.jpeg,"Chinese style CG illustration, Tang dynasty aesthetics, stunning ancient woman, half-body close-up shot, visual focus on face and upper body, advanced portrait composition, cinematic lens language and spatial perspective

Character design:
East Asian classical beauty, cold white translucent skin, delicate and realistic skin texture, soft and moist subtle glow;
Exquisite and three-dimensional facial features but natural without being overly exaggerated, narrow phoenix eyes, slightly upturned eye tails, affectionate and shy gaze, slightly intoxicated and hazy, long eyelashes casting subtle shadows;
Lip color like smudged rouge, slightly parted lips, gentle expression rich in emotional tension, presenting ""implicit oriental beauty""

Styling design:
Pink luxurious Tang dynasty costume, softly fitting body curves, rich layers but not overly stacked;
Moderate low neckline design, emphasizing collarbone and neck-shoulder lines, natural visual guidance without being overly blunt;
Wearing an exquisite phoenix crown (metal, pearls, gemstones, tassels), realistic material reflections, swaying slightly with movement

Dynamics and posture:
Body slightly sideways or lightly rotating posture, neck extended, shoulder lines relaxed, hands forming soft guiding lines, enhancing picture rhythm and feminine soft tension

Lighting system:
Cinematic lighting
Key light: warm golden side-front light focusing on face and skin highlights
Fill light: cool environmental light shaping volume and space
Rim light outlining hair and neck-shoulder contours
Highlight control without overexposure, shadows retaining details, soft transition of facial light and shadow

Picture style:
Hyper-realistic CG portrait integrating oriental freehand spirit, slight hazy aesthetics

Atmosphere and texture:
Dreamy, implicit, advanced atmosphere of oriental aesthetics;
Background bokeh, weakening environment to strengthen character;
Slight film grain + soft focus glow, enhancing emotion and texture

Color system:
Primary colors: rouge pink, gilded gold
Secondary colors: cool cyan-blue-gray
Overall low saturation and high texture, avoiding vulgarity

Lens parameters:
85mm portrait lens, f1.4–f2, shallow depth of field, cinematic framing

Image quality:
ultra detailed, 8K–16K, extreme detail, high resolution, cinematic lighting

Aspect ratio:
9:16","国风CG插画，唐风美学，古代绝美女子，半身近景特写，画面重心聚焦面部与上半身，高级人像构图，电影级镜头语言与空间透视

人物设定：
东亚古典美人，冷白通透肌肤，细腻真实皮肤质感，柔润微光；
五官精致立体但自然不过度夸张，狭长凤眼，眼尾微挑，眼神含情带羞、微醺朦胧，长睫毛投下细微阴影；
唇色如胭脂晕染，微启唇，神态柔美而富有情绪张力，呈现“含蓄东方美”

造型设计：
粉色系华丽唐风服饰，轻柔贴合身体曲线，层次丰富但不过度堆叠；
适度低领设计，强调锁骨与颈肩线条，视觉引导自然不过分直白；
头戴精工凤冠（金属、珍珠、宝石、流苏），材质真实反光，随动作轻微摆动

动态与姿态：
身体微侧或轻旋转姿态，颈部延展，肩线舒展，手部形成柔性引导线，增强画面韵律与女性柔美张力

光影系统：
电影级布光
主光：暖金侧前方光聚焦面部与肌肤高光
辅光：冷色环境光塑造体积与空间
边缘光勾勒发丝与肩颈轮廓
高光控制不过曝，阴影保留细节，面部光影柔和过渡

画面风格：
超写实CG人像融合东方写意气韵，轻微朦胧美学

氛围与质感：
梦幻、含蓄、东方审美的高级氛围；
背景虚化，弱化环境强化人物；
轻微胶片颗粒+ 柔焦辉光，增强情绪与质感

色彩体系：
主色：胭脂粉、鎏金
辅色：冷青蓝灰
整体低饱和高质感，避免艳俗

镜头参数：
85mm portrait lens, f1.4–f2, shallow depth of field, cinematic framing

画质：
ultra detailed, 8K–16K, extreme detail, high resolution, cinematic lighting

比例：
9:16",https://opennana.com/awesome-prompt-gallery/stunning-tang-phoenix-beauty-close-up
蒸汽朋克探险记分镜图,https://img.opennana.com/prompts/assets/202604/1776862498099-b4crnnuc-1776862507253-1.jpeg,"Imagine from this image
Storyboard like a steampunk adventure
Assuming approximately 1 minute of footage.

The aspect ratio of the screens shown within the storyboard is 16:9 (priority here is high)

The overall design of the storyboard is output with an aspect ratio of 9:16

Professional design specifications","从这张图像中想象  
像蒸汽朋克探险记那样的分镜  
假设大约1分钟的影像。  

分镜内所示画面的宽高比是16:9（这里优先度较高）  

分镜整体的设计图以宽高比9:16输出  

专业的设计规格",https://opennana.com/awesome-prompt-gallery/steampunk-adventure-storyboard
个人品牌多页套件设计,https://img.opennana.com/prompts/assets/202604/1776862539880-z92hevds-1776862560571-1.jpeg,Created a multi-page brand kit for personal brand,,https://opennana.com/awesome-prompt-gallery/personal-brand-kit-design
悟空全形态超级赛亚人变身,https://img.opennana.com/prompts/assets/202604/1776862347647-yvjve1hu-1776862356662-1.jpeg,Create Goku from Dragon Ball Z showing all his Super Saiyan transformations from base form to ultimate form in one cinematic composition.,创作龙珠Z中的悟空，在一个充满电影感的构图中展示他从基础形态到终极形态的所有超级赛亚人变身。,https://opennana.com/awesome-prompt-gallery/goku-all-super-saiyan-forms
极简命运星盘塔罗海报,https://img.opennana.com/prompts/assets/202604/1776862298410-np7uzl61-1776862308091-1.jpeg,"Generate a collection-level minimalist destiny star chart / tarot poster based on [Character/Theme]. In the center of the image is a huge, elegant, and complete character silhouette-style main visual. The overall strong silhouette feel is retained, but it is not a pure black silhouette; instead, it is a low-saturation, tinted, dark semi-silhouette with a tendency towards the character's theme color. The interior only retains very restrained color layers, slight gradients, and faint glows, without doing a fully colored illustration. The character's recognition is mainly reflected through outline, posture, hairstyle, clothing silhouette, and iconic accessories. Specific facial features are not emphasized, scenes are not filled inside the silhouette, and narrative collages are not made. Automatically generate an exclusive star chart / natal chart system highly matching the [Character] behind the character, including concentric circles, star trails, zodiac scales, constellation lines, moon phases, mystical symbols, geometric astrology patterns, symbolic emblems, and a small amount of decorative details. All color schemes, patterns, symbol systems, decorative elements, material tendencies, and light and atmosphere are automatically deduced and generated based on the [Character]'s identity, temperament, abilities, faction, elemental attributes, worldview, and sense of destiny. It must be strongly bound to the character itself and must not be templated. The overall adopts a strictly symmetrical, completely restrained collection edition tarot card composition, featuring a complete border, corner ornaments, a top numbering area, a central main visual area, and a bottom character name plaque and motto area. The style integrates tarot composition, Art Nouveau decorative style, occult symbol design, and high-end minimalist movie poster aesthetics. The overall feel is solemn, sacred, quiet, exquisite, fateful, and poetic, with a sense of collection and exclusivity. The overall texture should be clean, transparent, sharp, finely crafted, and gorgeous. Decorative lines should be clear and delicate, and may have a faint glow, stardust, energy light patterns, or a sense of metal trim lines; do not have paper texture, do not have a hand-drawn feel, do not have an old paper surface, do not have printing noise, do not have printmaking texture, do not have a manuscript feel, and do not have a distressed texture. The text in the image naturally integrates into the layout: the top may have Roman numerals or destiny numbers, the middle-lower part presents the [Character]'s name, and the bottom adds a destiny motto / oracle short sentence highly matching the character's temperament, which is concise, restrained, and poetic, like a destiny annotation exclusive to the character. Do not have complex scenes, do not have narrative inside the silhouette, do not have extra characters, do not have templated backgrounds, do not have modern UI, do not have cheap fantasy assets, do not be overly crowded, do not lose whitespace, do not have a normal character illustration feel, do not have a pure black silhouette, and do not have a fully thick-painted illustration feel. Vertical version 3:4, high definition, collection level, high degree of completion, exquisite details.","根据【角色/主题】生成一张收藏级极简命运星盘 / 塔罗海报。画面中央为该角色巨大、优雅、完整的人物剪影式主视觉，整体保留强烈剪影感，但不是纯黑剪影，而是带有角色主题色倾向的低饱和、有色、偏暗的半剪影；内部只保留非常克制的颜色层次、轻微渐变与微弱辉光，不做完整上色立绘。人物主要通过轮廓、姿态、发型、服饰外形与标志性配饰体现角色辨识度，不强调具体五官，不在剪影内部填充场景，不做叙事拼贴。   

人物背后自动生成与【角色】高度匹配的专属星盘 / 命盘系统，包括同心圆、星轨、黄道刻度、星座连线、月相、神秘符号、几何占星纹样、象征徽记与少量装饰细节。所有配色、纹样、符号系统、装饰元素、材质倾向与光感氛围，全部根据【角色】的身份、气质、能力、阵营、元素属性、世界观与命运感自动推演生成，必须强绑定角色本身，不得模板化。

整体采用严格对称、完整克制的收藏版塔罗牌构图，具有完整边框、角饰、顶部编号区、中部主视觉区、底部角色名铭牌与箴言区。风格融合塔罗构图、新艺术装饰风格、神秘学符号设计与高级极简电影海报审美，整体庄重、神圣、安静、精致、宿命、诗意，具有收藏感与专属感。

整体质感应干净、通透、锐利、精工、华丽，装饰线条清晰细腻，可带有微弱辉光、星尘、能量光纹或金属饰线感；不要纸张纹理，不要纸绘感，不要古旧纸面，不要印刷噪点，不要版画肌理，不要手稿感，不要做旧质感。

画面文字自然融入版式：顶部可有罗马数字或命运编号，中下部呈现【角色】名字，底部加入一句与角色气质高度契合的命运箴言 / 神谕短句，简洁、克制、诗性，像专属于该角色的命运注解。

不要复杂场景，不要剪影内部叙事，不要额外人物，不要模板化背景，不要现代UI，不要廉价奇幻素材，不要过度拥挤，不要失去留白，不要普通角色插画感，不要纯黑剪影，不要完整厚涂立绘感。

竖版 3:4，高清，收藏级，高完成度，精致细节。",https://opennana.com/awesome-prompt-gallery/minimalist-destiny-tarot-poster
嚣张叛逆的雅儿贝德快拍,https://img.opennana.com/prompts/assets/202604/1776862223420-6yl117l9-1776862228964-1.jpeg,"Style: A screenshot of an Albedo cosplay Instagram story photo;
Content: Squatting on the ground facing the camera, both hands making exaggerated rebellious gestures, rolling eyes, arrogant and disdainful expression.","風格：截取一張雅兒貝德cos的ins快拍寫真；
內容：蹲在地上正對鏡頭，雙手做誇張叛逆手勢，翻白眼，表情囂張又不屑",https://opennana.com/awesome-prompt-gallery/arrogant-rebellious-albedo-story
我的世界版王国之泪地图,https://img.opennana.com/prompts/assets/202604/1776862160526-9jvsja7y-1776862169329-1.jpeg,"Generate a Minecraft game screenshot, the world inside is built with a map scene from The Legend of Zelda: Tears of the Kingdom",生成一张我的世界的游戏截图，里面的世界是构建了一个塞尔达王国之泪的地图场景,https://opennana.com/awesome-prompt-gallery/minecraft-tears-of-the-kingdom-map
冷艳缠枝莲宫廷香膏广告,https://img.opennana.com/prompts/assets/202604/1776846191151-8jtfb7aw-1776846193150-1.jpeg,"Perfume advertisement in the same style as Zhao Feiyan's palm dance, Bronze vase with gold-inlaid intertwined lotus patterns, Cold, glamorous and eerie deep palace atmosphere, Vertical screen 9:16",赵飞燕同款掌中舞香膏广告，错金缠枝莲铜瓶，冷艳诡谲深宫氛围感，竖屏9:16,https://opennana.com/awesome-prompt-gallery/cold-interlocking-lotus-perfume
苹果风软盘发布会宣传图,https://img.opennana.com/prompts/assets/202604/1776846097363-66sg9dqi-1776846098631-1.jpeg,"Generate an Apple-style keynote presentation image, displaying a promotional page for the latest generation 3.5-inch floppy disk in a BentoCard layout.",生成一页苹果风格的发布会图片，以BentoCard形式呈现最新一代的3.5寸软盘的宣传页,https://opennana.com/awesome-prompt-gallery/apple-style-floppy-keynote
妙笔生花极简东方插画,https://img.opennana.com/prompts/assets/202604/1776845921822-1uyaxv6m-1776845923736-1.jpeg,"Minimalist Oriental aesthetics × Commercial illustration style, theme ""Magical Brush Blooming Flowers"",
Vertical composition, adopting S-shaped flowing visual dynamic line, the picture is simple but has a sense of design,
The background is light beige Xuan paper texture, with soft gradient,
A calligraphy brush as the starting point, brushstrokes extend into flowing colorful ink traces, the ink traces gradually transform into blooming flowers in the air, the flower shapes are elegant and moderately realistic,
The color system is coordinated and rich:
Cyan green + Pink + Light orange + Gilded gold embellishment, the colors are soft, transparent and not oversaturated,
Adding slight particle light effects and a sense of flow, local golden thin lines outline the contours,
Overall style: High-end commercial illustration, Oriental artistic conception + Modern design fusion,
The picture is clean, has a sense of breathing, the visual center is clear, suitable for posters or brand KV
High-precision details, soft light and shadow, delicate texture, elegant style, cinematic picture texture, trendy style, digital art texture, modern graphic design elements.","极简东方美学 × 商业插画风格，主题“妙笔生花”，

竖版构图，采用S型流动视觉动线，画面简洁但具有设计感，

背景为浅米色宣纸质感，带柔和渐变，

一支毛笔作为起点，笔触延展为流动的彩色墨迹，墨迹在空中逐渐转化为盛开的花朵，花朵造型优雅、适度写实，

色彩体系协调丰富：
青绿 + 粉色 + 淡橙 + 鎏金点缀，颜色柔和通透不过饱和，

加入轻微粒子光效与流动感，局部金色细线勾勒轮廓，

整体风格：高级商业插画，东方意境 + 现代设计融合，

画面干净、有呼吸感，视觉中心明确，适合海报或品牌KV

高精度细节，柔和光影，细腻质感，优雅格调，电影级画面质感，潮流风格，数字艺术质感，现代图形设计元素。",https://opennana.com/awesome-prompt-gallery/magical-brush-minimal-oriental
奢华巧克力包装设计全案,https://img.opennana.com/prompts/assets/202604/1776864671144-o0hsmfq7-1776864687672-1.jpeg,"Create a multi-image packaging design system for a luxury chocolate brand named ‘Veloura’, including box design, foil-stamped logo, label variations, dielines, branding elements, and realistic product mockups, dark elegant tones, cinematic studio lighting, photorealistic textures.",为名为‘Veloura’的奢华巧克力品牌创建一个多图像包装设计系统，包括盒子设计、烫金logo、标签变体、刀模线、品牌元素以及逼真的产品模型，深沉优雅的色调、电影级工作室照明、照片般逼真的纹理。,https://opennana.com/awesome-prompt-gallery/luxury-chocolate-packaging
疗愈系心理健康应用界面套件,https://img.opennana.com/prompts/assets/202604/1776864449656-wsrux3fo-1776864452894-1.jpeg,"Design a complete mobile app UI kit for a mental wellness app called ‘CalmSpace’, multi-screen layout including onboarding, meditation player, mood tracker, profile, and settings, soft gradients, pastel color palette, glassmorphism UI, smooth shadows, high fidelity, consistent design system.",为一款名为‘CalmSpace’的心理健康应用设计一套完整的移动应用UI套件，多屏幕布局包括引导页、冥想播放器、情绪追踪器、个人资料和设置，柔和渐变，柔和色调，玻璃拟态UI，平滑阴影，高保真，一致的设计系统。,https://opennana.com/awesome-prompt-gallery/healing-mental-wellness-app-ui
地铁车厢里看手机的美丽女人,https://img.opennana.com/prompts/assets/202604/1776862982320-smo6ebit-1776862993086-1.jpeg,A beautiful woman looking at her phone on the subway; a candid photo.,一个美丽的女人在地铁上看手机；一张抓拍照片。,https://opennana.com/awesome-prompt-gallery/subway-phone-beauty
李师师古风琵琶弹唱直播间,https://img.opennana.com/prompts/assets/202604/1776867459746-f1r73o18-1776867469443-1.jpeg,"Li Shishi's live streaming room, ancient style beauty playing pipa and singing, bullet screen full of ""tip ten thousand""","李师师直播间，古风美人琵琶弹唱，弹幕全刷""打赏一万""",https://opennana.com/awesome-prompt-gallery/li-shishi-ancient-pipa-livestream
潘金莲砒霜古风暗黑包装盒设计,https://img.opennana.com/prompts/assets/202604/1776867269892-h8vyl6a8-1776867277968-1.jpeg,"Arsenic packaging box design identical to Pan Jinlian's, ancient style dark series, Water Margin peripheral cultural and creative products",潘金莲同款砒霜包装盒设计，古风暗黑系，水浒周边文创产品,https://opennana.com/awesome-prompt-gallery/pan-jinlian-arsenic-packaging-design
极简文字的个人色彩诊断图,https://img.opennana.com/prompts/assets/202604/1776841521420-vptsxcey-1776841523073-1.jpeg,"Using this portrait, create a diagram-first personal color  analysis. Show which clothing colors suit the subject through visual comparison. Keep text minimal and avoid paragraphs.",使用这张肖像，创建一个图表优先的个人色彩分析。通过视觉对比展示哪些服装颜色适合对象。保持文本最少并避免段落。,https://opennana.com/awesome-prompt-gallery/minimal-text-personal-color-chart
手绘草图包装提案板设计海报,https://img.opennana.com/prompts/assets/202604/1776841889482-07jrvyjf-1776841891553-1.jpeg,"Please generate a product introduction poster in the style of a ""hand-drawn packaging proposal board"" for [Product Name]. 

If I provide a product image, please use this image as the main reference, retain the product's core appearance features, packaging form, color, material, brand identity and overall temperament, and prioritize adopting the main color tone and color scheme from the product image for the design.
If I do not provide a product image, please automatically generate a product appearance and packaging design that matches the positioning of [Product Name], and automatically match natural and reasonable main color, auxiliary color, and background color based on product attributes, category characteristics, and temperament.

Overall poster style requirements:
This is not an ordinary e-commerce detail page, nor a simple studio-shot poster, but a creative proposal board that integrates ""finished product image + packaging design sketch + brand concept development process"". The overall presentation is a highly aesthetic, high-completion brand design display image, like a designer presenting a packaging concept scheme.

Image requirements:
- Vertical composition
- Use a unified and brand-aware main color tone background, the background color is naturally determined by the product itself, not fixed to a certain color
- The color scheme should be coordinated with product attributes: if there is a reference image, prioritize inheriting the main color and brand color of the reference image; if there is no reference image, automatically generate a reasonable color scheme based on the product name
- Place the most complete and eye-catching product main visual in the center of the image, with realistic texture, three-dimensional light and shadow, and commercial finished product effect
- Add multiple auxiliary visual elements around the product: packaging sketches from different angles, structural sketches, partial shape explorations, hand-held display drafts, packaging unfolding ideas, brand typography layout experiments
- Add natural and casual black or dark hand-drawn line drafts, arrows, circled marks, symbols, handwritten Chinese annotations, to give the image a strong sense of ""design process"" and ""creative proposal""
- The finished product image should be relatively exquisite and realistic, while the sketch part should be relatively casual and dynamic, forming a contrast between ""finished product + design sketch""
- The layout looks relaxed and free, but the overall should have order, rhythm, and a visual center, reflecting a high-end graphic design sense
- Can moderately add small graphics, small symbols or fun elements related to the product to enhance brand memory points
- The final effect should have a sense of brand, creativity, process, and visual impact

Color scheme principles:
- Do not fix a yellow background
- Automatically select the main color tone based on product type, material, purpose, consumer feeling, and brand temperament
- The background color, product color, text color, and sketch line color should be coordinated with each other
- Can use a high-saturation single-color background, or a soft and unified color palette background, as long as the overall has a sense of brand and visual impact
- Colors should naturally serve the product, rather than overshadowing it

Style keywords:
Packaging design proposal board, brand concept development, hand-drawn sketch, design process sense, moodboard, creative review draft, finished product rendering, visual experiment, commercial design poster

Please pay special attention:
- If there is a reference product image, prioritize following the reference image, do not deviate from the product itself
- If there is no reference image, automatically generate a reasonable product appearance, packaging, and color scheme based on the product name, and maintain the overall style unity
- The focus of the image is ""product introduction + creative design process display""
- Do not make it into an ordinary e-commerce detail page, do not make it into a promotional poster, do not make it overly neat and rigid, do not lack sketches and handwritten annotations, do not have a cheap sense, do not have a low-brow cartoon sense","请为【产品名称】生成一张“手绘包装提案板风格”的产品介绍海报。 

如果我提供了产品图片，请以该图片为主要参考，保留产品的核心外观特征、包装形态、颜色、材质、品牌识别和整体气质，并优先沿用产品图中的主色调与配色关系进行设计。
如果我没有提供产品图片，请根据【产品名称】自动生成符合该产品定位的产品外观与包装设计，并根据产品属性、品类特征和气质，自动搭配自然合理的主色、辅助色和背景色。

海报整体风格要求：
这不是普通电商详情页，也不是单纯棚拍海报，而是一张融合“产品成品图 + 包装设计草图 + 品牌概念开发过程”的创意提案板。整体呈现为高审美、高完成度的品牌设计展示图，像设计师正在展示一个包装概念方案。

画面要求：
- 竖版构图
- 使用统一且有品牌感的主色调背景，背景颜色根据产品本身自然决定，不固定为某一种颜色
- 配色应与产品属性协调：如果有参考图，优先继承参考图的主色和品牌色；如果没有参考图，则根据产品名称自动生成合理的色彩方案
- 画面中央放置一个最完整、最吸睛的产品主视觉，具有真实质感、立体光影和商业成品效果
- 产品周围加入多个辅助视觉元素：不同角度的包装草图、结构草图、局部造型探索、手持展示小稿、包装展开思路、品牌字样排版试验
- 加入自然随性的黑色或深色手绘线稿、箭头、圈画、符号、手写中文批注，让画面具有强烈“设计过程感”和“创意提案感”
- 成品图要相对精致真实，草图部分要相对随性灵动，形成“完成品 + 设计草图”的对比
- 版式看起来松弛自由，但整体要有秩序、有节奏、有视觉中心，体现高级平面设计感
- 可以适度加入与产品相关的小图形、小符号或趣味元素，增强品牌记忆点
- 最终效果应具有品牌感、创意感、过程感和视觉冲击力

配色原则：
- 不要固定黄色背景
- 要根据产品类型、材质、用途、消费感受和品牌气质自动选择主色调
- 背景色、产品色、文字色、草图线稿色应彼此协调
- 可以使用高饱和单色背景，也可以使用柔和统一色系背景，只要整体有品牌感和视觉冲击力
- 色彩应自然服务于产品，而不是喧宾夺主

风格关键词：
包装设计提案板、品牌概念开发、手绘草图、设计过程感、moodboard、创意评审稿、产品成品渲染、视觉实验、商业设计海报

请特别注意：
- 如果有参考产品图，优先遵循参考图，不要偏离产品本身
- 如果没有参考图，则根据产品名称自动生成合理的产品外观、包装和配色方案，并保持整体风格统一
- 画面重点是“产品介绍 + 创意设计过程展示”
- 不要做成普通电商详情页，不要做成促销海报，不要过度整齐呆板，不要缺少草图和手写批注，不要廉价感，不要低幼卡通感",https://opennana.com/awesome-prompt-gallery/hand-drawn-packaging-proposal-poster
幽暗水殿洛神凝露大片,https://img.opennana.com/prompts/assets/202604/1776846186586-zwrqrjtt-1776846188521-1.jpeg,"Zhen Mi style Luoshen dew advertisement, celadon jade relief Luoshui pattern bottle, secluded water palace dark court blockbuster, aspect ratio 9:16",甄宓同款洛神凝露广告，青玉浮雕洛水纹瓶，幽寂水殿暗黑宫廷大片，比例9:16,https://opennana.com/awesome-prompt-gallery/dark-water-palace-luoshen-dew
旧金山砖墙上的AI海报矩阵,https://img.opennana.com/prompts/assets/202604/1776847303606-zmu87kex-1776847305556-1.jpeg,Make a wheatpaste poster setup on a brick wall in sf featuring posters from various AI labs,在旧金山的一砖墙上制作一个浆糊糊贴海报装置，展示来自各种AI实验室的海报,https://opennana.com/awesome-prompt-gallery/sf-brick-wall-ai-posters
中国文明演变史长卷,https://img.opennana.com/prompts/assets/202604/1776847362731-hu0ptvzy-1776847367833-1.jpeg,"Please generate a vertical long image poster suitable for a ""historical popular science book"", themed ""History of Chinese Civilization Evolution"".

Overall content:
Using a timeline approach, systematically display the evolution process of Chinese civilization from the ""Tang Yao and Yu Shun Era"", through various important historical periods, all the way to ""Contemporary China in 2026"". The entire image should look like an illustration page in a high-quality historical popular science book, combining informativeness, readability, and visual appeal.

Art style:
Adopt the classic European clear-line comic style, similar to ""The Adventures of Tintin"" with clean and clear lines, flat coloring, bright and retro colors, and exquisite and orderly composition. The overall look should be a combination of ""historical encyclopedia + comic panel layout + timeline scroll"". The art style should be unified, with a retro knowledge book and adventure comic feel.

Image format:
- Vertical long image
- Clear central or side timeline
- Each historical period presented in independent small panels / small scenes
- Each panel includes:
  1) Period name
  2) Corresponding representative scene
  3) 2 to 3 concise Chinese knowledge point explanations
- Neat and clear layout, like an interior page of a historical popular science book
- Text should be concise, clear, and easy to read, without excessive long paragraphs of text
- There should be clear distinctions between each historical stage, but the overall transition should be natural and coherent

Title and descriptive text:
Main title: History of Chinese Civilization Evolution
Subtitle: From Tang Yao and Yu Shun to 2026, understand in one image how Chinese civilization step by step reached today

Please include the following historical periods, and for each period provide representative scenes and concise knowledge points:

1. Tang Yao and Yu Shun (Legendary Era)
Scene elements: Tribal alliance, sacrifices, farming, rivers, mountains and rivers, early settlements
Knowledge points:
- The early legendary era of Huaxia civilization
- The story of abdication reflects early political ideals
- Farming and tribal alliances gradually formed

2. Xia Dynasty
Scene elements: Early dynasty, flood control, embryonic ritual system, primitive cities
Knowledge points:
- Considered one of the earliest dynasties in China
- Early state forms began to emerge
- Flood control legends and kingship concepts gradually developed

3. Shang Dynasty
Scene elements: Bronze ding vessels, oracle bone inscriptions, sacrifices, royal capital
Knowledge points:
- Bronze civilization highly developed
- Oracle bone inscriptions are an important representative of early mature writing
- Religious sacrifices and kingship closely combined

4. Western Zhou
Scene elements: Enfeoffment of feudal lords, rites and music system, patriarchal order
Knowledge points:
- The enfeoffment system and patriarchal system gradually perfected
- The rites and music system had far-reaching influence
- Laid the foundation for later political culture

5. Spring and Autumn and Warring States Periods
Scene elements: Hegemony among feudal lords, Hundred Schools of Thought, Confucius, war and scholarship coexisting
Knowledge points:
- One of the most active periods of ancient Chinese thought
- Confucianism, Daoism, Legalism and others contended
- Iron tools and social changes drove historical transformation

6. Qin Dynasty
Scene elements: Qin Shi Huang, Great Wall, unified writing, commandery and county system, standardized axle lengths
Knowledge points:
- China entered the era of a unified great empire
- Unified writing, weights and measures, and road systems
- The commandery and county system strengthened centralization of power

7. Han Dynasty
Scene elements: Silk Road, camel caravans, imperial court, Confucianism, foreign exchanges
Knowledge points:
- The Han Dynasty established the pattern of a powerful empire
- The Silk Road promoted exchanges between China and foreign lands
- Confucianism gradually became the mainstream ideology

8. Three Kingdoms, Two Jins, and Southern and Northern Dynasties
Scene elements: Wartime division, ethnic integration, Buddhist temples, literati demeanor
Knowledge points:
- Long-term division, but culture continued to develop
- Ethnic integration continuously deepened
- The spread of Buddhism had a huge impact on thought and culture

9. Sui and Tang Dynasties
Scene elements: Grand Canal, Chang'an, imperial examination, prosperous Tang atmosphere, Silk Road merchants
Knowledge points:
- The Sui Dynasty reunified China
- The Tang Dynasty was powerful and open to the outside world
- The imperial examination system and the prosperity of Chang'an were representative

10. Song Dynasty
Scene elements: Urban commerce, academies, movable type printing, compass, bustling city streets
Knowledge points:
- Commodity economy and urban culture highly prospered
- Technological inventions had far-reaching influence
- Literati culture and aesthetics highly developed

11. Yuan Dynasty
Scene elements: Vast territory, post stations, merchant travel, Eurasian exchanges
Knowledge points:
- Unified a broader territory
- Strengthened connections across the Eurasian continent
- Exchanges between different ethnic groups and cultures became more frequent

12. Ming Dynasty
Scene elements: Forbidden City, Zheng He's voyages to the Western Seas, treasure ships, novels and operas, urban society
Knowledge points:
- The imperial power system was further strengthened
- Zheng He's voyages to the Western Seas demonstrated navigational capability
- Commodity economy and cultural creation were active

13. Early and Mid-Qing Dynasty
Scene elements: Great unified territory, imperial court, agrarian society, prosperous era scenes
Knowledge points:
- The territory was further consolidated
- Population growth and agricultural development were significant
- The imperial order reached its peak

14. Late Qing Dynasty
Scene elements: Opium War, invasion by foreign powers, Self-Strengthening Movement, modern crisis
Knowledge points:
- China encountered unprecedented external shocks
- The traditional order was severely challenged
- Began the difficult exploration of the path to modernization

15. Modern China
Scene elements: Xinhai Revolution, Republican cities, newspapers, students, War of Resistance Against Japan, national awakening
Knowledge points:
- Chinese society entered a period of intense transformation
- Revolution, reform, and national salvation proceeded simultaneously
- National awakening and modern state concepts strengthened

16. New China Construction Period
Scene elements: Founding scene, factories, workers, farmland, infrastructure construction
Knowledge points:
- After the founding of New China, large-scale construction began
- Industrialization and social reconstruction gradually advanced
- Laid the foundation for modernization development

17. Reform and Opening Up
Scene elements: High-rise buildings, factories, market economy, coastal cities, rapid development
Knowledge points:
- The economic system gradually transformed
- Urbanization and globalization significantly accelerated
- China's economy achieved rapid growth

18. Contemporary China (up to 2026)
Scene elements: High-speed rail, aerospace rockets, modern cities, internet, AI, chips, new energy vehicles, robots, young people
Knowledge points:
- China continues to advance technological innovation and modernization
- High-speed rail, aerospace, digital economy, and AI develop rapidly
- China in 2026 presents a technological, urbanized, and globalized appearance

Bottom summary section:
Add a concise summary module, writing:
""Chinese civilization is not a straight line, but continuously evolves amidst unification and division, inheritance and change. Thousands of years of accumulation have ultimately shaped today's China.""

Visual requirements:
- The clothing, architecture, utensils, and vehicles of each period must have era-specific recognizability
- The image should be exquisite and detailed, but maintain clarity and simplicity, not cluttered
- The overall image should have a sense of historical weight, knowledge illustration feel, and adventure comic feel
- Chinese text must be clear, correct, and easy to read
- The layout should be like an illustration page of a high-quality historical popular science book
- Overall unified, professional, and aesthetically pleasing, suitable for a historical popular science long image poster","请生成一张适合作为“历史科普读物”的纵向长图海报，主题为《中国文明演变史》。

整体内容：
以时间轴方式，系统展示中国文明从“唐尧虞舜时代”开始，经过各个重要历史时期，一直到“2026年的当代中国”的演变过程。整张图要像一本高质量历史科普读物中的插图页，兼具知识性、可读性和观赏性。

画面风格：
采用经典欧洲清线漫画风格，类似《丁丁历险记》那种干净清晰的线条、平涂上色、明快复古的色彩、精致而有秩序的构图。整体像“历史百科 + 漫画分镜 + 时间轴长卷”的结合体。画风统一，具有复古知识读物和冒险漫画的感觉。

画面形式：
- 纵向长图
- 清晰的中央或侧边时间轴
- 每个历史时期用独立的小分镜 / 小场景呈现
- 每个分镜包含：
  1）时期名称
  2）对应代表性画面
  3）2到3条简洁中文知识点讲解
- 排版整齐清楚，像历史科普读物内页
- 文字简洁、清晰、易读，不要过多堆砌长段文字
- 每个历史阶段之间有明显区分，但整体过渡自然连贯

标题与说明文字：
主标题：中国文明演变史
副标题：从唐尧虞舜到2026，一张图看懂中国文明如何一步步走到今天

请包含以下历史时期，并为每个时期配上代表画面和简洁知识点：

1. 唐尧虞舜（传说时代）
画面元素：部落联盟、祭祀、农耕、河流、山川、早期聚落
知识点：
- 华夏文明的早期传说时代
- 禅让故事体现早期政治理想
- 农耕和部落联盟逐渐形成

2. 夏朝
画面元素：早期王朝、治水、礼制萌芽、原始城邑
知识点：
- 被视为中国最早的王朝之一
- 早期国家形态开始形成
- 治水传说和王权观念逐渐发展

3. 商朝
画面元素：青铜鼎、甲骨文、祭祀、王都
知识点：
- 青铜文明高度发展
- 甲骨文是早期成熟文字的重要代表
- 宗教祭祀和王权密切结合

4. 西周
画面元素：分封诸侯、礼乐制度、宗法秩序
知识点：
- 分封制和宗法制度逐渐完善
- 礼乐制度影响深远
- 为后世政治文化奠定基础

5. 春秋战国
画面元素：诸侯争霸、百家争鸣、孔子、战争与学术并存
知识点：
- 中国古代思想最活跃的时期之一
- 儒家、道家、法家等百家争鸣
- 铁器和社会变革推动历史转型

6. 秦朝
画面元素：秦始皇、长城、统一文字、郡县制、车同轨
知识点：
- 中国进入大一统帝国时代
- 统一文字、度量衡和道路制度
- 郡县制加强中央集权

7. 汉朝
画面元素：丝绸之路、驼队、宫廷、儒学、对外交流
知识点：
- 汉朝奠定了强盛帝国格局
- 丝绸之路促进中外交流
- 儒学逐渐成为主流思想

8. 三国两晋南北朝
画面元素：战乱分裂、民族融合、佛教寺庙、文人风度
知识点：
- 长期分裂，但文化持续发展
- 民族融合不断加深
- 佛教传播对思想文化影响巨大

9. 隋唐
画面元素：大运河、长安、科举、盛唐气象、丝路商旅
知识点：
- 隋朝重新统一中国
- 唐朝国力强盛、对外开放
- 科举制和长安繁荣具有代表性

10. 宋朝
画面元素：城市商业、书院、活字印刷、指南针、繁华市井
知识点：
- 商品经济和城市文化高度繁荣
- 科技发明影响深远
- 文人文化和审美高度发展

11. 元朝
画面元素：辽阔疆域、驿站、商旅往来、欧亚交流
知识点：
- 统一了更广阔的疆域
- 加强欧亚大陆之间联系
- 不同民族和文化交流更频繁

12. 明朝
画面元素：紫禁城、郑和下西洋、宝船、小说戏曲、市民社会
知识点：
- 皇权体制进一步加强
- 郑和下西洋体现航海能力
- 商品经济与文化创作活跃

13. 清朝前中期
画面元素：大一统版图、宫廷、农业社会、盛世景象
知识点：
- 版图进一步巩固
- 人口增长和农业发展明显
- 帝国秩序达到高峰

14. 清朝晚期
画面元素：鸦片战争、列强入侵、洋务运动、近代危机
知识点：
- 中国遭遇前所未有的外部冲击
- 传统秩序受到严重挑战
- 开始艰难探索近代化道路

15. 近代中国
画面元素：辛亥革命、民国城市、报刊、学生、抗战、民族觉醒
知识点：
- 中国社会进入剧烈转型阶段
- 革命、改革与救亡并行
- 民族觉醒和现代国家观念增强

16. 新中国建设时期
画面元素：开国场景、工厂、工人、农田、基础建设
知识点：
- 新中国成立后开始大规模建设
- 工业化和社会重建逐步推进
- 为现代化发展打下基础

17. 改革开放
画面元素：高楼、工厂、市场经济、沿海城市、快速发展
知识点：
- 经济体制逐步转型
- 城市化和全球化显著加快
- 中国经济实现快速增长

18. 当代中国（到2026）
画面元素：高铁、航天火箭、现代城市、互联网、AI、芯片、新能源汽车、机器人、年轻人
知识点：
- 中国持续推进科技创新和现代化建设
- 高铁、航天、数字经济和AI快速发展
- 2026年的中国呈现科技化、城市化、全球化面貌

底部总结区：
添加一个简洁总结模块，写上：
“中国文明并不是一条直线，而是在统一与分合、传承与变革中不断演进。几千年的积累，最终塑造出今天的中国。”

视觉要求：
- 每个时期的人物服饰、建筑、器物和交通工具都要有时代辨识度
- 画面精致细腻，但保持清晰简洁，不要杂乱
- 整体具有历史厚重感、知识图鉴感和冒险漫画感
- 中文必须清晰、正确、易读
- 版式像高质量历史科普读物插图页
- 整体统一、专业、美观，适合做历史科普长图海报",https://opennana.com/awesome-prompt-gallery/chinese-civilization-evolution-scroll
东方仙侠神话圣像概念原画,https://img.opennana.com/prompts/assets/202604/1776847402301-ezbe3ixo-1776847404052-1.jpeg,"Please create an Oriental fantasy character concept illustration of [Character] using [Musical Instrument or Weapon].

The overall style integrates Chinese Xianxia, mythological icon sense, and cinematic CG concept art texture, with a strong Oriental fantasy aesthetic, high-level aesthetics, and epic feel. The character is the main visual core, with an ethereal, sacred, elegant, aloof, or majestic temperament, automatically matching the most suitable expression, clothing, hairstyle, accessories, and identity settings based on [Character].

If [Musical Instrument or Weapon] is a musical instrument, the character presents a posture full of ritual and fluidity such as playing, plucking, blowing, or standing with the instrument, emphasizing musical energy, aura flow, and sound waves turning into light patterns, clouds, starlight, or magic arrays.
If [Musical Instrument or Weapon] is a weapon, the character presents a posture of holding the weapon, gathering strength, confronting, casting spells, or the moment before combat, emphasizing a sense of power, oppression, aura, and energy convergence.

The composition is mainly centered or slightly off-center on the character, overall balanced, solemn, with a poster-level main visual effect; behind the character there may be a moon wheel, magic ring, divine halo, ancient pattern array, or icon-like circular structure. The clothing adopts an Oriental fantasy style, with light and gorgeous materials, featuring sheer gauze, ribbons, layered hemlines, metal ornaments, jade accessories, or crowns, with hair and fabric flowing in the wind, forming a strong dynamic aesthetic.

The background automatically matches Oriental fantasy scenes such as a starry divine realm, sea of clouds heavenly realm, moonlit holy land, bamboo forest immortal mountain, ice and snow secret realm, dark night altar, or ancient ruins according to the character's temperament, with the environment containing mist, flowing light, particles, mysterious energy, and spatial depth. The color tone controls the picture with a unified and advanced main color, automatically selecting color palettes such as ice blue, moon white, cyan-green, dark purple, red-gold, ink black, or silver gray based on the character and props, and using a small amount of pale gold or cold light for divine embellishment.

Overall requirements: aesthetic, dreamy, ethereal, mysterious, transcendent, sacred, exquisite, with cinematic lighting and shadow, volumetric light, sense of air, ultra-detailed CG illustration texture, avoiding vulgarity, avoiding cheap ancient style portrait sense, avoiding internet celebrity faces, avoiding cluttered backgrounds, avoiding plastic texture.","请创作一幅【人物角色】使用【乐器或武器】的东方幻想人物概念插画。

整体风格融合国风仙侠、神话圣像感与电影级CG概念原画质感，画面具有强烈的东方幻想美学、高级审美与史诗感。人物为主视觉核心，气质空灵、神圣、优雅、清冷或威严，根据【人物角色】自动匹配最合适的神态、服饰、发型、配饰与身份设定。

如果【乐器或武器】是乐器，则人物呈现演奏、拨弦、吹奏、执乐而立等充满仪式感与流动感的姿态，强调音乐能量、灵气流动、音波化作光纹、云气、星辉或法阵。
如果【乐器或武器】是武器，则人物呈现持械、蓄势、对峙、施法或战斗前一瞬的姿态，强调力量感、压迫感、气场与能量汇聚。

构图以人物居中或偏中心为主，整体平衡、庄严、具有海报级主视觉效果；人物背后可带有月轮、法环、神性光晕、古老纹阵或圣像式圆形结构。服装采用东方幻想风格，材质轻盈华美，带轻纱、飘带、层叠衣摆、金属饰件、玉饰或冠饰，发丝与布料在风中流动，形成强烈的动态美感。

背景根据角色气质自动匹配为星空神域、云海天界、月下圣境、竹林仙山、冰雪秘境、幽夜神坛、古风遗迹等东方幻想场景，环境带有薄雾、流光、粒子、神秘能量与空间纵深。色彩以统一且高级的主色调控制画面，可根据角色和道具自动选择冰蓝、月白、青绿、幽紫、赤金、墨黑、银灰等配色，并用少量淡金或冷光进行神性点缀。

整体要求：唯美、梦幻、空灵、神秘、超脱、神圣、精致，具有电影级光影、体积光、空气感、超细节CG插画质感，避免俗艳、避免廉价古风写真感、避免网红脸、避免杂乱背景、避免塑料质感。",https://opennana.com/awesome-prompt-gallery/oriental-xianxia-myth-icon-concept
精美多页品牌套件设计,https://img.opennana.com/prompts/assets/202604/1776847709194-e8cfv8ju-1776847710102-1.jpeg,Create a polished multi-page (multiple images) brand kit for ___________,创建一个精美的多页（多张图片）品牌套件为 ___________,https://opennana.com/awesome-prompt-gallery/polished-brand-kit
老干妈星巴克高端联名运营图,https://img.opennana.com/prompts/assets/202604/1776828443358-gkns0aah-1776828445531-1.jpeg,"Generate a complete high-end brand operation image, the product is a co-branded item of Lao Gan Ma and Starbucks: Lao Gan Ma Americano, the main image is in the center, below are some co-branded designs, packaging bags, cup sleeves, and mascots.",生成完整高端的品牌运营图 ，产品是老干妈和星巴克的联名款：老干妈美式，中间是主图，下面放一些联名的设计，包装袋、杯套以及吉祥物。,https://opennana.com/awesome-prompt-gallery/lao-gan-ma-starbucks-co-brand
热血少年宝玉角色设定图,https://img.opennana.com/prompts/assets/202604/1776828498339-ebv4wj9p-1776828501907-1.jpeg,,"Based on everything you know about me, make a character sheet of shonen-style anime character of me, name is 宝玉",https://opennana.com/awesome-prompt-gallery/hot-blood-bao-yu-sheet
三维立体元素周期表微距摄影,https://img.opennana.com/prompts/assets/202604/1776826995360-vtjzf8lu-1776826997716-1.jpeg,"Isometric isometic perspective display showing a part of the periodic table of elements presented in a three-dimensional solid form, requiring accurate text in each cell, each cell equipped with an object matching the corresponding element, each cell strictly aligned and neat, the angle is approximately a 45° to 60° oblique side perspective, extreme close-up, almost only focusing on the few elements in the center, large aperture, obvious tilt-shift blur effect","等距轴测isometic视角展示以三维立体的形式呈现元素周期表的一部分，要求每一个格子内的文字准确，每个格子配有一个符合对应元素的物体，
每个格子严格的对齐规整，角度大概是45°到60°的斜侧视角，极致的大特写，几乎只聚焦到中央的几个元素，光圈很大，移轴的模糊效果很明显",https://opennana.com/awesome-prompt-gallery/3d-periodic-table-macro
极简学术风马格努斯效应科普图解,https://img.opennana.com/prompts/assets/202604/1776827118950-adeh7gj5-1776827119846-1.jpeg,"Create a visually stunning educational infographic explaining Magnus Effect  in a clean, modern academic style. Use a soft neutral background (cream or light beige), elegant serif typography for titles, and minimalist sans-serif for body text.

Structure the layout into clearly separated numbered sections (e.g., 1, 2, 3, 4), each with a concise heading and short explanation. Include subtle dividing lines and balanced spacing.

Incorporate mathematical notation, symbols, and step-by-step visual diagrams (like grids, arrows, highlights, or boxed elements) to illustrate the concept clearly. Use a limited color palette (teal, gold accents, dark gray text) with soft highlights for emphasis.

Add visual cues like arrows, dotted lines, or highlighted boxes to guide the viewer’s eye through the logic. Maintain symmetry, alignment, and a polished “textbook meets modern design” aesthetic.

The final design should feel like a premium educational poster - minimal, elegant, highly readable, and intellectually satisfying.","创建一个视觉上令人惊叹的教育信息图表，以简洁、现代的学术风格解释马格努斯效应。使用柔和的中性背景（奶油色或浅米色），标题采用优雅的衬线字体，正文使用极简的无衬线字体。

将布局结构化为清晰分隔的编号部分（例如，1、2、3、4），每个部分包含简洁的标题和简短解释。包含细微的分隔线和平衡的间距。

融入数学符号、符号以及逐步视觉图表（如网格、箭头、高亮或方框元素），以清晰阐释概念。使用有限的色彩调色板（蓝绿色、金色点缀、深灰色文本），并以柔和的高亮进行强调。

添加视觉提示，如箭头、虚线或高亮框，以引导观者的视线跟随逻辑。保持对称、对齐，以及一种精致的“教科书遇见现代设计”的美学。

最终设计应给人一种高端教育海报的感觉——极简、优雅、高度可读，并具有智力满足感。",https://opennana.com/awesome-prompt-gallery/minimalist-magnus-effect-infographic
精美美妆邮件序列排版,https://img.opennana.com/prompts/assets/202604/1776828293363-8y5jjpp7-1776828295131-1.jpeg,Create a polished email sequence template for fenty beauty,为fenty beauty创建一个精美的电子邮件序列模板,https://opennana.com/awesome-prompt-gallery/polished-beauty-email-layout
千禧甜美风少女杂志内页,https://img.opennana.com/prompts/assets/202604/1776828330452-duv3go93-1776828332021-1.jpeg,"Reference the facial features and hairstyle of the example image, generate a page of retro girly fashion magazine inner page, similar to 2000s-2010s early Japanese sweet outfit monthly magazine style, a real magazine content page.
The overall is a high-completion magazine layout design, the image must include:
• Main model large image (occupying the main body of the page)
• Multiple outfit item breakdown modules
• Makeup tutorial small frames (eye makeup, lip makeup, blush tips)
• Hairstyle tips small frames / hair arrange
• Coordination suggestions / 3days coordinate / item checklist
• Several product images (clothes, bags, shoes, cosmetics)
• Magazine titles, subtitles, annotations, price tags, explanatory text
• Rich layout, large amount of information, but clear typography, like a real magazine, no poster feel, do not just have a single large character image","参考例图五官发型，生成一页古早少女系时尚杂志内页，类似 2000s-2010s 早期日系甜美穿搭月刊风格，真实的杂志内容页。
整体是高完成度杂志排版设计，画面中要有：
•主模特大图（占页面主体）
•多个穿搭单品拆解模块
•妆容教学小框（眼妆、唇妆、腮红技巧）
•发型技巧小框 / hair arrange
•搭配建议 / 3days coordinate / item checklist
•若干产品图（衣服、包包、鞋子、化妆品）
•杂志标题、小标题、注释、价格标签、说明文字
•版面丰富，信息量大，但排版清晰，像真实杂志，不要海报感，不要只有一个人物大图",https://opennana.com/awesome-prompt-gallery/retro-girly-magazine-page
支付宝到账收款截图,https://img.opennana.com/prompts/assets/202604/1776828375652-henpxc87-1776828376328-1.jpeg,Generate an Alipay payment receipt infographic,,https://opennana.com/awesome-prompt-gallery/alipay-receipt-screenshot
乔丹传奇生涯史诗海报,https://img.opennana.com/prompts/assets/202604/1776841492121-a4i7vcgj-1776841495289-1.jpeg,"Create an epic poster showcasing the most iconic moments of Michael Jordan career. epic, cinematic, lens flare",创作一张史诗级海报，展示迈克尔·乔丹职业生涯中最具标志性的时刻。史诗级，电影感，镜头光晕,https://opennana.com/awesome-prompt-gallery/jordan-legend-epic-poster
诗仙李白月下直播起舞,https://img.opennana.com/prompts/assets/202604/1776786405094-joms0gk0-1776786428039-1.jpeg,Li Bai dancing under the moon during a Douyin livestream,,https://opennana.com/awesome-prompt-gallery/poet-li-bai-moon-dance
特朗普太空直播间破千万,https://img.opennana.com/prompts/assets/202604/1776788730676-lqjk0flp-1776788734217-1.jpeg,"A 9:16 vertical screen screenshot of a Douyin live stream, space live stream style. Trump is wearing a NASA-style white spacesuit, with the helmet visor half open, revealing his signature golden hair and smile. He is floating inside the cabin of the International Space Station doing a live stream, in a microgravity weightless state, with his body slightly suspended. He is holding up a metal nameplate fixed to the spacesuit with both hands, and the nameplate says ""Thanks to Songguo Xiansen for the big rocket"" in NASA-style print. Behind him, the blue Earth and deep space can be seen through the circular porthole. The live stream interface shows the online viewer count as ""Earth + Mars total 8.88 million"". In the bullet screen area, someone is commenting ""Really live streaming from space?"" and ""Songguo Xiansen's rocket sent you up to the sky"". The rocket gift effect in the center of the screen echoes a real rocket launching in the space outside the window, forming a combination of virtual and real effects. There are various precision instruments and control panels inside the cabin, with green and blue indicator lights flashing. The color tone of the picture is mainly dark blue, white, and gold, with starlight from outside the porthole embellishing it, 8K ultra-high definition, visual effects at the level of the movie ""Gravity"".","一张9:16竖屏的抖音直播截图，太空直播风格。特朗普穿着NASA风格的白色宇航服，头盔面罩半开，露出他标志性的金色头发和笑容。他漂浮在国际空间站的舱内进行直播，处于微重力失重状态，身体微微悬浮。他双手举着一块固定在宇航服上的金属铭牌，铭牌上用NASA风格的印刷体写着""感谢松果先森送的大火箭""。身后圆形舷窗外可以看到蓝色的地球和深邃的太空。直播界面显示在线人数""地球+火星共888万""。弹幕区有人刷""真的在太空直播？""""松果先森的火箭把你送上天了""。屏幕中央的火箭礼物特效与窗外太空中一枚正在发射的真实火箭遥相呼应，形成虚实结合的效果。舱内有各种精密仪器和控制面板，绿色和蓝色的指示灯闪烁。画面色调以深蓝、白色和金色为主，舷窗外的星光点缀其间，8K超高清，电影《地心引力》级别的视觉效果。",https://opennana.com/awesome-prompt-gallery/trump-space-live-stream
清冷佳人夜市烧烤三刀流,https://img.opennana.com/prompts/assets/202604/1776784640649-12qv6x04-1776784648887-1.jpeg,"a stunning beauty with a cool, aloof atmosphere, delicate facial features, a cold and sophisticated high-fashion face, long hair, and a graceful slender figure; barbecue “three-sword style” pose: one barbecue skewer held in her mouth, one skewer in each hand crossed to mimic Zoro’s three-sword style; street night scene ambiance, warm yellow night market lighting, blurred background, film-like texture, soft-focus glow, cinematic storytelling feel, trendy high-end influencer-style fashion shoot, clear luminous skin, sharply detailed strands of hair, lively dynamic expression, low-angle wide-angle shot, moody dark-toned atmosphere, shallow depth of field, ultra HD 8K, extreme detail, cinematic lighting",一个有着清冷孤傲气质的绝美佳人，精致的面部特征，一张冷酷且精致的高级时装面容，长发，以及优雅苗条的身材；烧烤“三刀流”姿势：嘴里叼着一根烧烤串，每只手各拿一根烧烤串交叉以模仿索隆的三刀流；街头夜景氛围，温暖黄色的夜市灯光，模糊的背景，胶片般的质感，柔焦光晕，电影般的叙事感，时髦高端网红风格的时尚拍摄，清晰发光的肌肤，清晰细致的发丝，生动的动态表情，低角度广角镜头，情绪化的暗调氛围，浅景深，超高清8K，极致细节，电影级光照,https://opennana.com/awesome-prompt-gallery/cool-beauty-bbq-zoro-pose
十二黄金圣斗士卡牌合集,https://img.opennana.com/prompts/assets/202604/1776788685786-ogw0vp1e-1776788693965-1.jpeg,"Generate a 12-grid card image of the 12 Gold Saints from Saint Seiya, with the corresponding Chinese name written on each card, 4 per row, aspect ratio 16:9.",生成圣斗士星矢12个黄金圣斗士的12宫格卡牌图片，每张卡牌上写上对应的中文名，每行4个，宽高比16:9。,https://opennana.com/awesome-prompt-gallery/twelve-gold-saints-cards
大唐玄武门之变的朋友圈,https://img.opennana.com/prompts/assets/202604/1776788302158-83biz1mj-1776788304125-1.jpeg,WeChat Moments of the Xuanwu Gate Incident,,https://opennana.com/awesome-prompt-gallery/tang-dynasty-xuanwu-gate
手写中西药方图片,https://img.opennana.com/prompts/assets/202604/1776788426202-9tk4ali1-1776788430301-1.jpeg,Generate an image of a handwritten traditional Chinese medicine or Western medicine prescription,,https://opennana.com/awesome-prompt-gallery/handwritten-prescription
炫酷游戏界面UI设计套件,https://img.opennana.com/prompts/assets/202604/1776785164884-84le52oj-1776785171383-1.jpeg,Generate a set of game uikit,,https://opennana.com/awesome-prompt-gallery/cool-game-interface-ui-kit
品牌视觉设计全案展示,https://img.opennana.com/prompts/assets/202604/1776785155954-ar23f4li-1776785158136-1.jpeg,Help me generate a brand visual,,https://opennana.com/awesome-prompt-gallery/brand-visual-design-showcase
百件A字头物品矩阵图,https://img.opennana.com/prompts/assets/202604/1776788368181-psb2qpep-1776788374142-1.jpeg,create an image with 10x10 grid of objects that have the names starting with letter a.,创建一个包含 10x10 网格的图像，每个对象名称都以字母 a 开头。,https://opennana.com/awesome-prompt-gallery/hundred-a-initial-items-matrix
赛博科幻桃太郎主视觉图,https://img.opennana.com/prompts/assets/202604/1776788275989-65yil5cp-1776788279128-1.jpeg,"Design a key visual for a fictional animation. The theme is ""Sci-Fi Momotaro"". Design charming characters, backgrounds, logos, and promotional slogans, completed in the form of a beautiful illustration, allowing the worldview to be conveyed in a single image.",设计虚构动画的钥匙视觉图。主题是「科幻桃太郎」。设计有魅力的角色、背景、标志和宣传语，以一幅美丽插画的形式完成，让世界观在一张图中传达出来。,https://opennana.com/awesome-prompt-gallery/cyberpunk-sci-fi-momotaro-key-visual
银河繁星点缀的冰蓝襦裙,https://img.opennana.com/prompts/assets/202604/1776788227102-kr9hpsd2-1776788230985-1.jpeg,"Clothing details: The model wears an exquisite pale ice blue chest-high ruqun, made of multiple layers of lightweight tulle and silk organza materials. Its wide, translucent broad sleeves are adorned with tiny silver and light blue sequin embroideries like stars, shimmering under the light (with a galaxy-like dreamy feel). The tube top position has complex silver lace and woven texture details, and the belt falls naturally.
Material and light and shadow: The image presents 8k ultra-high resolution and extreme rendering of macro textures of the fabric. The lighting uses soft natural side light (Tyndall Effect Typndall Effect), accurately transmitting through the light gauze, creating a sense of translucency (Translucency) and fluidity of the fabric.
Composition and lens: Uses 85mm golden portrait lens effect, f/1.8 large aperture, full-body composition, model standing in the center","服裝細節： 模特兒身穿一套精緻的淡冰藍色齊胸襦裙，採用多層輕盈的薄紗和絲綢歐根紗材質制成。其寬大的、半透明的廣袖上點綴著如繁星般微小的銀色和淺藍色亮片刺繡，在光線下閃爍（具有銀河般的夢幻感）。抹胸位置有複雜的銀色蕾絲和編織紋理細節，腰帶自然垂落。

材質與光影： 畫面呈現 8k 超高分辨率和對織物微距紋理的極致渲染。光線採用柔和的自然側光（丁達爾效應 Typndall Effect），精準地透射過輕薄的紗布，營造出面料的半透明感（Translucency）和流動感。

構圖與鏡頭： 採用 85mm 黄金人像鏡頭效果，f/1.8 大光圈，全身構圖，模特居中站立",https://opennana.com/awesome-prompt-gallery/galaxy-starlight-ice-blue-ruqun
唐朝贵妇遛粉色马甲异形工笔画,https://img.opennana.com/prompts/assets/202604/1776788156668-dzauld0z-1776788159632-1.jpeg,,"A finely detailed Gongbi painting of a noble Tang Dynasty lady taking a stroll in the imperial garden. She looks elegant and calm.

She is holding a gold leash. At the end of the leash is a terrifying **Xenomorph monster (from the movie Alien)**. However, the Xenomorph is wearing a **cute pink silk vest** and is behaving like a well-trained dog.

Background features peonies and butterflies.

**In the bottom right corner, a single red vertical artist chop seal reads ""吴先生"" (Mr. Wu), stylized like a watermark.** --ar 3:4",https://opennana.com/awesome-prompt-gallery/tang-lady-walking-xenomorph
高端AI演示平台封面设计,https://img.opennana.com/prompts/assets/202604/1776788069815-r8feni4l-1776788071547-1.jpeg,"Create a premium 4:3 presentation cover slide introducing Chronicle, the AI-native presentation platform from http://chroniclehq.com.  

Style: 
elegant, minimal, modern, premium startup aesthetic. Similar to high-end brand guideline covers (like Apple / Linear / Notion style). Soft gradient background with subtle depth, clean whitespace, refined typography, polished editorial layout.  

Main title: 
CHRONICLE  

Subtitle: 
AI PRESENTATION PLATFORM  

Body copy (small elegant text): 
Turn raw ideas into polished, high-impact presentations. 
Start from notes, docs, links, or existing decks. 
Generate beautiful, on-brand slides with AI. 
Edit freely on a flexible canvas. 
Export to PPT, PDF, or publish as a website.  

Feature highlights (small premium labels): 
STORY-FIRST 
ON-BRAND DESIGN 
AI EDITING 
FREEFORM CANVAS 
PPT EXPORT 
TEAM COLLABORATION  

Bottom-right elegant logo text: 
chronicle  

Visual feeling: 
business-class premium, strategy deck quality, consulting-grade presentation, slightly futuristic but highly professional.  

Composition: 
clean editorial balance, asymmetrical layout, strong whitespace, presentation software hero shot feeling.  

Aspect ratio: 
4:3  

Language: 
English only","创建一个高级的 4:3 演示文稿封面幻灯片，介绍来自 http://chroniclehq.com 的 AI 原生演示平台 Chronicle。  

Style: 
优雅，极简，现代，高级初创企业美学。类似于高端品牌指南封面（如 Apple / Linear / Notion 风格）。带有微妙深度感的柔和渐变背景，干净的留白，精致的排版，经过打磨的编辑式布局。  

Main title: 
CHRONICLE  

Subtitle: 
AI PRESENTATION PLATFORM  

Body copy (small elegant text): 
将原始想法转化为经过打磨的、高影响力的演示文稿。 
从笔记、文档、链接或现有幻灯片开始。 
使用 AI 生成美观的、符合品牌调性的幻灯片。 
在灵活的画布上自由编辑。 
导出为 PPT、PDF，或发布为网站。  

Feature highlights (small premium labels): 
STORY-FIRST 
ON-BRAND DESIGN 
AI EDITING 
FREEFORM CANVAS 
PPT EXPORT 
TEAM COLLABORATION  

Bottom-right elegant logo text: 
chronicle  

Visual feeling: 
商务级高级感，战略级幻灯片质量，咨询级演示文稿，略带未来感但高度专业。  

Composition: 
干净的编辑式平衡，不对称布局，强烈的留白，演示软件主视觉感。  

Aspect ratio: 
4:3  

Language: 
仅限英文",https://opennana.com/awesome-prompt-gallery/high-end-ai-presentation-cover
苏轼被贬首日朋友圈曝光,https://img.opennana.com/prompts/assets/202604/1776786409545-aaccxsl6-1776786437089-1.jpeg,Su Shi's first day of exile Xiaohongshu screenshot,,https://opennana.com/awesome-prompt-gallery/su-shi-exile-first-day
吉利银河暗黑中控界面,https://img.opennana.com/prompts/assets/202604/1776785168586-zxoua7pe-1776785174825-1.jpeg,"Help me generate a central control interface of Geely Galaxy M9, size 21:9, dark color scheme.",帮我生成一个吉利银河m9的中控界面，尺寸为21:9，暗色系,https://opennana.com/awesome-prompt-gallery/geely-galaxy-dark-dashboard
亚马逊详情图设计,https://img.opennana.com/prompts/assets/202604/1776785160503-te2u57in-1776785167809-1.jpeg,Generate a set of Amazon A+= detail images,,https://opennana.com/awesome-prompt-gallery/amazon-detail-images
蒸汽朋克射手座解剖图谱,https://img.opennana.com/prompts/assets/202604/1776785000833-gvh4ksh1-1776785125448-1.jpeg,"(Steampunk Scientific Illustrator) You are a professional vintage steampunk anatomy atlas designer, specializing in constellation mechanical structure popular science posters. Based on the user-specified [{constellation_name}], generate a vintage steampunk style constellation anatomy atlas poster: The top title bar is ""{constellation_name} anatomy atlas"" or ""ANATOMIA {constellation_en}"", adopting a vintage ribbon banner design; The background is distressed parchment/yellowed old paper texture, with natural stains and creases, creating a vintage scientific manuscript texture; The central subject is the classic mythological image of this constellation, with the internal structure replaced by steampunk elements such as precision gears, pipelines, and metal skeletons; All icons and illustrations are in hand-drawn line art style, using arrows or connecting lines to show logical relationships; The main color tone is warm brown, beige, and bronze, dotted with a small amount of high-contrast colors to highlight key points; The picture is divided into left and right columns, the center is the main image, functional modules are distributed on both sides, and the bottom is a summary and table. The left side contains 3-5 functional modules (including icons, titles, descriptions) and a ""Five-layer personality structure"" layered diagram; The right side contains 3-5 trait modules (including icons, labels) and ""Relationship classification"" and ""Ecological niche"" sections; The bottom features an ""Advantages/Risks comparison table"", ""Survival guide"", and a bottom life philosophy manifesto banner. Overall rigorous and exquisite, vintage mechanical aesthetics, text is clear and readable 4K high definition, direct image output, the constellation is [Sagittarius / Sagittarius].",（Steampunk Scientific Illustrator）你是一位专业复古蒸汽朋克解剖图谱设计师，擅长星座机械结构科普海报。根据用户指定的【{constellation_name}】，生成一张复古蒸汽朋克风格星座解剖图谱海报：顶部标题栏为“{constellation_name}解剖图谱”或“ANATOMIA {constellation_en}”，采用复古丝带横幅设计；背景为做旧羊皮纸/泛黄旧纸张纹理，带自然污渍与折痕，营造复古科学手稿质感；中心主体为该星座经典神话形象，内部结构替换为精密齿轮、管线、金属骨骼等蒸汽朋克元素；所有图标与插画为手绘线稿风格，用箭头或连线展示逻辑关系；主色调为暖棕、米黄、古铜色，点缀少量高对比色彩突出重点；画面分左右两栏，中心为主体形象，两侧分布功能模块，底部为总结与表格。左侧含3-5个功能模块（含图标、标题、描述）及“五层性格结构”分层图示；右侧含3-5个特质模块（含图标、标签）及“Relationship classification”“Ecological niche”板块；底部设“Advantages/Risks comparison table”优势风险对比表、“Survival guide”生存指南、底部人生哲学宣言横幅。整体严谨精致、复古机械美学，文字清晰可读 4K高清，直接出图，星座为【射手座 / Sagittarius】。,https://opennana.com/awesome-prompt-gallery/steampunk-sagittarius-anatomy
荒诞超现实女装大叔海报,https://img.opennana.com/prompts/assets/202604/1776784715622-867bhbjf-1776784740576-1.jpeg,"A movie poster featuring a seemingly realistic yet subtly bizarre cross-dressing older man, 4 variations. Reaching the level of a professional designer's production. The project and setting itself is a surreal animation of the ""Are they really making a movie out of this?"" kind, serious yet irresistibly funny. The title and broadcast information should also be displayed in Japanese.",一个看似真实却微妙地古怪的女装大叔出现的电影海报，4 种。达到专业设计师制作的水平。 企划和设定本身就是那种“这种东西真要拍成电影吗？”的、认真却忍不住想笑的超现实动画。 标题和播出信息也要用日文显示的状态。,https://opennana.com/awesome-prompt-gallery/absurd-surreal-crossdressing-poster
潮流视角重塑精致商品广告,https://img.opennana.com/prompts/assets/202604/1776784676278-ik008qqq-1776784699287-1.jpeg,"Please redesign this product advertisement from the perspective of a professional designer. Adopt current fashion trends, exquisite design targeting the target audience.","请以专业设计师的视角重新设计这个商品广告。
采用当前的潮流趋势，针对目标受众的精致设计。",https://opennana.com/awesome-prompt-gallery/trendy-perspective-product-ad
千禧年日系校园喜剧场景,https://img.opennana.com/prompts/assets/202604/1776786166493-lfx79w9u-1776786169166-1.jpeg,2000s Japanese TV drama comedy scene aimed at middle school students,,https://opennana.com/awesome-prompt-gallery/2000s-japanese-school-comedy
一张中文健身信息图,https://img.opennana.com/prompts/assets/202604/1776786026785-wy7iele5-1776786032073-1.jpeg,,"请生成一张中文健身信息图，主题为：【xxx】。 

要求这张图既专业又实用，适合普通成年人作为训练参考。默认对象为无严重伤病的健康成年人；如果没有额外说明，默认训练目标为“增肌 + 基础力量提升”，默认训练水平为“新手到中级之间”，默认训练场景为“普通健身房”，默认单次训练时长控制在 40–60 分钟内。

请根据【训练主题】自动判断输出类型：

1）如果【训练主题】是某个肌群或身体部位（例如：胸肌、背阔肌、肱二头肌、腹肌、肩部、腿部等），请输出一张“该部位训练计划信息图”。
2）如果【训练主题】是某个动作或技能目标（例如：引体向上、俯卧撑、双杠臂屈伸、深蹲等），请输出一张“动作解锁 / 进阶训练计划信息图”。

整张图请采用清晰、现代、专业、易读的中文信息图风格，竖版排版，视觉简洁，重点突出，适合社交媒体分享或训练参考卡片。不要写成长篇大论，每个模块用简洁短句呈现，数字信息要醒目。

这张信息图必须包含以下内容：

【A. 标题区】
- 主标题：直接写【训练主题】训练计划 / 解锁计划
- 副标题：自动补充适用人群、目标、训练场景、建议时长
例如：适合新手 / 增肌导向 / 健身房版 / 45分钟

【B. 训练目标区】
用简洁语言说明：
- 这次训练主要针对什么
- 主要目标是什么（增肌 / 力量 / 技能解锁 / 核心控制等）
- 本次训练的重点刺激或能力提升方向

【C. 热身区】
给出 2–4 个热身建议，简洁列出即可，例如：
- 动态活动
- 目标肌群激活
- 轻重量预热组
每项可附一句说明

【D. 主训练区】
这是核心部分，请列出 4–6 个主要训练动作。
每个动作都要包含以下信息：
- 动作名称
- 训练作用 / 针对部位
- 组数 × 次数（或时间）
- RIR 建议
- 每组间休息时间
- 动作关键要点（1–2 条）
- 常见错误（1 条即可）

请确保动作安排合理：
- 先复合动作，后孤立动作
- 整体训练量适中
- 新手不要安排过度极限训练
- 主动作通常建议 RIR 1–3
- 孤立动作可建议 RIR 0–2
- 如果是腹肌或核心类动作，可用“秒数 / 次数”形式
- 如果是技能类动作，请优先安排“前置能力动作 + 过渡动作 + 目标动作尝试”

【E. 进阶 / 解锁逻辑区】
根据主题自动生成：
- 如果是肌群训练：写“如何渐进超负荷”，例如达到次数上限后再加重量、优先保证动作标准等
- 如果是动作解锁：写“分阶段进阶路径”，例如从悬垂、肩胛引体、离心训练、弹力带辅助，到标准动作完成

【F. 替代动作区】
请给出 2–3 个替代动作，适用于以下情况：
- 没有器械
- 家庭训练
- 当前能力不足
- 某些动作做不了

【G. 执行提醒区】
请给出 4–6 条简洁提醒，例如：
- 动作标准优先于重量
- 不要每组都练到力竭
- 同肌群建议间隔 48–72 小时
- 疼痛不等于正常发力
- 睡眠不足时可适当减少训练量

【H. 恢复建议区】
简洁说明：
- 训练后恢复重点
- 蛋白质 / 睡眠 / 恢复间隔建议
- 1 句风险提醒（如有明显疼痛应停止并评估）

【I. 视觉设计要求】
- 整体为单页中文信息图
- 竖版排版
- 风格现代、清爽、专业、健身感强
- 使用模块化卡片布局
- 重点数字（组数、次数、RIR、休息）要醒目
- 可加入简洁的人体肌群图标、哑铃、杠铃、引体向上等小图标
- 颜色保持高级、干净、有运动感
- 中文文字必须清晰、准确、易读
- 避免过多装饰，强调实用性与执行性

请最终输出为“一张完整的信息图内容”，而不是只给普通段落文字。",https://opennana.com/awesome-prompt-gallery/draw-chinese-fitness-infographic
杜甫朋友圈吐槽茅屋被掀翻,https://img.opennana.com/prompts/assets/202604/1776786418205-6j6qle8q-1776786444619-1.jpeg,Du Fu posting on WeChat Moments complaining about his roof being blown away by the wind,,https://opennana.com/awesome-prompt-gallery/du-fu-wechat-moments-roof-blown
武则天发微博自拍太魔性了,https://img.opennana.com/prompts/assets/202604/1776786414068-mzh7pqdr-1776786444836-1.jpeg,"Wu Zetian taking a selfie, registering and posting on Weibo.",,https://opennana.com/awesome-prompt-gallery/wu-zetian-weibo-selfie
奇幻RPG百件像素风道具图鉴,https://img.opennana.com/prompts/assets/202604/1776786529407-3rza58ia-1776786553769-1.jpeg,"Create a 10 × 10 grid of 100 different fantasy RPG items rendered in classic pixel art style (16-bit or 32-bit sprite aesthetic, reminiscent of SNES/GBA-era JRPGs). Each item should appear in its own square tile with a short clear label underneath. Keep the grid neat on a white background. Make every item visually distinct and every label correctly spelled. Use crisp pixel edges, limited palette per sprite, and subtle dithering for shading.
Use these row themes:
Row 1: swords and blades
Row 2: shields and armor
Row 3: bows, crossbows, and ranged weapons
Row 4: staves, wands, and magical foci
Row 5: potions, elixirs, and flasks
Row 6: scrolls, tomes, and spellbooks
Row 7: rings, amulets, and enchanted trinkets
Row 8: helmets, crowns, and headgear
Row 9: keys, relics, and quest items
Row 10: gems, runes, and crafting materials
Show each tile as a centered item sprite on a clean background square, rendered as a classic inventory icon — the kind you'd see in a fantasy RPG menu. Keep the overall style consistent, cohesive, and reminiscent of beloved retro fantasy RPGs — charming, detailed, and instantly readable at small sizes.","创建一个包含100种不同奇幻RPG物品的10×10网格，以经典像素艺术风格渲染（16位或32位精灵图美学，让人联想到SNES/GBA时代的日式RPG）。每个物品应出现在其独立的方形瓷砖中，下方带有简短清晰的标签。在白色背景上保持网格整洁。使每个物品在视觉上都有所区分，并且每个标签拼写正确。使用清晰的像素边缘、每个精灵图有限的调色板，以及用于阴影的微妙抖动。
使用这些行主题：
第1行：剑与刀刃
第2行：盾牌与盔甲
第3行：弓、弩与远程武器
第4行：法杖、魔杖与魔法焦点
第5行：药水、灵药与烧瓶
第6行：卷轴、典籍与法术书
第7行：戒指、护身符与附魔小饰品
第8行：头盔、王冠与头饰
第9行：钥匙、遗物与任务物品
第10行：宝石、符文与制作材料
将每个瓷砖显示为干净背景方形上居中的物品精灵图，渲染为经典的库存图标——你在奇幻RPG菜单中会看到的那种。保持整体风格一致、连贯，并让人联想到备受喜爱的复古奇幻RPG——迷人、细节丰富，且在小尺寸下易于辨认。",https://opennana.com/awesome-prompt-gallery/fantasy-rpg-pixel-items
韩系极简氛围感少女写真,https://img.opennana.com/prompts/assets/202604/1776786571931-e6so9kf2-1776786580549-1.jpeg,"9:16 vertical — editorial portrait, single subject  soft black mist filter, subtle haze, gentle highlight bloom, muted tones  minimal indoor space, clean background, slight texture  young Korean woman, minimal makeup, natural skin texture  outfit: fitted ribbed knit top or soft camisole layered under a loose shirt, paired with high-waisted shorts or skirt; fabric slightly clings to body shape, soft and natural, no revealing elements  hair: slightly messy, natural volume  pose: sitting on floor with one leg bent and the other relaxed, body slightly leaning, shoulders not aligned, head tilted  composition: subject slightly off-center, negative space present  expression: calm, slightly distant, natural lips  lighting: soft side light, gentle shadow falloff  mood: understated, quiet, subtly sensual through natural body lines, relaxed and unposed  quality: fine grain, slight softness, realistic look",9:16 竖版 — 杂志人像，单一主体  柔和的黑色迷雾滤镜，微妙的薄雾，柔和的高光泛光，柔和的色调  极简的室内空间，干净的背景，轻微的纹理  年轻韩国女性，淡妆，自然的皮肤纹理  服装：贴身的罗纹针织上衣或柔软的吊带背心叠穿在宽松衬衫下，搭配高腰短裤或裙子；面料轻微贴合身体曲线，柔软自然，无暴露元素  头发：略显凌乱，自然的蓬松度  姿势：坐在地板上，一条腿弯曲，另一条腿放松，身体微微倾斜，肩膀不对称，头部倾斜  构图：主体略微偏离中心，存在留白  表情：平静，略显疏离，自然的嘴唇  光线：柔和的侧光，温和的阴影衰减  氛围：低调，安静，通过自然的身体线条展现微妙的性感，放松且非摆拍  画质：细腻颗粒，轻微的柔和感，写实外观,https://opennana.com/awesome-prompt-gallery/korean-minimalist-portrait
暗黑极简头像网站视觉设计,https://img.opennana.com/prompts/assets/202604/1776787619030-svh7qint-1776787621892-1.jpeg,"In the style of ABCD (a black cover design), design a VI system for Tu Ni Tai Mei. Tu Ni Tai Mei is an avatar and beauty photo sharing website.",用 ABCD（a black cover design) 的风格，为 图你太美 设计一个 vi 系统。图你太美是一个头像美图分享 网站。,https://opennana.com/awesome-prompt-gallery/dark-minimal-avatar-vi
清新夏日女装连衣裙电商展示,https://img.opennana.com/prompts/assets/202604/1776787243471-rqnw5jz4-1776787246313-1.jpeg,Summer women's dress e-commerce detail image,,https://opennana.com/awesome-prompt-gallery/summer-womens-dress-display
全自动咖啡机产品展示,https://img.opennana.com/prompts/assets/202604/1776787247636-f7emaylv-1776787249099-1.jpeg,Fully automatic coffee machine e-commerce detail image,,https://opennana.com/awesome-prompt-gallery/fully-automatic-coffee-machine
史诗级科幻电影海报设计,https://img.opennana.com/prompts/assets/202604/1776787094669-nebik6bz-1776787149234-1.jpeg,Create a Science fiction movie poster,,https://opennana.com/awesome-prompt-gallery/epic-sci-fi-movie-poster
未来科技感AI智能眼镜详情页,https://img.opennana.com/prompts/assets/202604/1776787222335-d3r7ciyk-1776787251238-1.jpeg,AI smart glasses e-commerce detail image,,https://opennana.com/awesome-prompt-gallery/futuristic-ai-smart-glasses-detail
千手观音化身打工人,https://img.opennana.com/prompts/assets/202604/1776788160435-r9hkzzqc-1776788164587-1.jpeg,,"A highly detailed Gongbi painting of the Bodhisattva ""Guanyin of a Thousand Hands"".

However, instead of sacred religious artifacts, the thousand hands are holding modern office and household items: **laptops, smartphones, stacks of paperwork, coffee cups, stamps, calculators, mops, and baby bottles**. It represents the ultimate multi-tasking modern worker.

The golden aura behind the head is made of spinning clock gears.

**In the bottom right corner, a single red vertical artist chop seal reads ""吴先生"" (Mr. Wu), stylized like a watermark.** --ar 3:4",https://opennana.com/awesome-prompt-gallery/guanyin-modern-worker
健身蛋白粉电商详情页,https://img.opennana.com/prompts/assets/202604/1776787036433-joama245-1776787064875-1.jpeg,Fitness protein powder e-commerce detail image,,https://opennana.com/awesome-prompt-gallery/fitness-protein-powder-detail
超写实与水墨的梦幻融合,https://img.opennana.com/prompts/assets/202604/1776786791629-iw3f1u23-1776786832047-1.jpeg,"A dynamic mixed-media photograph blending hyper-realistic portraiture with traditional Chinese ink illustration.

The central figure is a photorealistic young Asian woman with a soft, short wavy bob haircut. Her makeup is natural and minimal, with a calm and gentle expression. She stands with her back to the camera in an elegant S-curve posture, creating a graceful and flowing silhouette. She slightly turns her upper body to glance over her shoulder with a quiet, introspective mood.

She wears a simple, form-fitting white long-sleeve outfit with clean lines and soft fabric, conveying purity and minimalism without revealing details.

She is placed in a real-world indoor setting near a sunlit window. The background is heavily blurred with strong bokeh and shallow depth of field, creating a dreamy and atmospheric environment.

From this soft blurred reality, a rich explosion of traditional ink illustrations emerges and surrounds her figure. The composition includes:

- Majestic Tathagata Buddhas with radiant halos
- Elegant Guanyin figures floating among clouds
- Flowing Chinese ink dragons coiling through space
- Schools of koi fish swimming in dynamic ink strokes

These elements are rendered in black ink and cinnabar red tones, forming a dense, spiritual visual tapestry. The ink flows organically around her, partially overlapping and blending into her silhouette, creating a seamless fusion between reality and myth.

No outlines or sticker effects. The integration is natural, fluid, and immersive.

Style: cinematic photography, ultra-detailed, 8k, soft lighting, high contrast between reality and ink art, fine art composition, museum-level aesthetic
Aspect ratio: 3:4","一张动态的混合媒体摄影作品，将超写实肖像与传统的中国水墨插画相融合。

中心人物是一位具有柔和短波波头短发造型的照片般逼真的年轻亚洲女性。她的妆容自然且极简，表情平静而温柔。她背对相机站立，姿态呈现出优雅的S型曲线，营造出优美流畅的剪影。她微微转动上半身，越过肩膀回眸，带着一种安静、内省的情绪。

她穿着一件简约、修身的白色长袖服装，线条干净，面料柔软，传达出纯洁与极简主义，不显露细节。

她被置于一个靠近阳光明媚窗户的真实世界室内环境中。背景被严重模糊，具有强烈的散景和浅景深，营造出梦幻且充满氛围的环境。

从这种柔和模糊的现实之中，爆发出丰富的传统水墨插画，并环绕着她的身形。构图包括：

- 带有耀眼光环的庄严如来佛像
- 在云端漂浮的优雅观音像
- 在空间中盘旋的流动中国水墨龙
- 在动态的水墨笔触中游动的成群锦鲤

这些元素以黑墨和朱红色调渲染，形成一幅密集的、具有精神力量的视觉织锦。水墨在她周围有机地流动，部分重叠并融入她的剪影之中，在现实与神话之间创造出无缝的融合。

没有轮廓线或贴纸效果。融合是自然、流畅且沉浸式的。

风格：电影级摄影，超精细，8k，柔光，现实与水墨艺术之间的高对比度，美术构图，博物馆级美学
宽高比：3:4",https://opennana.com/awesome-prompt-gallery/realistic-ink-dream-fusion
试卷上的涂鸦巨龙,https://img.opennana.com/prompts/assets/202604/1776786702887-7u2psqb2-1776786734879-1.jpeg,,"A colossal [SUBJECT], massive scale, towering presence,
a gigantic entity far beyond human size, overwhelming and oppressive,

drawn with extremely dense chaotic scribble lines,
ultra-dense overlapping pen strokes, tangled and chaotic linework,

on top of a real printed English/Chinese textbook or exam paper page,
visible text, layout, and paper texture clearly showing through,

ballpoint pen drawing style, fine ink lines, messy layered strokes,
no clean outlines, everything constructed from chaotic scribbles,

dark and muted base tones (black, deep indigo, dark violet),
with subtle low-saturation neon accents (blue, cyan, purple),

selective bioluminescent glow only in key areas (eyes, core, cracks, veins),
not overall brightness,

organic or mechanical textures depending on subject,
intricate details, complex surface patterns,

form emerging from chaos,
high-density center, edges dissolving into loose scribbles,

sense of scale emphasized by tiny human silhouette near the subject,

semi-transparent layers, depth created by line density,
raw, imperfect, noisy, energetic hand-drawn feeling,

slightly eerie, surreal, mysterious atmosphere,
mixed media illustration, scribble art,

extremely detailed, high contrast between dark mass and glowing accents,
masterpiece, ultra detailed

主体：巨龙",https://opennana.com/awesome-prompt-gallery/doodle-dragon-on-exam
英雄联盟特朗普中路对决哈梅内伊,https://img.opennana.com/prompts/assets/202604/1776784419460-3h6bx4ja-1776784429423-1.jpeg,Help me generate a screenshot of Trump versus Khamenei in the mid lane in League of Legends.,帮我生成一张特朗普对战哈梅内伊在英雄联盟中路对线的截图。,https://opennana.com/awesome-prompt-gallery/lol-trump-khamenei-mid-lane
苍白陶瓷娃娃沙滩仰视,https://img.opennana.com/prompts/assets/202604/1776784036342-aty6sen1-1776784051347-1.jpeg,"{
  ""cameraParameters"": {
    ""deviceType"": ""iPhone 15 Pro front selfie"",
    ""lens"": ""24mm"",
    ""composition"": ""High angle POV (first-person perspective)"",
    ""postProcessing"": ""Computational photography style, clear digital readout, deep depth of field""
  },
  ""subjectDescription"": {
    ""features"": ""Porcelain doll aesthetic, flawless pale skin, huge ice-blue eyes, small nose, slightly upturned natural-colored lips"",
    ""expression"": ""Expressionless, hollow, wide-eyed staring"",
    ""styling"": ""Platinum blonde tight double braids hairstyle, vibrant blue nail polish"",
    ""clothing"": ""Light blue tight stretch cotton top, extremely deep ultra-wide V-neck, deep collarbone and neckline"",
    ""action"": ""Looking up at the camera, blocking the glaring sunlight with one hand""
  },
  ""environmentAndLighting"": {
    ""scene"": ""Vast sandy beach, blurry horizon in the background"",
    ""lighting"": ""High-key bright coastal daylight, 5500K color temperature, strong white sand reflection fill, even lighting"",
    ""texture"": ""Slightly dewy poreless skin, fine reflective white sand particles""
  },
  ""technicalConstraints"": {
    ""colorScience"": ""Soft pastel tones, linear neutral colors, high exposure"",
    ""negativePrompts"": [
      ""Heavy shadows"",
      ""Snow"",
      ""Winter clothing"",
      ""Red nails"",
      ""Black top"",
      ""Conservative neckline"",
      ""Film grain""
    ]
  }
}","{
  ""相机参数"": {
    ""设备类型"": ""iPhone 15 Pro 前置自拍"",
    ""镜头"": ""24mm"",
    ""构图"": ""高角度 POV（第一人称视角）"",
    ""后期处理"": ""计算摄影风格，清晰的数字读出，深景深""
  },
  ""主体描述"": {
    ""特征"": ""陶瓷娃娃审美，无瑕的苍白皮肤，巨大的冰蓝色眼睛，小巧的鼻子，翘起的自然色嘴唇"",
    ""表情"": ""面无表情，空洞，瞪大眼睛注视"",
    ""造型"": ""白金色的双紧辫发型，鲜艳的蓝色美甲"",
    ""服装"": ""浅蓝色紧身弹力棉上衣，极深超宽 V 领，深邃锁骨与领口线"",
    ""动作"": ""抬头仰视镜头，用一只手遮挡刺眼的阳光""
  },
  ""环境与灯光"": {
    ""场景"": ""广阔的沙滩，背景中模糊的海平线"",
    ""灯光"": ""高调明亮的沿海日光，5500K 色温，强烈的白沙反光填充，均匀照明"",
    ""质感"": ""微带露水的无孔皮肤，细腻的反光白沙颗粒""
  },
  ""技术约束"": {
    ""色彩科学"": ""柔和的粉彩色调，线性中性色，高曝光"",
    ""负面提示词"": [
      ""重阴影"",
      ""雪"",
      ""冬装"",
      ""红指甲"",
      ""黑色上衣"",
      ""保守的领口"",
      ""胶片颗粒感""
    ]
  }
}",https://opennana.com/awesome-prompt-gallery/pale-porcelain-doll-beach
超写实海滩高角度手机自拍,https://img.opennana.com/prompts/assets/202604/1776784067759-0ren48pp-1776784094635-1.jpeg,"{
  Ultra-realistic iPhone 15 Pro front-camera selfie of an adult woman on a bright beach,
  photographed from a raised-arm high-angle selfie perspective. The phone is held slightly above her face,
  creating natural front-camera geometry with mild 24mm equivalent wide-angle distortion,
  realistic facial proportions,
  and deep smartphone depth of field. She tilts her chin upward and looks directly toward the phone lens while shielding harsh sunlight with one hand. Her expression is neutral,
  blank,
  and slightly distant,
  with wide attentive eyes but anatomically realistic eye size and natural facial proportions.\n\nShe has very light platinum-blonde hair styled in two tight braids,
  pale skin with real photographic skin texture,
  visible pores,
  subtle peach fuzz,
  faint under-eye texture,
  natural lip texture,
  and a soft sunlit sheen rather than airbrushed perfection. Her lips are naturally toned and slightly full,
  her nose is small and refined but realistic. Her nails are vivid blue. She wears a light blue fitted stretch-cotton top with a very deep wide neckline that reveals pronounced collarbones and upper chest structure in a natural,
  non-stylized way.\n\nThe setting is a wide coastal beach under strong late-morning sunlight,
  with a softly blurred horizon line in the background. The lighting is bright,
  high-key coastal daylight around 5500K,
  with strong white sand bounce filling the shadows evenly from below and around the face. Skin is illuminated by direct sun plus broad soft reflected fill from the beach,
  producing crisp but realistic highlights without harsh contrast. Fine grains of bright sand catch light subtly. The overall image should feel like a real high-exposure smartphone selfie taken outdoors in intense seaside light.\n\nColor rendering should be soft,
  clean,
  and modern,
  with neutral-to-pastel tones,
  realistic iPhone computational photography,
  slightly elevated exposure,
  controlled highlight rolloff,
  natural skin color,
  and no cinematic grading. Prioritize realism,
  physical accuracy,
  believable anatomy,
  and true smartphone image behavior over beauty stylization."", ""negative_prompt"": ""anime,
  doll face,
  porcelain skin,
  poreless skin,
  plastic skin,
  CGI,
  3D render,
  surreal eyes,
  oversized eyes,
  fantasy beauty,
  airbrushed retouching,
  heavy makeup,
  glamour lighting,
  dramatic shadows,
  film grain,
  snow,
  winter clothing,
  black top,
  red nails,
  conservative neckline,
  studio backdrop,
  artificial blur,
  warped hands,
  deformed fingers,
  malformed face,
  symmetry perfection,
  beauty filter,
  uncanny skin smoothing"" }","{
  超写实iPhone 15 Pro前置摄像头自拍，
  一位成年女性在明亮的沙滩上，
  从举臂高角度自拍视角拍摄。手机略微举在脸部上方，
  营造出自然的前置摄像头几何形态，
  带有轻微的等效24mm广角畸变，
  写实的面部比例，
  以及智能手机的深景深。她向上抬起下巴，
  一只手遮挡刺眼的阳光，
  同时直视手机镜头。她的表情中性，
  面无表情，
  且略带疏离感，
  眼睛大而专注，
  但在解剖学上具有真实的眼部尺寸和自然面部比例。\n\n她有着极浅的铂金色头发，
  梳成两条紧紧的辫子，
  苍白的皮肤带有真实摄影的皮肤纹理，
  可见的毛孔，
  细微的绒毛，
  淡淡的眼下纹理，
  自然的唇部纹理，
  以及柔和的阳光光泽，
  而不是磨皮后的完美无瑕。她的嘴唇是自然色调且略丰满，
  她的鼻子小巧精致但很写实。她的指甲是鲜艳的蓝色。她穿着一件浅蓝色紧身弹力棉上衣，
  领口非常深且宽，
  以自然、 非风格化的方式露出突出的锁骨和上胸结构。\n\n背景是宽阔的海岸沙滩，
  在强烈的上午晚些时候的阳光下，
  背景中有一条柔和模糊的地平线。光线明亮，
  色温约5500K的高调海岸日光，
  强烈的白色沙子反光从下方和脸部周围均匀地填充阴影。皮肤被直射阳光加上海滩宽阔柔和的反射补光照亮，
  产生清脆但写实的高光，
  没有生硬的对比。明亮沙子的细小颗粒微妙地捕捉光线。整体图像应该感觉像是在强烈的海边光线下在户外拍摄的真正高曝光智能手机自拍。\n\n色彩渲染应该是柔和、 干净、 且现代的，
  带有中性至柔和的色调，
  写实的iPhone计算摄影，
  略微提高的曝光，
  受控的高光过渡，
  自然的肤色，
  没有电影级调色。优先考虑写实性、 物理准确性、 可信的解剖结构，
  以及真实的智能手机图像表现，
  而不是美化风格化。"", ""negative_prompt"": ""动漫，
  洋娃娃脸，
  瓷器皮肤，
  无毛孔皮肤，
  塑料皮肤，
  CGI，
  3D渲染，
  超现实眼睛，
  过大的眼睛，
  奇幻美，
  磨皮精修，
  浓妆，
  魅力光，
  戏剧性阴影，
  胶片颗粒，
  雪，
  冬装，
  黑色上衣，
  红指甲，
  保守领口，
  影棚背景，
  人造模糊，
  扭曲的手，
  变形的手指，
  畸形的脸，
  对称完美，
  美颜滤镜，
  惊悚的皮肤平滑"" }",https://opennana.com/awesome-prompt-gallery/ultra-realistic-beach-selfie
热度爆表的美女内衣直播间,https://img.opennana.com/prompts/assets/202604/1776784178975-lqq86ev9-1776784191418-1.jpeg,"Generate a screenshot of a Douyin live stream featuring a beautiful woman live streaming, selling pantyhose and underwear, her online viewer count is 99996, the popularity rating is 18+, a big brother named Xiao Hu sent her an airplane gift",生成一个抖音直播的截图 里面是一个美女在直播，在卖丝袜和内衣，她的在线人数是99996，热度是18+，有个叫小互的大哥，给她刷了一个飞机礼物,https://opennana.com/awesome-prompt-gallery/viral-beauty-underwear-live
三甲医院真实门诊处方笺,https://img.opennana.com/prompts/assets/202604/1776784101572-xn2cmgry-1776784128946-1.jpeg,"An outpatient prescription sheet from a Grade 3A hospital, doctor's illegible handwriting, containing realistic and reasonable diagnosis, drug names, dosages, with a doctor's signature and department stamp in the bottom right corner.",一张三甲医院的门诊处方笺，医生潦草的手写字，包含真实合理的 诊断、药品名、剂量，右下角有医生签名和科室章。,https://opennana.com/awesome-prompt-gallery/grade-3a-outpatient-prescription
宅男必看绝美二次元少女,https://img.opennana.com/prompts/assets/202604/1776783884060-crcvvfv2-1776783890610-1.jpeg,Generate high-quality beautiful girl (otaku must-have),,https://opennana.com/awesome-prompt-gallery/otaku-must-see-anime-girl
杠精视角的独特文案创意,https://img.opennana.com/prompts/assets/202604/1776783875218-qz2tjfc6-1776783881176-1.jpeg,Troll perspective copywriting + GPT Image 2,,https://opennana.com/awesome-prompt-gallery/troll-perspective-copywriting
智能动画分镜生成器,https://img.opennana.com/prompts/assets/202604/1776783869052-cuva8qaz-1776783877933-1.jpeg,Generate an animation storyboard generator,,https://opennana.com/awesome-prompt-gallery/animation-storyboard-generator
皇宫深处的御用快递驿站,https://img.opennana.com/prompts/assets/202604/1776783863662-ghn5u66w-1776783872036-1.jpeg,Generate an ancient imperial palace × express delivery station,,https://opennana.com/awesome-prompt-gallery/imperial-palace-express-station
国风工笔八仙长卷插画,https://img.opennana.com/prompts/assets/202604/1776783722610-qq5m7e0q-1776783734485-1.jpeg,"(Guofeng scroll illustrator) You are a top Chinese traditional Gongbi figure painter, skilled in painting classic character group portraits into long-scroll-style encyclopedia posters. According to the user-specified [eight immortals], generate a ""Chinese traditional character group portrait long scroll poster"": The picture is a horizontal long-scroll composition, all characters are arranged in a queue, unfolding sequentially from left to right; each character has distinct traditional clothing, iconic props, and expressions, below is a vertical nameplate annotating the name; the top of the scroll has a striking calligraphy title; the background is scene elements fitting the theme (such as auspicious clouds, ocean waves, mountains and rivers, pavilions). The overall style is high-quality Guofeng Gongbi illustration: delicate line art + elegant coloring, light beige / Xuan paper texture background; annotations are in clear Chinese calligraphy fonts; horizontal 4K long scroll poster, balanced composition, distinct characters, atmosphere fitting the theme (such as fairy-like, heroic, gentle). Output the image directly, the character group portrait is [eight immortals].",（国风卷轴插画师）你是一位顶尖的中国传统工笔人物画师，擅长将经典人物群像绘制成长卷式百科海报。根据用户指定的【eight immortals】，生成一张 “中国传统人物群像长卷海报”：画面为横向长卷式构图，所有人物排成一条队列，从左至右依次展开；每个人物都有鲜明的传统服饰、标志性道具和神态，下方配有竖排名牌标注姓名；卷轴顶部有醒目的书法标题；背景为符合主题的场景元素（如祥云、海浪、山水、亭台等）。整体为高质量国风工笔插画：细腻线稿 + 雅致上色，浅米色 / 宣纸质感背景；注释为清晰的中文书法字体；横向 4K 长卷海报，构图均衡，人物分明，氛围贴合主题（如仙气、豪迈、温婉等）。直接出图，人物群像为【eight immortals】。,https://opennana.com/awesome-prompt-gallery/guofeng-gongbi-eight-immortals
黑神话潘金莲绝美游戏封面,https://img.opennana.com/prompts/assets/202604/1776783314099-e9xsrhyu-1776783317635-1.jpeg,"Generate a game introduction screen for Black Myth: Pan Jinlian, the character is extremely charming.",生成一张黑神话·潘金莲的游戏介绍画面，人物十分的迷人,https://opennana.com/awesome-prompt-gallery/black-myth-pan-jinlian-cover
樱花树下害羞双马尾少女,https://img.opennana.com/prompts/assets/202604/1776783213825-go8euvql-1776783221725-1.jpeg,"Generate a high-quality anime beautiful girl image. 

 Character setting:

- Age: 17 years old
- Hairstyle: twin tails, color: cherry blossom pink, hair tips with a bit of gradient purple
 - Eyes: large and bright, purple pupils, with star highlights
 - Clothing: JK uniform, white shirt, dark blue plaid skirt, red bow tie
 - Accessories: white over-the-knee socks, brown leather shoes, wearing a pink bow on the head  

 Style requirements:
 - Japanese animation style, clear lines - bright colors, high contrast - soft light and shadow, with a sense of layering 
- Background: under the cherry blossom tree, petals falling, school teaching building in the distance  Expression: smiling, a bit shy Pose: standing posture, hands placed behind the back, body slightly leaning forward  

Proportion: 16:9 (mobile wallpaper) Quality: 8K, ultra-fine, rich in details","生成一张高质量二次元美少女图片。 

 角色设定：

- 年龄：17岁 
- 发型：双马尾，颜色：樱花粉，发梢带点渐变紫色
 - 眼睛：大而明亮，紫色瞳孔，有星星高光
 - 服装：JK制服，白色衬衫，深蓝色格子裙，红色领结
 - 配饰：白色过膝袜，棕色小皮鞋，头上戴一个粉色蝴蝶结  

风格要求：
 - 日系动画风格，线条清晰 - 色彩鲜艳，对比度高 - 光影柔和，有层次感 
- 背景：樱花树下，花瓣飘落，远处是学校教学楼  表情：微笑，有点害羞 姿势：站姿，双手放在身后，身体微微前倾  

比例：16:9（手机壁纸） 质量：8K，超精细，细节丰富",https://opennana.com/awesome-prompt-gallery/cherry-blossom-twin-tails-girl
神话三国枪战世界,https://img.opennana.com/prompts/assets/202604/1776783120175-mrj3x2nw-1776783122615-1.jpeg,"Imitating the style of Valorant, generate a Three Kingdoms mythological FPS game",模仿《无畏契约》的风格，生成一个三国神话的 FPS 游戏,https://opennana.com/awesome-prompt-gallery/mythological-three-kingdoms-gunfight
萌系大模型训练图解,https://img.opennana.com/prompts/assets/202604/1776783050495-hf6ae7jk-1776783053669-1.jpeg,Cute explanation of the large language model training process,,https://opennana.com/awesome-prompt-gallery/cute-llm-training
天坛古建拆解全图,https://img.opennana.com/prompts/assets/202604/1776782989344-465uezpx-1776782994541-1.jpeg,"Generate an architectural exploded view of the Temple of Heaven, with detailed annotations, Chinese aesthetic style",生成一个天坛的建筑拆解图，有详细的说明，中式美学风格,https://opennana.com/awesome-prompt-gallery/temple-of-heaven-exploded
专业设计师打造角色写真集,https://img.opennana.com/prompts/assets/202604/1776782883300-p64dzlag-1776782886534-1.jpeg,"Please use this character to create a photo book crafted by a professional designer. The language should be Japanese.

Adding prompts according to your preferences will make it more colorful and rich
・Rich scenes
・Large amount of information","请用这个角色制作一本专业设计师打造的照片集。语言为日语。  

根据喜好加入提示词会让它更丰富多彩…  
・丰富的场景  
・信息量较多",https://opennana.com/awesome-prompt-gallery/professional-designer-photobook
金瓶梅古风开放世界游戏截图,https://img.opennana.com/prompts/assets/202604/1776766454143-4cmguqvj-1776766456630-1.jpeg,Help me generate a screenshot of an ancient ARPG MMO open-world game themed around Jin Ping Mei.,帮我生成一个以《金瓶梅》为主题的古代 ARPG MMO 开放世界游戏的截图,https://opennana.com/awesome-prompt-gallery/jin-ping-mei-open-world
绘制金瓶梅知识图谱,https://img.opennana.com/prompts/assets/202604/1776766580229-3ohndgsn-1776766582702-1.jpeg,,"English
Role: World-class Scientific Encyclopedia Illustrator & Knowledge Graph Architect.

Task: Generate a highly detailed, extremely intricate, and visually stunning ""Universal Illustrated Encyclopedia Science Infographic"" in a classic, unbranded (NO logos) scientific encyclopedia style.

Subject Matter: Choose one from [People, Plants, or Animals]. 

Specific Subject: [e.g., The Giant Squid / Leonardo da Vinci / The Sequoia Tree].

Style: Fine, detailed scientific illustration on a retro, aged beige paper background. Delicate linework. Intricately complex and professional.

Key Visual Requirements:

1.  Lifelike 3D Effect (The Central Subject): The central subject in the ""C position"" must be rendered with extraordinary realism and dynamism. Create a dramatic sense of depth where the character, plant, or animal appears to break the frame, leaping or bursting out of the flat paper towards the viewer (an effect similar to anamorphic 3D or dynamic pop-out, with high-precision realism).

2.  Layout & Strategic White Space:
    * Central Subject: Dominates the center, with intentional ""strategic white space"" around it to enhance the popping-out effect and make the figure the clear focal point.
    * Surrounding Modules: The surrounding area (left, right, top, bottom, and corners) must be filled with 6-8 distinct, highly organized knowledge modules, depending on the subject. There should be a sense of organized density, not random clutter. The modules themselves must have clear borders, headers, and extensive, detailed content.

3.  Connections: Use a complex, logical network of fine leader lines, arrows, brackets, dotted lines, and small connection points to link the central figure to all surrounding modules, and interconnect the modules themselves into a cohesive knowledge web.

4.  Text & Annotation (Hard Requirement - Must be CLEAR Chinese):
    * Main Title: A large, prominent, beautifully executed **Chinese calligraphy** (书法体) of the specific subject's name [e.g., ""大王乌贼""].
    * Calligraphic Accents: Scattered throughout the main content and module titles, use beautiful, clear Chinese calligraphy for important terms.
    * Standard Chinese Text: All other descriptive text, handwritten notes (大量清晰中文手写注释), module content, and annotations must be clear, legible Chinese characters (简体中文), not gibberish or unreadable symbols. Ensure text clarity is prioritized.
    * Leader Line Annotations: Every single small component, detail, submodule, diagram, or illustration within the modules must have detailed leader line annotations (拟解剖图) pointing directly to it for maximum professionalism and educational value. Every part should be labeled.

Subject-Specific Module Structure (Example for general reference):

A. For Humans [People]:
   - Module 1: Anatomy & Skeletal Structure (w/ magnified cross-sections)
   - Module 2: Physiological Processes (e.g., Circulatory/Nervous System)
   - Module 3: Historical Context & Timeline (Key Achievements)
   - Module 4: Major Contribution Diagram (Detailed breakdown)
   - Module 5: Cognitive Process / Psychological Insight
   - Module 6: Genetic Profile / Evolution
   - Module 7: Global Influence & Cultural Impact
   - Module 8: Cultural Representations / Legacy

B. For Animals:
   - Module 1: Full External Sketch & Anatomy (w/ microscope magnified detail circular windows)
   - Module 2: Behavioral Patterns & Lifecycle (e.g., Mating/Migration, Flowchart style)
   - Module 3: Digestive & Skeletal System
   - Module 4: Habitats & Distribution Map (with environmental details)
   - Module 5: Unique Adaptations (e.g., camouflage, hunting tools)
   - Module 6: Evolutionary History & Relatives
   - Module 7: Symbiotic Relationships / Ecosystem Role
   - Module 8: Conservation Status & Human Interaction

C. For Plants:
   - Module 1: Full Plant Sketch & Anatomy (w/ magnified leaf/root details)
   - Module 2: Photosynthesis & Lifecycle Flow (w/ icons for environment)
   - Module 3: Cellular Structure (Magnified circular views)
   - Module 4: Medicinal Properties / Practical Applications (as in original original prompt)
   - Module 5: Environmental Adaptations / Unique Features
   - Module 6: Distribution Map & Environmental Context
   - Module 7: Genetic Variations & Cultivation
   - Module 8: Historical Usage & Folklore

Overall Composition: Extremely dense with information, organized into 6-8 structured modules, but balanced with strategic empty space around the center to allow the main, hyper-realistic figure to pop. Hard-core, professional, academic, but visually engaging due to the dynamic 3D central figure. No branding from any specific encyclopedia (e.g., no ""DK"" logos). All annotations must be legible. All handwritten notes must be clear. Main titles in Chinese calligraphy. Aspect Ratio: 3:4.

主题内容：潘金莲",https://opennana.com/awesome-prompt-gallery/jin-ping-mei-tupu
西方艺术演进像素博物馆,https://img.opennana.com/prompts/assets/202604/1776741242142-tlqwsihn-1776741245961-1.jpeg,"Create an ultra-high-detail isometric pixel art timeline illustration (3:4, 4K), integrating detail density, symbolism, and metaphor. The user-specified theme is [Western Art Development]. First, reason around Western Art Development to determine: the Chinese and English titles of the theme, the earliest and most recent historical periods covered, the starting stage label and the ending stage label, as well as 3-5 key evolution stages and their respective symbolic elements and color schemes. Then build an isometric ""Evolution Museum"" themed ""Western Art Development"", where each exhibition hall area represents an evolution stage, and spatial progression represents time evolution. Adopt a standard isometric perspective (2:1), rich layer depth, and smooth transitions. Allocate 3-5 symbolic elements strongly associated with the theme to each stage, and use differentiated colors to imply the flow of time. Integrate bilingual pixel font titles in the scene: Chinese ""[Theme Chinese] Evolution History"" and English ""EVOLUTION OF Western Art Development"", plus bilingual subtitles for the starting and ending stages and key time node markers. The overall style is professional and visually tense, suitable for academic analysis and comparative visualization, direct image output.","创作一张超高细节等距像素艺术时间线插画（3:4，4K），融合细节密度、象征性与隐喻。用户指定的主题为【Western Art Development】。

首先，围绕Western Art Development进行推理，确定：主题的中英文标题、涵盖的最早与最近历史时期、起始阶段标签与结束阶段标签，以及3-5个关键演进阶段及其各自的象征性元素与色彩方案。

然后构建一个以""Western Art Development""为主题的等距""演进博物馆""，每个展馆区域代表一个演进阶段，空间推进即代表时间演变。采用标准等距视角（2:1），丰富的层次深度与流畅过渡。每个阶段分配3-5个与主题强烈关联的象征元素，并用差异化色彩暗示时间流动。在场景中融入双语像素字体标题：中文""[主题中文]演进史""与英文""EVOLUTION OF Western Art Development""，加上起止阶段的双语副标题及关键时间节点标记。整体风格专业且具视觉张力，适合学术分析与对比可视化，直接出图。",https://opennana.com/awesome-prompt-gallery/western-art-pixel-museum
雅致图案四款时尚单品设计,https://img.opennana.com/prompts/assets/202604/1776737886849-rg2qpocb-1776737887640-1.png,"Use the patterns in the attached image, crafted by professional designers to create 4 fashion items, using different color schemes and layout designs, accompanied by outfit effect pictures. Highlight the beauty of the patterns with an elegant composition. The format is 2:3, hoping to specify the image generation model from duct-tape-1 to duct-tape-2, 3.",使用附图中的图案，由专业设计师打造 4 款时尚单品，采用不同的色彩搭配与排版设计，附带穿搭效果图。以雅致的构图凸显图案的美感。格式为 2:3，希望将图像生成模型从 duct-tape-1 指定为 duct-tape-2、3。,https://opennana.com/awesome-prompt-gallery/elegant-pattern-fashion-items
昏暗室内纯真少女的意外回眸,https://img.opennana.com/prompts/assets/202604/1776696509801-a8kg6eeh-1776696512076-1.jpeg,"{
  ""prompt"": {
    ""style_and_tech"": ""mobile phone photo, old CCD camera aesthetic, harsh flash, grainy, dim messy indoor lighting, candid snapshot feeling, slight motion blur"",
    ""subject"": ""young Korean female idol, soft innocent look"",
    ""pose"": ""mid-action, slightly turning head toward camera as if just noticed being photographed, shoulders slightly raised"",
    ""expression"": ""eyes widened slightly, lips parted in surprise, shy and caught-off-guard expression"",
    ""clothing"": ""loose soft homewear (thin cardigan + inner top), slightly slipping off one shoulder but not revealing"",
    ""vibe"": ""unprepared, intimate, accidental moment, evokes curiosity and protectiveness""，
    ""aspect ratio"":""9:16""
  }
}","{
  ""prompt"": {
    ""style_and_tech"": ""手机照片，老式CCD相机美学，刺眼的闪光灯，颗粒感，昏暗杂乱的室内光线，抓拍快照感觉，轻微的运动模糊"",
    ""subject"": ""年轻的韩国女偶像，温柔纯真的外表"",
    ""pose"": ""动作进行中，微微转头看向镜头，仿佛刚刚注意到正在被拍照，肩膀微微耸起"",
    ""expression"": ""眼睛微微睁大，因惊讶而微微张开的嘴唇，害羞且猝不及防的表情"",
    ""clothing"": ""宽松柔软的居家服（薄开衫+内搭上衣），一侧肩膀微微滑落但没有暴露"",
    ""vibe"": ""毫无防备，亲密，意外的瞬间，唤起好奇心与保护欲"",
    ""aspect ratio"": ""9:16""
  }
}",https://opennana.com/awesome-prompt-gallery/dim-room-innocent-glance
绘制科学百科知识图谱,https://img.opennana.com/prompts/assets/202604/1776674850455-h2v9uqxa-1776674856973-1.jpeg,,"English
Role: World-class Scientific Encyclopedia Illustrator & Knowledge Graph Architect.

Task: Generate a highly detailed, extremely intricate, and visually stunning ""Universal Illustrated Encyclopedia Science Infographic"" in a classic, unbranded (NO logos) scientific encyclopedia style.

Subject Matter: Choose one from [People, Plants, or Animals]. 

Specific Subject: [e.g., The Giant Squid / Leonardo da Vinci / The Sequoia Tree].

Style: Fine, detailed scientific illustration on a retro, aged beige paper background. Delicate linework. Intricately complex and professional.

Key Visual Requirements:

1.  Lifelike 3D Effect (The Central Subject): The central subject in the ""C position"" must be rendered with extraordinary realism and dynamism. Create a dramatic sense of depth where the character, plant, or animal appears to break the frame, leaping or bursting out of the flat paper towards the viewer (an effect similar to anamorphic 3D or dynamic pop-out, with high-precision realism).

2.  Layout & Strategic White Space:
    * Central Subject: Dominates the center, with intentional ""strategic white space"" around it to enhance the popping-out effect and make the figure the clear focal point.
    * Surrounding Modules: The surrounding area (left, right, top, bottom, and corners) must be filled with 6-8 distinct, highly organized knowledge modules, depending on the subject. There should be a sense of organized density, not random clutter. The modules themselves must have clear borders, headers, and extensive, detailed content.

3.  Connections: Use a complex, logical network of fine leader lines, arrows, brackets, dotted lines, and small connection points to link the central figure to all surrounding modules, and interconnect the modules themselves into a cohesive knowledge web.

4.  Text & Annotation (Hard Requirement - Must be CLEAR Chinese):
    * Main Title: A large, prominent, beautifully executed **Chinese calligraphy** (书法体) of the specific subject's name [e.g., ""大王乌贼""].
    * Calligraphic Accents: Scattered throughout the main content and module titles, use beautiful, clear Chinese calligraphy for important terms.
    * Standard Chinese Text: All other descriptive text, handwritten notes (大量清晰中文手写注释), module content, and annotations must be clear, legible Chinese characters (简体中文), not gibberish or unreadable symbols. Ensure text clarity is prioritized.
    * Leader Line Annotations: Every single small component, detail, submodule, diagram, or illustration within the modules must have detailed leader line annotations (拟解剖图) pointing directly to it for maximum professionalism and educational value. Every part should be labeled.

Subject-Specific Module Structure (Example for general reference):

A. For Humans [People]:
   - Module 1: Anatomy & Skeletal Structure (w/ magnified cross-sections)
   - Module 2: Physiological Processes (e.g., Circulatory/Nervous System)
   - Module 3: Historical Context & Timeline (Key Achievements)
   - Module 4: Major Contribution Diagram (Detailed breakdown)
   - Module 5: Cognitive Process / Psychological Insight
   - Module 6: Genetic Profile / Evolution
   - Module 7: Global Influence & Cultural Impact
   - Module 8: Cultural Representations / Legacy

B. For Animals:
   - Module 1: Full External Sketch & Anatomy (w/ microscope magnified detail circular windows)
   - Module 2: Behavioral Patterns & Lifecycle (e.g., Mating/Migration, Flowchart style)
   - Module 3: Digestive & Skeletal System
   - Module 4: Habitats & Distribution Map (with environmental details)
   - Module 5: Unique Adaptations (e.g., camouflage, hunting tools)
   - Module 6: Evolutionary History & Relatives
   - Module 7: Symbiotic Relationships / Ecosystem Role
   - Module 8: Conservation Status & Human Interaction

C. For Plants:
   - Module 1: Full Plant Sketch & Anatomy (w/ magnified leaf/root details)
   - Module 2: Photosynthesis & Lifecycle Flow (w/ icons for environment)
   - Module 3: Cellular Structure (Magnified circular views)
   - Module 4: Medicinal Properties / Practical Applications (as in original original prompt)
   - Module 5: Environmental Adaptations / Unique Features
   - Module 6: Distribution Map & Environmental Context
   - Module 7: Genetic Variations & Cultivation
   - Module 8: Historical Usage & Folklore

Overall Composition: Extremely dense with information, organized into 6-8 structured modules, but balanced with strategic empty space around the center to allow the main, hyper-realistic figure to pop. Hard-core, professional, academic, but visually engaging due to the dynamic 3D central figure. No branding from any specific encyclopedia (e.g., no ""DK"" logos). All annotations must be legible. All handwritten notes must be clear. Main titles in Chinese calligraphy. Aspect Ratio: 3:4.

[主题内容]",https://opennana.com/awesome-prompt-gallery/draw-scientific-style-encyclopedia-infographic
韩系偶像九宫格写真集,https://img.opennana.com/prompts/assets/202604/1776696456102-f2jf54l2-1776696459079-1.jpeg,"9:16 vertical — a 3x3 grid collage (nine images) forming a Korean idol portrait photoshoot series. Each frame features the same young Korean female idol, maintaining 100% consistency in facial features, proportions, hairstyle, and identity across all nine shots.   Natural, ultra-realistic skin texture, no retouching, no smoothing. Clean idol-style minimal makeup, soft glow, subtle imperfections.   Hair: long, voluminous dark hair, slightly tousled, consistent across all frames (natural loose flow, slight movement).  Outfit: cohesive Korean idol photoshoot styling — white shirt + short bottoms (or simple neutral-toned outfit), youthful, clean, slightly casual but styled. Same outfit across all frames.  Setting: minimal studio or simple indoor environment (plain wall, soft window light, clean background). Focus on subject, not environment.  Lighting: soft diffused natural light, gentle highlights, low contrast, slightly airy tones, subtle film-like softness.  Camera style: intimate portrait photography, slightly handheld feel, subtle imperfections (minor grain, slight blur in motion frames, imperfect framing).  Frame breakdown (3x3 grid):  Top row: - Top left: standing naturally, looking slightly away, relaxed expression - Top center: facing camera, casual mid-motion (hair or body slight movement) - Top right: slight side angle, soft gaze, natural candid feel  Middle row: - Center left: looking slightly upward, soft thoughtful expression - Center: close-up portrait, direct eye contact, gentle idol smile - Center right: turning body slightly, mid-motion candid frame  Bottom row: - Bottom left: seated or leaning casually, relaxed posture - Bottom center: back partially turned, looking over shoulder toward camera - Bottom right: standing close to frame, slightly playful or soft expression  Mood: Korean idol photobook / photocard aesthetic, intimate, soft, natural, everyday charm.  Quality: ultra-realistic, 8K detail, subtle analog film grain, natural imperfections, soft dreamy tone",9:16 竖版 — 一个 3x3 网格拼贴（九张图片）形成一系列韩国偶像肖像摄影。每一帧都呈现同一位年轻的韩国女性偶像，在所有九张镜头中保持 100% 一致的面部特征、比例、发型和身份。自然、超逼真的皮肤纹理，无修图，无磨皮。干净的偶像风格极简妆容，柔和的光泽，微妙的瑕疵。发型：长发、蓬松的黑发，微乱，在所有帧中保持一致（自然松散的垂落，轻微的动感）。服装：连贯的韩国偶像摄影造型 — 白色衬衫 + 短款下装（或简单的中性色调服装），青春、干净、略带休闲但有造型感。所有帧中穿着相同的服装。场景：极简的工作室或简单的室内环境（白墙，柔和的窗光，干净的背景）。聚焦于主体，而不是环境。光照：柔和漫反射的自然光，温柔的高光，低对比度，略带通透感的色调，微妙的胶片般柔和感。相机风格：亲密的肖像摄影，略带手持感，微妙的瑕疵（轻微的颗粒感，动态帧中的轻微模糊，不完美的构图）。帧分解（3x3 网格）：顶行：- 左上：自然站立，视线略微偏向一侧，表情放松 - 中上：面对镜头，随意的中间动作（头发或身体轻微移动） - 右上：轻微的侧面角度，柔和的注视，自然的抓拍感 中间行：- 中左：微微向上看，柔和的沉思表情 - 正中：特写肖像，直接的眼神接触，温柔的偶像微笑 - 中右：身体微微转动，中间动作的抓拍帧 底行：- 左下：随意坐着或倚靠着，放松的姿势 - 中下：背部部分转向，越过肩膀看向镜头 - 右下：靠近画框站立，略带俏皮或柔和的表情 氛围：韩国偶像写真集 / 小卡美学，亲密、柔和、自然、日常的魅力。质量：超写实，8K 细节，微妙的模拟胶片颗粒感，自然的瑕疵，柔和梦幻的色调,https://opennana.com/awesome-prompt-gallery/korean-idol-grid-photobook
鎏金广州塔的东方奇幻海报,https://img.opennana.com/prompts/assets/202604/1776700163959-ubpk7u8d-1776700186104-1.jpeg,"Flat illustration, Oriental fantasy style high-end city poster design, vertical 9:16 composition, the overall adopts a diagonal + S-shaped flowing composition, extending from the bottom left to the top right, the picture uses deep black as the background, gradually changing from top to bottom to intense dark red, forming a strong cold-warm contrast and spatial depth, the background has a faint stardust and grainy texture. In the center of the picture, a golden flowing energy line winds through like a flame, extending from the bottom to the top, having a fluid texture, particle light effects and gradient highlights, with subtle energy debris and volumetric light in some areas. Guangzhou city landmark building complexes emerge layer by layer in the golden flowing light: Canton Tower is the visual core, with a prominent proportion, surrounded by the integration of Zhujiang New Town high-rise buildings, Liede Bridge and modern and Lingnan architectural elements, the buildings are expressed using ""fine line drawing + golden glowing blocks"", clear outlines and rich details, set off by the golden halo, they seem to float in the void, forming a surreal spatial hierarchy, the distant view is slightly fogged to enhance the sense of depth. At the bottom of the picture is an oriental white-haired female figure, long hair fluttering, like smoke and mist, naturally connecting and gradually blending with the golden flowing light, the hair is translucent with a gradient light sense, graceful posture, eyes slightly closed, serene expression, holding a bunch of colorful fresh flowers in her arms, interspersed with faint light particles and starlight effects among the flowers, symbolizing the spiritual connection between human and urban energy, character details are moderately simplified to highlight the overall sense of design. Light and shadow are focused on the golden streamlines, buildings and character outlines, forming a strong light-dark contrast and visual focus, the overall atmosphere is grand, mysterious, with an Oriental mythological artistic conception and a slight healing sense. The color uses black and dark red as the base, highlighted gilded gold as the main visual emphasis, the gold has rich light and dark layers, supplemented by small areas of high-saturation bouquet color embellishments, the overall is advanced and restrained. Page text and picture integrated typography: large Song typeface characters ""Guangzhou·China"" centered at the top, small characters ""2026/04/20"" below, small characters ""LIYUE"" further below, the text uses light gold or soft warm white, unifying with the overall light and shadow. High-quality details, cinematic light and shadow performance, rich volumetric light and particle details, clean picture without noise, ultra-high definition 8K resolution, commercial-grade poster texture.","平面插画，东方幻想风格高端城市海报设计，竖版9:16构图，整体采用对角线+S型流动构图，从左下向右上延展，画面以深邃黑色为背景，自上而下渐变至浓烈暗红色，形成强烈冷暖对比与空间纵深，背景带微弱星尘与颗粒质感。画面中央一条金色流动能量线条如火焰般蜿蜒贯穿，自底部向上延伸，具有流体质感、粒子光效与渐变高光，局部带细微能量碎屑与体积光。

金色流光中逐层浮现广州城市地标建筑群：广州塔为视觉核心，比例突出，周围融合珠江新城高楼群、猎德大桥及现代与岭南建筑元素，建筑采用“精细线描 + 金色发光体块”表现，轮廓清晰、细节丰富，在金色光晕映衬下仿佛悬浮于虚空，形成超现实空间层次，远景轻微雾化增强纵深感。

画面底部为一位东方白发女性形象，长发飘逸，如烟似雾，与金色流光自然衔接并逐渐融合，发丝半透明带渐变光感，姿态柔美，双目微闭，神情宁静，怀抱一束多彩鲜花，花间点缀微光粒子与星点效果，象征人与城市能量的精神连接，人物细节适度简化以突出整体设计感。

光影集中于金色流线、建筑与人物轮廓，形成强烈明暗对比与视觉聚焦，整体氛围宏大、神秘、具有东方神话意境且略带治愈感。色彩以黑与暗红为基底，高亮鎏金为主视觉强调，金色具备丰富明暗层次，辅以小面积高饱和花束色彩点缀，整体高级克制。

页面文字与画面融合排版：顶部居中宋体大字“广州·中国”，下方小字“2026/04/20”，再下方小字“LIYUE”，文字采用淡金色或柔和暖白色，与整体光影统一。高品质细节，电影级光影表现，体积光与粒子细节丰富，画面干净无噪点，超高清8K分辨率，商业级海报质感。",https://opennana.com/awesome-prompt-gallery/golden-guangzhou-tower-poster
窗边日系胶片女孩,https://img.opennana.com/prompts/assets/202604/1776668345499-v0thj368-1776668346125-1.jpeg,"Analog 35mm film photography, soft airy Japanese-style aesthetic, gentle diffused natural window light, slight overexposure, pastel tones, low contrast, soft highlights,  minimal indoor setting near a window with white curtains, clean light-colored wall, natural composition, eye-level, slightly closer full-body framing (mid-thigh to head),  young East Asian woman, natural minimal makeup, soft realistic skin texture, long slightly messy dark hair,  oversized white button-up shirt, light casual shorts, barefoot, simple and relaxed styling,  standing naturally with relaxed posture, arms loosely at sides or slightly behind, facing camera, gentle soft smile, subtle stillness,  focus on light, air, and quiet everyday mood, soft film grain, dreamy and understated atmosphere --ar 9:16",模拟35毫米胶片摄影，柔和轻盈的日系美学，温柔漫射的自然窗户光，轻微过曝，柔和色调，低对比度，柔和的高光，靠近窗户配有白色窗帘的极简室内环境，干净的浅色墙壁，自然构图，平视视角，略微紧凑的全身取景（大腿中部到头部），年轻东亚女性，自然极简妆容，柔和真实的皮肤纹理，长长的微乱黑发，超大号白色纽扣衬衫，浅色休闲短裤，赤脚，简单放松的造型，自然站立姿势放松，双臂自然下垂或略微放在身后，面朝镜头，温柔柔和的微笑，微妙的静止感，专注于光线、空气和安静的日常氛围，柔和的胶片颗粒，梦幻而低调的氛围 --ar 9:16,https://opennana.com/awesome-prompt-gallery/window-japanese-film-girl
精致模块化科普百科图鉴,https://img.opennana.com/prompts/assets/202604/1776700130416-jq9i5epi-1776700146479-1.jpeg,"Please generate a high-quality vertical ""Popular Science Encyclopedia Infographic"" based on the [Topic]. 

This image is not an ordinary poster, nor a simple illustration, but a modular popular science infographic with a sense of ""illustrated guide, encyclopedia, information structure, and collectibility"". The overall style references a combination of high-end natural history illustrated guides, modern encyclopedia pages, lifestyle knowledge cards, and highly shared social media infographics.

Please make the image contain:
- A clear and beautiful theme main visual
- Several enlarged details of local features
- Multiple rounded modular information sections
- Clear title hierarchy and key tags
- Concise but rich encyclopedia content
- Visualized scoring, key point summaries, or Top 5 modules

Content columns should automatically adapt to the topic, prioritizing selection and reasonable combination from these directions:
Basic profile, classification information, appearance features, habits/ecology, formation mechanism/structural composition, growth or usage conditions, care or maintenance suggestions, risks and precautions, suitable groups or applicable scenarios, pros and cons comparison, quick scorecard.

Visual requirements:
Light-colored clean background, soft color palette, light shadows, exquisite small icons, rounded information boxes, neat typography, high information density but not crowded, good reading experience. The overall look must be like a real popular science encyclopedia card that can be published, read, collected, and serialized, rather than an advertisement.

Please do not make it into an ordinary commercial promotional poster. It must highlight the characteristics of ""knowledge organization + modular information + illustrated guide style display"".","请根据【主题】生成一张高质量竖版「科普百科图」。 

这张图不是普通海报，也不是单纯插画，而是一张兼具“图鉴感、百科感、信息结构感、收藏感”的模块化科普信息图。整体风格参考高级博物图鉴、现代百科书页、生活方式知识卡和社交媒体高传播信息图的结合。

请让画面包含：
- 一个清晰漂亮的主题主视觉
- 若干局部特征放大细节
- 多个圆角模块化信息分区
- 清楚的标题层级与重点标签
- 简洁但丰富的百科内容
- 可视化评分、要点总结或Top 5模块

内容栏目请根据主题自动适配，优先从这些方向中选择并合理组合：
基础档案、分类信息、外观特征、习性/生态、形成机制/结构组成、生长或使用条件、养护或维护建议、风险与注意事项、适合人群或适用场景、优缺点对比、快速评分卡。

视觉要求：
浅色干净背景，柔和配色，轻阴影，精致小图标，圆角信息框，整洁排版，信息密度高但不拥挤，阅读体验好。整体必须像真正可以发布、阅读、收藏、系列化生产的科普百科卡，而不是广告图。

请不要做成普通商业宣传海报。要突出“知识整理 + 模块信息 + 图鉴式展示”的特征。",https://opennana.com/awesome-prompt-gallery/exquisite-modular-science-infographic
春日禅意水墨群山海报,https://img.opennana.com/prompts/assets/202604/1776696613103-bfknqm22-1776696614299-1.jpeg,"Neo-Chinese ink wash landscape poster, vertical 9:16 composition, Oriental minimalist aesthetic style,
Large area of negative space, overall color tone is spring morning atmosphere (cyan-green, misty blue, light gray, light ink), low saturation, clear and soft, high-end texture.
The main subject of the picture is steep and majestic mountains, rising from both sides of the calm lake in the middle, occupying the left and right sides of the picture,
The mountain bodies are expressed with ink wash blending, rich in changes of shades, dryness and wetness, partially integrated with light cyan-green rendering, reflecting the vitality of spring.
The mountain peaks are wrapped in moist and gentle morning mist, the mist progresses layer by layer, naturally blending with the light cyan-blue sky, forming aerial perspective and spatial depth.
The lake surface is as calm as a mirror, showing a slightly cyan-green tone, reflecting the mountains and the sky, the reflection slightly has a soft focus and atomization diffusion effect, enhancing the spring moist and dreamy atmosphere.
In the midground, a small wooden boat with an arched canopy floats slowly, the oars lightly touch the water surface to form delicate ripples, the water patterns spread naturally, maintaining an extremely quiet state overall.
On the boat is a fisherwoman in red, with a small volume (distant view proportion), the character is simplified into an ink wash silhouette + slight coloring,
wearing a low-saturation cinnabar red traditional costume (not bright red), the color is slightly softened by the mist,
no facial details are depicted for the character, only retaining the outline and posture (such as gently holding the boat canopy or holding the oar),
the red color forms a faint reflection on the water surface, serving as the only warm color visual focus in the picture.
The shore is dotted with sparse woods and spring newborn vegetation, using light ink + light cyan-green dot dyeing, combining virtuality and reality, enhancing rhythm and breath of life.
A small number of flying birds skim across the distant sky, distributed lightly and loosely, enhancing the spatial layers and sense of agility.
At the top center of the picture, vertical calligraphy: ""Oriental Aesthetics"", adopting traditional handwritten running script or running-cursive style (intention of Wang Xizhi's brushwork),
brushstrokes naturally undulate, lifting and pressing are distinct, with flying white and ink rhyme diffusion effects, avoiding a sense of font.
The calligraphy color is dark ink cyan or soft ink black, unified with the overall picture.
Overall style: ink wash + modern minimalist design fusion, spring Zen, ethereal and moist, tranquil atmosphere,
restrained cold and warm contrast, cinematic light and shadow, high-end art poster texture, 8K ultra-clear details.","新中式水墨山水海报，竖版9:16构图，东方极简美学风格，
大面积留白，整体色调为春日清晨氛围（青绿色、雾蓝、淡灰、浅墨），低饱和、清透柔和，高级质感。
画面主体为奇峻巍峨的群山，从中间平静湖面的两侧拔地而起，占据左右两侧画面，
山体以水墨晕染表现，浓淡干湿变化丰富，局部融入淡青绿色渲染，体现春意生机。
山峰被湿润轻柔的晨雾包裹，雾气层层递进，与浅青蓝天空自然融合，形成空气透视与空间纵深。

湖面如镜面般平静，呈现微青绿色调，倒映山体与天空，反射略带柔焦与雾化扩散效果，增强春日湿润与梦幻氛围。
中景一艘带弧形篷顶的小木舟缓慢漂浮，船桨轻触水面形成细腻涟漪，水纹自然扩散，整体保持极静状态。

船上为一位红衣渔女，体量较小（远景比例），人物简化处理为水墨剪影 + 轻微设色，
身着低饱和朱砂红传统服饰（非鲜艳红），颜色略被雾气柔化，
人物面部不刻画细节，仅保留轮廓与姿态（如轻扶船篷或执桨），
红色在水面形成淡淡倒影，作为画面唯一暖色视觉焦点。

岸边点缀疏林与春季新生植被，采用淡墨 + 淡青绿点染，虚实结合，增强节奏与生命气息。

少量飞鸟在远空掠过，轻盈疏散分布，增强空间层次与灵动感。

画面顶部居中竖排书法：“东方美学”，采用传统手写行书或行草风格（王羲之笔意），
笔触自然起伏、提按分明，带飞白与墨韵扩散效果，避免字体感。
书法颜色为深墨青或柔和墨黑，与整体画面统一。
整体风格：水墨 + 现代极简设计融合，春日禅意、空灵湿润、宁静氛围，
冷暖对比克制，电影感光影，高级艺术海报质感，8K超清细节。",https://opennana.com/awesome-prompt-gallery/spring-zen-ink-mountain-poster
机甲少女立于废弃海城,https://img.opennana.com/prompts/assets/202604/1776674946687-s6yb78z7-1776674949214-1.jpeg,"A mecha girl mid-teens, pale skin smudged with soot and salt spray, sharp amber eyes with glowing HUD reticles, waist-length ash-white hair tied in a high ponytail whipping in the sea wind, matte gunmetal exoskeleton armor plating her shoulders, forearms and shins, exposed hydraulic pistons at the joints, chest rig with glowing cyan coolant lines, oversized oil-stained hangar jacket half slipping off one shoulder, a massive rail cannon resting on her right shoulder, dog tags and frayed red ribbon at her collar , standing off-center to the left on the rusted edge of a tilted steel platform jutting out over dark water, weight shifted onto one leg, left hand gripping the cannon strap, head turned slightly toward camera with a quiet defiant stare, steam venting from her back thrusters, her ponytail and jacket streaming sideways in the salt wind , a vast derelict sea-city at dusk, colossal megastructures of unknown purpose rising from the ocean in staggered silhouettes, bone-white monolithic towers fused with barnacled steel, cyclopean ring-shaped constructs canted at broken angles, rusted skeletal gantries threaded with dead cables, dark swells rolling between the pylons, shipwrecks half-swallowed at their feet, thick sea fog clinging to the bases while the upper structures pierce into a bruised sky, scattered faint lights blinking high in the towers like distant eyes , moody low-key lighting, cold teal ambient from the overcast sky, warm amber sodium glow leaking from a distant structure camera-right, hard backlight from a low sun behind the towers carving her silhouette, volumetric god rays cutting through sea mist, wet specular highlights on her armor , 35mm anamorphic lens, slight low angle looking up past her shoulder toward the structures, medium-wide shot, shallow depth of field with foreground rust in soft focus, horizontal lens flares, fine atmospheric haze compressing the distant megastructures into layered silhouettes , cinematic anime key visual, painterly digital illustration with crisp line art, desaturated oceanic palette of teal, bone-white and rust punched by small warm accent lights, film grain, high-contrast editorial poster aesthetic . Format 16:9.","一名十几岁的机甲少女，苍白的肌肤上沾着烟尘与海水飞沫，锐利的琥珀色眼眸中映出发光的 HUD 瞄准标线；及腰的灰白色长发扎成高马尾，在海风中肆意飞扬。哑光枪灰色外骨骼装甲覆盖双肩、前臂与小腿，关节处裸露着液压活塞，胸挂布有发光的青蓝色冷却管线。一件沾着油污的超大号机库外套半滑落在一侧肩头，一门巨型轨道炮架在右肩，衣领处挂着士兵牌与磨损的红色丝带。
她站在向左略微偏移的位置，立于倾斜钢铁平台的锈蚀边缘，平台向外延伸至漆黑海面之上；重心落在单腿上，左手紧握炮带，头部微转向镜头，投来沉静而桀骜的目光。背部推进器不断喷出蒸汽，马尾与外套在咸腥海风里向一侧狂乱飘动。
背景是黄昏时分广袤的废弃海上都市，用途不明的巨型超级建筑从海洋中拔地而起，形成错落的剪影；骨白色的巨型塔楼与附着藤壶的钢铁结构融为一体，巨大的环形建筑以破碎的角度倾斜矗立，锈蚀的桁架骨架间缠绕着废弃线缆，深色浪涛在支撑柱间翻涌，数艘沉船半淹在柱脚。厚重的海雾萦绕在建筑底部，高耸的结构直刺入暗沉的天空，塔楼高处零星闪烁着微弱灯光，宛如遥远的眼眸。
画面采用阴郁低调的光影：阴沉天空透出冷调青蓝环境光，画面右侧远处建筑漏出温暖的琥珀色钠灯光晕，塔楼后方低垂的太阳形成强烈逆光，勾勒出她的轮廓；体积光穿透海雾，装甲上呈现湿润的镜面高光。
镜头使用 35mm 变形宽银幕镜头，略微低角度仰拍，越过她的肩膀望向远处建筑群；中全景构图，浅景深使前景的锈蚀景物虚化，带有横向镜头眩光，细腻的大气薄雾将远处巨型建筑压缩为层次分明的剪影。
整体为电影感动漫主视觉风格，绘画感数字插画搭配利落线稿，采用青蓝、骨白与铁锈色为主的低饱和海洋色调，点缀少量暖色调高光；添加胶片颗粒，呈现高对比度的艺术海报质感，画幅比例 16:9。",https://opennana.com/awesome-prompt-gallery/mecha-girl-stands-in-derelict-sea-city
大师级真迹复刻,https://img.opennana.com/prompts/assets/202604/1776696415780-lzlq5hw5-1776696420661-1.jpeg,Help me generate xxxx authentic picture,,https://opennana.com/awesome-prompt-gallery/xxxx-masterpiece-reproduction
古风明朝帝王群像长卷,https://img.opennana.com/prompts/assets/202604/1776657588153-1ggv7ra0-1776657590726-1.jpeg,"Based on the style of the uploaded image, generate portraits of the emperors of the Ming Dynasty, with their posthumous titles and names below the portraits",根据上传图片的风格，生成明朝各个皇帝的头像，头像下面有他们的谥号和名字,https://opennana.com/awesome-prompt-gallery/ancient-ming-emperor-group
哔哩哔哩户晨风直播截图,https://img.opennana.com/prompts/assets/202604/1776657252001-ecj9s0aw-1776657253070-1.jpeg,"A 9:16 image, generate a screenshot of a Bilibili live stream, inside is Hu Chenfeng broadcasting live, Hu Chenfeng has a happy expression, holding a sign in his hand, the sign says ""Boss Austin is so emotional, everyone please give Boss Austin some follows.""",9:16 的图片，生成一张哔哩哔哩直播的截图，里面是 户晨风在直播，户晨风表情开心，手里拿着牌子，牌子里写着 “Austin总太性情了，大家给Austin总点点关注。”,https://opennana.com/awesome-prompt-gallery/bilibili-hu-chenfeng-livestream
完美匹配的海报广告图,https://img.opennana.com/prompts/assets/202604/1776658693374-r9e2p438-1776658698077-1.jpeg,Generate an advertising image that perfectly matches this image. There should be a lot of information.,生成一张与这张图片完美匹配的广告图片。信息量要多一些。,https://opennana.com/awesome-prompt-gallery/perfect-matching-poster-ad
琉璃透明画眉鸟飞舞羊城墨卷,https://img.opennana.com/prompts/assets/202604/1776657864578-gcgion2q-1776657867037-1.jpeg,"[
  Background and Skeleton Lines
] Pure black deep background,
a thick and powerful ink calligraphy S-shaped curve meanders from one end of the picture to the other,
with vigorous brushstrokes and well-proportioned ink shades,
like freehand brushwork,
forming the visual skeleton and narrative dynamic line of the entire picture. [
  Subject: Transparent Swallow
] Above the curve,
a flying thrush with spread wings occupies the visual core; the body has a glass transparent texture,
with overlapping shadows of traditional architectural complexes mapped inside,
blue-green light flows circulate and refract between the transparent wings,
as if the long river of time and civilized memories are condensed within it; the outline is bordered with extremely thin gold lines to enhance three-dimensionality and sacredness. [
  Midground: Classical Architecture Sequence
] Below the swallow,
various scenic spots in Guangzhou are scattered along the ink curve: Baiyun Mountain,
Chen Clan Ancestral Hall,
Twin Towers,
Canton Tower,
Liede Bridge,
Haizhu Tower appear in sequence; the main tone is cyan-green and pale gold,
architectural details are clear,
glazed tiles,
flying eaves,
stone steps and corridors; kapok flowers cluster and decorate around the buildings,
petals scatter lightly with the wind,
quiet and distant; a few ink clouds float lightly among them,
adding ethereal layers. [
  Foreground: White Cranes and Water Surface
] Lakeside in the foreground: several white cranes either stand quietly by the water or flap their wings to soar,
with different postures,
elegant and calm; the light blue lake surface is like a mirror,
reflections rippling,
shimmering light,
creating a tranquil atmosphere. [
  Distance: Mountains
] Distant mountains rise and fall in layers,
smudged in cyan-black,
ink shades from thick to light,
hazy and misty,
rich in ink wash layers; forming a spatial depth with solid foreground and empty distance with the foreground. [
  Composition and Light and Shadow
] Non-linear perspective composition,
the ink curve is the main narrative axis,
ancient and modern elements are embedded along the line; the light source radiates and diffuses outward from the center of the picture,
forming a strong contrast between light and dark,
bright in the center and gradually darkening around; cool tones dominate (dark blue,
cyan-green,
silver white),
warm tones embellish (cherry blossom pink,
pale gold),
harmonious and mysterious; Eastern aesthetics blend with modern imagery,
surreal poetic mood. [
  Technical Specifications
] 8K ultra-high definition rendering,
extreme detail precision,
best image quality,
ratio 9:16","【背景与骨架线条】
纯黑深邃底色，一条粗壮有力的墨色书法S型曲线自画面一端蜿蜒贯穿至另一端，笔触苍劲，墨迹浓淡有致，如大写意行笔，构成整幅画面的视觉骨架与叙事动线。
【主体：透明燕子】
曲线上方，一只展翅飞翔的画眉鸟占据视觉核心；身体呈玻璃透明质感，内部映射传统建筑群叠影，蓝绿色光流在透明羽翼间流转折射，仿佛时间长河与文明记忆凝缩其中；轮廓以极细金线勾边，增强立体感与神圣感。
【中景：古典建筑序列】
燕子下方，沿墨线曲线错落分布广州的各种风景名胜：白云山、陈家祠、双子塔、广州塔、猎德大桥、海珠塔依次浮现；主色调青绿与淡金，建筑细节清晰，琉璃瓦、飞檐翘角、石阶回廊；木棉花簇拥点缀于建筑周围，花瓣随风轻散，静谧而悠远；几朵水墨云朵轻盈飘浮其间，增添空灵层次。
【前景：白鹤与水面】
前景湖畔：数只白鹤或静立水边、或振翅腾飞，姿态各异，优雅从容；浅蓝湖面如镜，倒影荡漾，波光细碎，营造宁静氛围。
【远景：山峦】
远处山峦层叠起伏，青黛色晕染，墨色由浓至淡，朦胧氤氲，富有水墨层次；与前景形成近实远虚的空间纵深。
【构图与光影】
非线性透视构图，墨线曲线为叙事主轴，古今元素沿线嵌入；光源自画面中心向外辐射扩散，形成强烈明暗对比，中心亮、四周渐暗；冷色调主导（深蓝、青绿、银白），暖色点缀（樱花粉、淡金），和谐而神秘；东方美学与现代意象交融，超现实诗意意境。
【技术规格】
8K超高清渲染，极致细节精度，最佳画质，比例 9:16",https://opennana.com/awesome-prompt-gallery/glazed-transparent-thrush-guangzhou
极简国潮鎏金广州塔海报,https://img.opennana.com/prompts/assets/202604/1776657798150-p8nxedw3-1776657800111-1.jpeg,"Neo-Chinese minimalist style high-end city poster, 9:16 vertical composition, with Guangzhou as the core theme, the center of the image is an abstract geometric Canton Tower, simple in shape but highly recognizable,

The overall adopts an S-shaped flowing composition, extending from bottom to top, the Pearl River water system is designed as flowing water ripples fused with traditional auspicious cloud patterns, surrounding the entire image to form a visual dynamic line,

Guangzhou landmark buildings are embellished in it in the way of ""blank space + line drawing + local color blocks"": Zhujiang New Town Twin Towers, Liede Bridge, Baiyun Mountain outline, Lingnan arcade houses,
Traditional and modern architecture naturally blend, progressive layers, clear distinction between far and near, virtual and real,

Style control: minimalist + high-end + Eastern artistic conception, not cluttered and not overly realistic,

Color scheme (key point):
High saturation but restrained, Chinese red, cyan blue, and gilded gold as the main colors,
Supplemented by a small amount of warm gold highlight embellishments, forming a strong visual impact but not tacky,

Background: large area of pure blank space or light Xuan paper texture, enhancing a sense of breathing and high-end feel,

Details: auspicious clouds and water ripples have a slight relief/gold stamping texture,
Locally add faint light particles or flowing light lines to enhance modernity,

Light and shadow: soft gradient light + local highlights, highlighting a magnificent and grand atmosphere,

Overall style: Guochao high-end illustration / brand poster-level texture / 8K / ultra-clear details","新中式极简风格高端城市海报，9:16竖版构图，以广州为核心主题，画面中心为抽象几何化的广州塔，造型简洁但具有辨识度，

整体采用S型流动构图，从下方向上延展，珠江水系被设计为流动的水波纹与传统祥云纹样融合，环绕整个画面形成视觉动线，

广州地标建筑以“留白+线描+局部色块”的方式点缀其中：珠江新城双塔、猎德大桥、白云山轮廓、岭南骑楼，
传统与现代建筑自然融合，层次递进，远近虚实分明，

风格控制：极简 + 高级 + 东方意境，不杂乱不过度写实，

色彩方案（重点）：
高饱和但克制 ，中国红、青蓝、鎏金为主色，
辅以少量暖金高光点缀，形成强烈视觉冲击但不俗艳，

背景：大面积纯净留白或淡宣纸肌理，增强呼吸感与高级感，

细节：祥云与水纹具有轻微浮雕/烫金质感，
局部加入微光粒子或流动光线，增强现代感，

光影：柔和渐变光+局部高光，突出恢弘大气氛围，

整体风格：国潮高级插画 / 品牌海报级质感 / 8K / 超清细节",https://opennana.com/awesome-prompt-gallery/minimalist-guochao-guangzhou-tower
疾风起狂草艺术字体设计,https://img.opennana.com/prompts/assets/202604/1776657705664-3i5r5l7j-1776657706656-1.jpeg,"Creative artistic typography ""Zong You Ji Feng Qi"", hand-written style with a fine brush, overall text arranged horizontally, with strong visual impact;
Deeply integrated with the essence of handwritten calligraphy, the brushstrokes carry the rugged and free-spirited nature of brush writing, like the unrestrained vigor of splashing ink;
The flying white and pauses at the start and end of the strokes fully display the explosive tension of a promotion, the form of the text breaks away from neatness, with variations in the thickness of the strokes;
dutch angle, creating a dynamic sprinting momentum, the font shape shows a bold and unrestrained trend;
The center of gravity rises like being ready to launch, the stretching and interlacing of the strokes are completely unconstrained, like the vigor of a full-force sprint;
The overall structure is intertwined with density and sparseness, the tight parts are like the surging of a promotional craze, and the blank spaces are like the breathing sense during promotional gaps;
Pure black background as the base, perfectly fitting the passionate atmosphere, the form and color of the artistic typography are conveyed with full expressiveness.","创意艺术字体“纵有疾风起”，秀丽笔手写风格，整体文字横版排列，具有强烈视觉冲击力；
深度融合手写书法笔意，笔触带毛笔书写的粗犷洒脱，如挥毫泼墨的肆意劲道；
起收笔的飞白，顿挫，尽显促销的火爆张力，文字的形态打破规整，笔画的粗细变化；
dutch angle，营造出动感冲刺的气势，字形呈奔放之势；
重心上扬如蓄势待发，笔画的伸展，穿插毫无拘束，似全力冲刺的劲道；
整体架构疏密交织，紧密处如促销热潮的汹涌，留白处似优惠间隙的呼吸感；
纯净黑色背景打底，完美契合热烈氛围，艺术字的形态与色彩酣畅传递。",https://opennana.com/awesome-prompt-gallery/rising-wind-calligraphy-art
兰亭集序书法帖意境图,https://img.opennana.com/prompts/assets/202604/1776657682935-vnueoh7w-1776657684667-1.jpeg,"Combining the content from Wang Xizhi's ""Lantingji Xu"", generate a calligraphy copy image, requiring the image background to match the artistic conception of ""Lantingji Xu"", the background image can use a mask, the foreground is ""Lantingji Xu""",结合王羲之的《兰亭集序》里的内容，生成一副书法帖图片，要求图片背景符合《兰亭集序》的意境，背景图可以使用蒙版，前景是《兰亭集序》,https://opennana.com/awesome-prompt-gallery/lantingji-xu-calligraphy-art
蒙娜丽莎畅饮可乐的趣味油画,https://img.opennana.com/prompts/assets/202604/1776657529804-tr4civws-1776657532444-1.jpeg,Generate an oil painting of Mona Lisa drinking cola.,,https://opennana.com/awesome-prompt-gallery/mona-lisa-drinking-cola
朱元璋登基后的推特主页,https://img.opennana.com/prompts/assets/202604/1776657486195-qpu3k3qe-1776657487621-1.jpeg,Create an X post page of Zhu Yuanzhang after his ascension to the throne in the Ming Dynasty,,https://opennana.com/awesome-prompt-gallery/zhu-yuanzhang-throne-x-post
治愈系助眠指南九宫格,https://img.opennana.com/prompts/assets/202604/1776657005744-ewii7m35-1776657007167-1.jpeg,"Generate a 3:4 vertical 9-grid poster suitable for publishing on Xiaohongshu, with an overall layout of 3 columns × 3 rows. The boundaries of the nine grids are clear, making it easy to directly cut into 9 single images for later publishing. The overall style is clean, premium, and unified, suitable for female-oriented healthy lifestyle content, possessing the vibe of a viral Xiaohongshu cover. Image requirements: clear information layout, large text, strong readability, comfortable white space, gentle and healing color palette.

Overall visual style:
Cream white, light beige, light oat color, and light caramel color as the main color tones, paired with a small amount of dark brown text. Ins style, healing sense, sleep therapy theme, minimalist layout, light skeuomorphic illustration embellishments. Elements such as pillows, moons, stars, hot milk, aromatherapy, books, eye masks, curtains, and beds can be added. The overall look should be like a professional new media design graphic, with neat fonts, suitable for a knowledge-based popular science Xiaohongshu 9-grid.

Layout requirements:
The entire image must be a standard 9-grid composition, and each grid can stand alone as an independent image after being cut.
The content of each grid should be completely centered; do not place titles or body text near the dividing lines.
Keep obvious gaps or thin borders between each grid to ensure that reading is not affected after cropping.
All text must use Chinese, be clear and readable, no garbled characters, no English.
Each grid should look like an independent Xiaohongshu image-and-text card, but the visual style must remain unified.
The image should be exquisite, realistic, and natural, without a cheap marketing feel, and not overly flashy.

Specific content of the 9-grid:

Grid 1 (Cover)
Main title: 8 tips to make you fall asleep instantly
Subtitle: Insomniacs and night owls must save this
The cover visuals should be the most eye-catching, suitable for the first image. Add healing sleep elements such as soft beds, moons, pillows, and eye masks. The title should be prominent with a premium layout.

Grid 2
Title: 1. Don't play with your phone 1 hour before bed
Body text: Blue light makes the brain more awake; the more you scroll, the harder it is to fall asleep.
Image elements: Mobile phone, moon, small illustration of a sleepy expression

Grid 3
Title: 2. Dim the lights before bed
Body text: A warm light environment can help the body enter a ""ready to sleep"" state.
Image elements: Bedside lamp, warm yellow light, curtains

Grid 4
Title: 3. Don't keep the room temperature too high
Body text: Keeping it a bit cooler makes it easier to fall asleep quickly.
Image elements: Air conditioner, thermometer, quilt

Grid 5
Title: 4. Don't drink strong tea or coffee at night
Body text: Caffeine delays sleepiness, making you lie in bed for a long time unable to sleep.
Image elements: Coffee cup, teacup, prohibition sign

Grid 6
Title: 5. Take a hot shower before bed
Body text: It can relax the body and help you fall asleep faster.
Image elements: Bathroom steam, towel, hot water

Grid 7
Title: 6. Write it down if your brain won't stop
Body text: Writing down your worries and to-do lists makes it easier for your brain to relax.
Image elements: Notebook, fountain pen, small desk lamp

Grid 8
Title: 7. Fix your bedtime
Body text: Going to bed at about the same time every day will make your biological clock increasingly stable.
Image elements: Clock, moon, bed

Grid 9
Title: 8. Try deep breathing relaxation
Body text: Inhale for 4 seconds, hold for 4 seconds, exhale for 6 seconds, and sleepiness will gradually come.
Bottom small text: Save this set and try it tonight
Image elements: Breathing lines, person with closed eyes, stars

Image quality requirements:
High definition, premium layout, magazine feel, realistically publishable, new media operation aesthetics, Xiaohongshu viral image-and-text style, neat text layout, suitable for direct image cutting.","生成一张适合小红书发布的 3:4 竖版九宫格海报，整体为 3列 × 3行 排版，九个宫格边界清晰，方便后期直接切割成 9 张单图发布。整体风格干净、高级、统一，适合女性向健康生活方式内容，具有小红书爆款封面气质。画面要求 信息排版清晰、文字大、可读性强、留白舒服、配色温柔治愈。

整体视觉风格：
奶油白、浅米色、淡燕麦色、浅焦糖色为主色调，搭配少量深棕色文字，ins风、治愈感、睡眠疗愈主题，简约排版，轻拟物插画点缀，可加入枕头、月亮、星星、热牛奶、香薰、书本、眼罩、窗帘、床铺等元素。整体像专业新媒体设计图，字体工整，适合做知识科普类小红书九宫格。
排版要求：

整张图必须是标准九宫格构图，切分后每一格都能独立成图

每个宫格内容完整居中，不要把标题或正文压在分割线附近
每个格子之间保留明显间隔或细边框，保证裁切后不影响阅读
所有文字使用中文，清晰易读，不要乱码，不要英文
每个宫格都像独立的小红书图文卡片，但视觉风格保持统一
画面精致、真实、自然，不要廉价营销感，不要过度花哨
九宫格具体内容：

第1格（封面）
大标题：让你倒头就睡的8个 tips
副标题：失眠党、熬夜党一定要收藏
封面视觉最吸睛，适合做首图，加入柔软床铺、月亮、枕头、眼罩等治愈睡眠元素，标题突出，排版高级。

第2格
标题：1. 睡前1小时别玩手机
正文：蓝光会让大脑更清醒，越刷越睡不着。
配图元素：手机、月亮、困倦表情的小插画
第3格
标题：2. 睡前把灯光调暗
正文：暖光环境能帮助身体进入“准备睡觉”的状态。
配图元素：床头灯、暖黄色灯光、窗帘
第4格
标题：3. 房间温度别太高
正文：稍微凉一点，更容易快速入睡。
配图元素：空调、温度计、被子
第5格
标题：4. 晚上别喝浓茶咖啡
正文：咖啡因会延迟困意，让你躺很久还睡不着。
配图元素：咖啡杯、茶杯、禁止符号

第6格
标题：5. 睡前洗个热水澡
正文：能让身体放松下来，入睡速度更快。
配图元素：浴室蒸汽、毛巾、热水
第7格
标题：6. 脑子停不下来就写下来
正文：把烦心事和待办清单写下，大脑会更容易放松。
配图元素：笔记本、钢笔、小台灯
第8格
标题：7. 固定上床时间
正文：每天差不多时间睡，生物钟会越来越稳定。
配图元素：时钟、月亮、床
第9格
标题：8. 试试深呼吸放松法
正文：吸气4秒，停4秒，呼气6秒，慢慢就有困意了。
底部小字：收藏这组，今晚试试看
配图元素：呼吸线条、闭眼人物、星星

画质要求：
高清，高级排版，杂志感，真实可发布，新媒体运营审美，小红书爆款图文风格，文字布局规整，适合直接切图。",https://opennana.com/awesome-prompt-gallery/healing-sleep-guide-grid
粤超联赛国潮风邀请函海报,https://img.opennana.com/prompts/assets/202604/1776656903352-rmd3llwp-1776656905414-1.jpeg,"Guangdong Provincial City Football Super League (Yuechao) invitation poster design, aspect ratio 9:16; 

S-shaped flowing composition, the picture extends from bottom to top, a dynamic energy flow formed by the trajectory of football movement runs through the picture, the center is a glowing football, with dynamic trajectory and energy light effects;

Along the S-shaped motion line, integrate Guangdong city landmarks and cultural elements: Canton Tower, Shenzhen Ping An Finance Centre, Zhuhai Fisher Girl statue, Lingnan architecture and Foshan martial arts silhouettes, Zhongshan Sun Yat-sen cultural symbols, Chaoshan Yingge dance dynamic character outlines, Qingyuan landscape natural scenery, all elements adopt the integrated expression of ""line drawing + partial color blocks + blank space"", progressive layers, combination of distance and virtual-real;

Add abstract football player silhouettes, weaken character details, strengthen momentum and competitive atmosphere, the visual focus remains on the football;

Style: modern Guochao high-end poster, minimalist style but rich in design sense, high-end, clean, unified, integrating oriental aesthetics and modern sports vision;

Color scheme: high saturation but restrained, Chinese red as the main visual, cyan-blue as auxiliary, gold embellished highlights, high contrast but not cluttered, with brand-level visual impact; 

Top center horizontal visual main title ""Guangdong Provincial City Football Super League"": medium font, Song typeface, center vertical text layout: ""Yuechao"", large font, handwritten calligraphy art font, ""Invitation"": medium font, Song typeface, vertical arrangement, large spacing, bottom center first row horizontal: ""April 25, 2026"", small font, Song typeface, second row: ""Guangzhou Yuexiushan Stadium"", small font, Song typeface, reserve text layout space;

The overall layout is balanced, has a high-end brand poster texture, extremely detailed, the composition is simple and clean, no cluttered elements, cinematic light and shadow, 8K resolution, high-end design sense. Integrate elegant cloud patterns and water wave patterns derived from traditional Chinese auspicious clouds, floating light effect particles, full of dynamics and vitality.","广东省城市足球超级联赛（粤超）邀请函海报设计，比例9:16； 

S型流动构图，画面从下方向上延展，一条由足球运动轨迹形成的动态能量流贯穿画面， 中心为一颗发光的足球，带有动感轨迹与能量光效；

沿S型动线融合广东城市地标与文化元素： 广州塔、深圳平安金融中心、珠海渔女雕像、岭南建筑与佛山武术剪影、中山孙中山文化象征、潮汕英歌舞动态人物轮廓、清远山水自然景观， 所有元素采用“线描 + 局部色块 + 留白”融合表现，层次递进、远近虚实结合；

加入抽象足球运动员剪影，弱化人物细节，强化动势与竞技氛围，视觉重点仍为足球；

风格：现代国潮高级海报，极简风格但富有设计感，高级、干净、统一， 融合东方美学与现代体育视觉；

色彩方案：高饱和但克制，中国红为主视觉，青蓝色辅助，金色点缀高光， 高对比但不杂乱，具有品牌级视觉冲击力； 

顶部中央横版视觉主标题 「广东省城市足球超级联赛」：中字，宋体， 中央竖排文字排版： 「粤超」，大字，手写书法艺术字体， 「邀请函」：中字，宋体，纵向排列，间距较大， 底部中央第一排横排： 「2026年4月25日」，小字，宋体，第二排：「广州越秀山体育场」，小字，宋体， 预留文字排版空间；

整体版式平衡、具有高级品牌海报质感，极致精细，构图简洁干净，无杂乱元素，电影级光影，8K 分辨率，高端设计感。融入源自中国传统祥云纹的雅致云纹与水波纹元素，浮动光效粒子，富有动感与生机。",https://opennana.com/awesome-prompt-gallery/yuechao-guochao-poster
夏日柑橘苏打高转化广告图,https://img.opennana.com/prompts/assets/202604/1776656861987-5gb9o03c-1776656864574-1.jpeg,"Image generation: Product advertising photo, Seasonal product suitable for summer, Carbonated beverage, Name=""Summer Citrus SODA"", Shape=500ml PET bottle, Design and generate image specifications after researching high CTA design as a beverage advertisement in 2025, Aspect ratio 3:4","图像生成: 商品广告照片, 适合夏天的季节商品, 碳酸饮料, 名称=""夏柑SODA"", 形状=PET瓶500ml, 研究2025年作为饮料广告的高CTA设计后设计并生成图像规格, 宽高比3:4",https://opennana.com/awesome-prompt-gallery/summer-citrus-soda-ad
星云巨鲤与小人的奇幻对话,https://img.opennana.com/prompts/assets/202604/1776656794495-v4bzy0gp-1776656796788-1.jpeg,"A surrealist digital illustration style, adopting a low-angle upward perspective. The picture depicts a giant colorful koi swimming in a dreamy nebula, surrounded by colorful nebulae and bubbles. In the center of the picture stands a small figure, with their back to the audience, calmly looking up at this huge koi in the air, and the koi is looking down at the small figure. The overall picture presents a strong size contrast, and the atmosphere is ethereal and dreamy. Aspect ratio 9:16","一幅超现实主义数字插画风格，采用低角度仰拍视角。画面描绘了一条巨型彩色锦鲤遨游在梦幻般的星云中，四周环绕着色彩鲜艳的星云与气泡。 
画面中央还站着一个小人，背对观众，神情平静地仰望空中这条巨大的锦鲤，锦鲤头向下看着小人。 
整体画面呈现出强烈的大小对比，氛围空灵又梦幻。比例9:16",https://opennana.com/awesome-prompt-gallery/surreal-nebula-koi
刘亦菲抖音直播畅聊中,https://img.opennana.com/prompts/assets/202604/1776649324271-jwlb67tp-1776649324825-1.jpg,"9:16 aspect ratio, generate a screenshot of a Douyin live stream, inside is Liu Yifei live streaming, Liu Yifei is holding a sign in her hand, the sign says Tonight's live stream, welcome to join Yifei for a chat!",9:16 的图片比例，生成一张抖音直播的截图，里面是 刘亦菲 在直播，刘亦菲 手里拿着牌子，牌子里写着 今晚直播，欢迎来参亦菲畅聊！,https://opennana.com/awesome-prompt-gallery/liu-yifei-douyin-live-chat
胶片闪光灯下的球场少女,https://img.opennana.com/prompts/assets/202604/1776646903702-5sqrryoz-1776646904195-1.jpg,"35mm color film photography with harsh direct on-camera flash, specular highlights on skin and clothing, strong catchlights in eyes, high contrast flash illumination, authentic film grain and color shift, high fashion fresh innocent basketball court editorial style, intimate first-person low-angle POV shot from below, early 20s sexy Chinese female idol with ultra-realistic delicate refined Chinese features, seductive almond-shaped fox eyes with natural double eyelids, high nose bridge, small sharp V-shaped jawline, flawless realistic porcelain skin with cool ivory undertone and visible flash specular highlights, fine delicate skin texture with subtle pores micro details and natural dewy glow under flash, fresh natural sporty makeup with soft dewy glow, subtle natural flush on cheeks, natural pink lips slightly parted, subtle natural freckles across nose and cheeks, long dark brown hair tied in a high playful ponytail with some loose strands framing the face and realistic loose strands, wearing a loose white tank top and white high-waisted basketball shorts, white knee-high sports socks, seductive natural leaning pose against the basketball hoop pole on the outdoor court at dusk, body angled sideways with naturally arched back and hips gently pushed back to accentuate perky round hips and sexy butt curve, one leg naturally extended forward toward the camera and the other leg slightly bent to emphasize long sexy legs, both hands lightly resting on the basketball pole at shoulder height, intensely seductive playful yet pitiable doe-eyed gaze straight at the viewer with soft vulnerable longing eyes and a gentle teasing smile full of quiet temptation and desire, harsh direct on-camera flash creating sharp specular highlights and strong catchlights, background with blurred basketball court and hoop under dusk sky, high contrast film color grading with natural flash look, extremely sharp yet soft skin rendering with authentic 35mm direct flash aesthetic, natural hair strands, realistic fabric texture on tank top and shorts with socks detail, no plastic skin, no digital over-sharpening, no airbrushing, no blemishes, no moles, no oily skin, no watermark, no text, authentic 35mm direct flash film basketball court look --ar 9:16",35毫米彩色胶片摄影，带有强烈的机顶直射闪光灯，皮肤和衣物上有镜面高光，眼睛里有强烈的眼神光，高对比度闪光灯照明，真实的胶片颗粒和色彩偏移，高级时尚清新纯真篮球场编辑风格，亲密的第一人称低角度仰视POV镜头，二十出头的性感中国女性偶像，具有超写实的精致细腻的中国特征，诱人的杏仁形狐狸眼，带有自然双眼皮，高鼻梁，小巧锋利的V型下颌线，无瑕逼真的瓷白肌肤，带有冷象牙色底调和可见的闪光镜面高光，细腻精致的皮肤纹理，带有微妙的毛孔微距细节和闪光灯下的自然水光感，清新自然的运动妆容，带有柔和的水光感，脸颊上有微妙的自然红晕，自然粉唇微张，鼻子和脸颊上有微妙的自然雀斑，深棕色长发扎成高高的俏皮马尾辫，有一些散落的发丝修饰脸型，以及逼真的散落发丝，穿着宽松的白色背心和白色高腰篮球短裤，白色及膝运动袜，在黄昏的户外球场上靠在篮球架杆上的诱人自然倾斜姿势，身体侧成角度，背部自然弓起，臀部轻轻向后推，以凸显挺拔圆润的臀部和性感的臀部曲线，一条腿自然向前伸向镜头，另一条腿微微弯曲以强调修长性感的双腿，双手轻轻放在肩膀高度的篮球杆上，极其诱人俏皮又惹人怜爱的鹿眼凝视直视观看者，带着柔软脆弱渴望的眼睛和温柔挑逗的微笑，充满安静的诱惑和欲望，强烈的机顶直射闪光灯产生锐利的镜面高光和强烈的眼神光，背景是黄昏天空下模糊的篮球场和篮筐，高对比度胶片调色，带有自然闪光灯外观，极其锐利却又柔和的皮肤渲染，具有真实的35毫米直射闪光美学，自然发丝，背心和短裤上逼真的织物纹理以及袜子细节，没有塑料感皮肤，没有数码过度锐化，没有磨皮，没有瑕疵，没有痣，没有油性皮肤，没有水印，没有文字，真实的35毫米直射闪光胶片篮球场外观 --ar 9:16,https://opennana.com/awesome-prompt-gallery/film-flash-basketball-girl
关键人物关系图谱,https://img.opennana.com/prompts/assets/202604/1776524925775-50l71kyc-1776524929755-1.jpeg,"Please generate a key character relationship diagram for ""XXX"".",,https://opennana.com/awesome-prompt-gallery/key-character-relationship-map
绝美国风工笔画书签设计,https://img.opennana.com/prompts/assets/202604/1776650975847-1nma63n7-1776650976613-1.jpeg,Generate a series of design drafts for Gongbi painting bookmarks.,,https://opennana.com/awesome-prompt-gallery/stunning-gongbi-bookmarks
定制专属风格界面设计系统,https://img.opennana.com/prompts/assets/202604/1776650340641-bcvqsa33-1776650341192-1.jpeg,"Generate a UI design system for me in xx style, including web pages, mobile, cards, controls, buttons, and others",用xx风格帮我生成一套UI设计系统，包含网页、移动端、卡片、控件、按钮 以及其它,https://opennana.com/awesome-prompt-gallery/custom-style-ui-system
杜蕾斯茶颜悦色联名海报设计,https://img.opennana.com/prompts/assets/202604/1776651220210-1p7znq2u-1776651220897-1.jpeg,Design a set of promotional materials for a Durex and Chayan Yuese co-branding campaign.,,https://opennana.com/awesome-prompt-gallery/durex-chayan-collaboration
马斯克专属篆刻印章设计,https://img.opennana.com/prompts/assets/202604/1776651210592-abdq2puj-1776651211160-1.jpeg,"Design a set of seal carving stamps for ""Elon Musk""",,https://opennana.com/awesome-prompt-gallery/elon-musk-seal-design
黑白线稿勾勒的上海风情,https://img.opennana.com/prompts/assets/202604/1776651205712-6uj48owv-1776651206338-1.jpeg,Design a Shanghai postcard in black line art style.,,https://opennana.com/awesome-prompt-gallery/black-and-white-line-art-shanghai
运动健身图标字体设计,https://img.opennana.com/prompts/assets/202604/1776651194007-pjnuipdp-1776651194583-1.jpeg,Generate a set of iconfont for a sports app,,https://opennana.com/awesome-prompt-gallery/sports-fitness-icon-font
景德镇青花瓷全景解说图谱,https://img.opennana.com/prompts/assets/202604/1776650445623-1hkmq7cf-1776650446602-1.jpeg,"Generate a detailed explanatory diagram of Jingdezhen blue and white porcelain, accompanied by detailed Chinese knowledge analysis.",,https://opennana.com/awesome-prompt-gallery/jingdezhen-blue-white-porcelain-diagram
美女举牌感谢大哥打赏大火箭,https://img.opennana.com/prompts/assets/202604/1776650737490-r1l0q5yv-1776650738041-1.jpeg,"Generate a screenshot of a TikTok live stream, a beautiful woman is live streaming, the beautiful woman is holding a sign in her hand, on which it says: Thank you Brother Xingzhe for the big rocket!",生成一个抖音直播的截图 ，一个美女在直播，美女手里拿着牌子，上面写着：谢谢行者大哥的大火箭！,https://opennana.com/awesome-prompt-gallery/beautiful-woman-thanking-brother-for-rocket
小王子与星舰的浪漫联名,https://img.opennana.com/prompts/assets/202604/1776650997947-ceus3snl-1776650998543-1.jpeg,Design a postcard co-branded by The Little Prince and SpaceX,,https://opennana.com/awesome-prompt-gallery/little-prince-spaceship-co-branding
言叶之庭春雨绿意单日历,https://img.opennana.com/prompts/assets/202604/1776651009597-zz9k5ud0-1776651010189-1.jpeg,"Generate a single-day calendar for The Garden of Words on April 19, 2026",生成一张言叶之庭2026年4月19日单日日历,https://opennana.com/awesome-prompt-gallery/garden-of-words-spring-rain-calendar
五一劳动节手举牌创意设计集,https://img.opennana.com/prompts/assets/202604/1776651017269-63t7t333-1776651017927-1.jpeg,Generate a series of hand-held sign designs for May Day Labor Day,,https://opennana.com/awesome-prompt-gallery/labor-day-sign-designs
2026谷雨节气唯美海报设计,https://img.opennana.com/prompts/assets/202604/1776651022724-dmkk3hxp-1776651023448-1.jpeg,Generate a poster for the Guyu solar term in 2026,,https://opennana.com/awesome-prompt-gallery/guyu-solar-term-poster-2026
奔赴山海胶片感海报,https://img.opennana.com/prompts/assets/202604/1776651200373-ex5aefj8-1776651200996-1.jpeg,"Design a poster with the theme of ""running towards the mountains and seas"" in a film photography style",设计一张主题是”奔赴山海”的胶片感摄影风格的海报,https://opennana.com/awesome-prompt-gallery/run-to-mountains-and-seas
瑜伽裤女主播展示身材曲线,https://img.opennana.com/prompts/assets/202604/1776650729722-rd4rhkwl-1776650730307-1.jpeg,"Mobile vertical screen interface, short video live streaming platform style, a young Asian female streamer selling goods through live streaming at home, the streamer is wearing tight yoga pants and a simple top, natural body curves, turning sideways to show the lines and elasticity of the pants, natural movements without exaggeration;",手机竖屏界面，短视频直播平台风格，一位年轻亚洲女主播在家中直播带货，主播穿着贴身瑜伽裤与简约上衣，身材曲线自然，正在侧身展示裤子的线条与弹性，动作自然不夸张；,https://opennana.com/awesome-prompt-gallery/yoga-pants-streamer-curves
抖音直播间的绝美女主播,https://img.opennana.com/prompts/assets/202604/1776650719212-3u93a518-1776650719811-1.jpeg,"Generate a screenshot of a Douyin livestream, inside there is a beautiful woman livestreaming",生成一个抖音直播的截图 里面是一个美女在直播,https://opennana.com/awesome-prompt-gallery/douyin-beautiful-streamer
抖音汉服美女直播带货截图,https://img.opennana.com/prompts/assets/202604/1776650724977-7cfjghe1-1776650726134-1.jpeg,"Generate a screenshot of a Douyin live stream, featuring a beautiful woman wearing traditional Chinese clothing selling goods during the live broadcast.",生成一个抖音直播的截图里面是一个穿着中国传统服饰的美女在直播卖货,https://opennana.com/awesome-prompt-gallery/douyin-hanfu-livestream
快手直播离婚预告手机截图,https://img.opennana.com/prompts/assets/202604/1776649739777-exnda1n7-1776649740321-1.jpeg,"Generate Kuaishou content screenshot: Theme: Live divorce announcement, iPhone size",生成快手内容截图：主题：直播离婚预告，iPhone尺寸,https://opennana.com/awesome-prompt-gallery/kuaishou-live-divorce-screenshot
精致女孩背后的网贷真相,https://img.opennana.com/prompts/assets/202604/1776649734543-hyg8xy4c-1776649735044-1.jpeg,"Generate Xiaohongshu content screenshot, theme: Behind every exquisite girl there is online loan, iPhone size",生成小红书内容截图，主题：精致女孩背后都有网贷，iPhone尺寸,https://opennana.com/awesome-prompt-gallery/exquisite-girl-online-loan-truth
抖音AI低价引流爆款截图,https://img.opennana.com/prompts/assets/202604/1776649729517-tyx0ve0h-1776649730151-1.jpeg,"Generate a screenshot of Douyin content, theme: Catch up with the AI wave, 9.9 to learn it all, iPhone size",生成抖音内容截图，主题：跟上AI浪潮9.9包教会，iPhone尺寸,https://opennana.com/awesome-prompt-gallery/douyin-ai-low-price-screenshot
智能视频生成器暗黑界面设计,https://img.opennana.com/prompts/assets/202604/1776648854071-eq5n7xyy-1776648854579-1.jpg,"Render a professional iOS APP homepage UI image, the theme is AI Video Generator, English interface. Professional-level design, professional style, dark theme.","渲染一个专业的IOS APP首页UI图，该主题为AI Video Generator,英文界面。专业级设计，专业风格，暗黑色主题。",https://opennana.com/awesome-prompt-gallery/ai-video-generator-dark-ui
苹果园远观库克发布新机,https://img.opennana.com/prompts/assets/202604/1776649086624-e0fo2023-1776649087264-1.jpg,"Amateur iPhone photo at Apple Park during the iPhone 20 keynote, Tim Cook presenting on stage. Shot from the crowd at a distance",在Apple Park iPhone 20主题演讲期间拍摄的业余iPhone照片，蒂姆·库克在舞台上演讲。从远处的观众人群中拍摄,https://opennana.com/awesome-prompt-gallery/apple-park-tim-cook-keynote
唯美二次元角色介绍网页,https://img.opennana.com/prompts/assets/202604/1776648297166-88zmyt84-1776648297688-1.jpg,"Please fill in the unfilled parts by your partner or yourself
 #ObservatoryTowerMorningTheme  #ObservatoryTowerGoodMorningTheme

Using the latest model image generation tool,
Using this chibi character illustration and standing picture, create a character introduction page style illustration like a real website page. (Something that would not be strange to use as an introduction page)
A high-quality item imagining a gal game character introduction page. Facial variations etc. are also included, CG illustrations exist. A chibi character exists.

""Self-introduction here""

Name: (Name here) 
Image color: (Color here) 
Height: (Height here)cm 
Weight: (Weight here)kg
Catchphrase: ""Dialogue here""","埋まってないところはパートナーさんかご自身で埋めてあげてください
 #観測塔朝お題  #観測塔おはようお題

最新モデルの画像生成ツールを使用して、
このちびキャライラストと立ち絵を使って本物のサイトページのようにキャラクター紹介ページ風イラストを作ってください。 （紹介ページとして使ってもおかしくないもの）
ギャルゲーのキャラクター紹介ページをイメージした高品質なもの。 顔の差分なども乗っている、CGイラストが存在する。ちびキャラが存在する。

「ここに自己紹介」

名前:（ここに名前） 
イメージカラー:（ここに色） 
身長:（ここに身長）cm 
体重:（ここに体重）kg
キャッチコピー:""「ここにセリフ」""",https://opennana.com/awesome-prompt-gallery/beautiful-anime-character-page
Z世代Y2K平价美妆广告图,https://img.opennana.com/prompts/assets/202604/1776527271516-4go9vf4d-1776527284495-1.jpeg,"Cute Y2K style affordable cosmetics advertising image designed for Gen Z. Using vibrant color schemes, including neon colors. Aspect ratio is 3:4.",为Z世代设计的可爱Y2K风格的平价化妆品广告图像。使用鲜艳的配色，包括荧光色。纵横比为3:4。,https://opennana.com/awesome-prompt-gallery/gen-z-y2k-affordable-makeup-ad
日式潮流广告四联画,https://img.opennana.com/prompts/assets/202604/1776527138994-7uc10dwo-1776527145970-1.jpeg,"Generate four fictional Japanese advertisement images, covering different types arranged side by side. Trendy design created by professional designers. Aspect ratio 1:1",生成四张虚构的日式广告图片，涵盖不同类型并排排列。采用专业设计师创作的潮流设计。宽高比为1:1,https://opennana.com/awesome-prompt-gallery/japanese-trendy-ads
桌面上的黑色圆珠笔手写笔记,https://img.opennana.com/prompts/assets/202604/1776649145171-ay8e2br3-1776649145722-1.jpg,"Amateur photo of an open notebook lying flat, filled with handwritten notes in black ballpoint pen. The handwriting is casual and slightly messy, like personnal notes, natural imperfections, crossed out words, underlined headings. Shot from slightly above, natural daylight from a window, no flash. Casual desk setting, shot on iPhone",一张平放着的打开的笔记本的业余照片，里面填满了用黑色圆珠笔写的手写笔记。笔迹随意且略显凌乱，就像个人笔记，自然的瑕疵，划掉的单词，划线的标题。从略高角度拍摄，来自窗户的自然日光，未使用闪光灯。随意的桌面设置，用 iPhone 拍摄。,https://opennana.com/awesome-prompt-gallery/black-pen-handwritten-notes
宋朝文人的赛博朋友圈,https://img.opennana.com/prompts/assets/202604/1776649220774-zbxdxwuf-1776649221251-1.jpg,"""Song Dynasty People's Moments""/""SONG DYNASTY SOCIAL MEDIA FEED"", Ancient and modern time-travel humor fusion interface design style, The image simulates a mobile phone social media interface, but the content is entirely Song Dynasty scenes, The avatar is a portrait of a Song Dynasty literati, Username ""Su Dongpo SuShi_Official"", Post content ""Just arrived in Huangzhou, demoted but feeling okay. Made Dongpo pork myself today, tastes amazing, recipe attached:"", The attached image is a close-up of Dongpo pork in Gongbi painting style, Likes list ""Huang Tingjian, Qin Guan, Fo Yin etc. 126 people"", Comments section ""Wang Anshi: Hehe"" ""Sima Guang: Still the same taste"", Interface elements such as the like icon are replaced with Song Dynasty patterns, The status bar shows ""Great Song Mobile 5G"" and ""Third Year of Yuanfeng"", The color scheme is mobile phone dark mode paired with elegant Song Dynasty tones, A masterpiece of fun collision between history and social media","""宋朝人的朋友圈""/""SONG DYNASTY SOCIAL MEDIA FEED""，古今穿越幽默融合界面设计风格，画面模拟手机社交媒体界面，但内容全部是宋朝场景头像是宋代文人画像，用户名""苏东坡SuShi_Official""，发布内容""刚到黄州，被贬了但心情还行。今天自己做了东坡肉，味道绝了，附菜谱：""，配图为工笔画风格的东坡肉特写，点赞列表""黄庭坚、秦观、佛印等126人""，评论区""王安石：呵呵""""司马光：还是那个味道""，界面元素如点赞图标用宋代花纹替代，状态栏显示""大宋移动 5G""和""元丰三年""，配色为手机深色模式搭配宋代雅致色调，历史与社交媒体的趣味碰撞杰作",https://opennana.com/awesome-prompt-gallery/song-dynasty-cyber-social-feed
威化岛回军前夕李成桂动态,https://img.opennana.com/prompts/assets/202604/1776649396100-yd9peqr2-1776649396641-1.jpg,Please create an X page of King Taejo Yi Seong-gye (right before carrying out the Wihwa Island Retreat - containing posts where he and General Choi Yeong are dissing each other).,,https://opennana.com/awesome-prompt-gallery/yi-seong-gye-x-page
拒绝盲目催婚的暖心视频号截图,https://img.opennana.com/prompts/assets/202604/1776649683026-zf97ea4u-1776649683623-1.jpg,"Generate a screenshot of WeChat Channels content, theme: middle-aged and elderly people should not blindly urge marriage, iPhone size",生成视频号内容截图，主题：中老年不要盲目催婚，iPhone尺寸,https://opennana.com/awesome-prompt-gallery/stop-blindly-urging-marriage
官方角色设定资料图鉴,https://img.opennana.com/prompts/assets/202604/1776648654863-etzr31q6-1776648655360-1.jpg,"Based on this character and background, please create a character sheet like an official setting material. 
・Include front, side, and back 3-view drawings ・Add character expression variations 
・Disassemble and display detailed parts of costumes and equipment ・Add a color palette ・Include a brief explanation of the world view 
・Overall organized layout
(White background, diagrammatic style) 
・Aspect ratio 16:9 　←
High resolution, professional concept art style","このキャラクターと背景を元に、 公式設定資料のようなキャラクターシートを作成してください。 
・正面、側面、背面の3面図を含める ・キャラクターの表情バリエーションを追加 
・衣装や装備の詳細パーツを分解して表示 ・カラーパレットを追加 ・世界観の簡単な説明を入れる 
・全体は整理されたレイアウト
（白背景、図解風） 
・アスペクト比16：9 　←

高解像度、プロのコンセプトアートスタイル",https://opennana.com/awesome-prompt-gallery/official-character-reference-sheet-1776648663050
GPT图像生成惊艳角色立绘,https://img.opennana.com/prompts/assets/202604/1776648517612-j7efmseu-1776648518094-1.jpg,I borrowed it and tried making a character sheet using the rumored GPT-Image-2 Awesome(๑°ㅁ°๑)‼✧ It seems like it would turn out even better if I gave it various more instructions✨ The character is my alter ego that I asked Chappy to draw for me before( *¯ ꒳¯*) #GPTimage #AIgenerated,お借りして噂のGPT-Image-2でキャラシート作ってみましたｽｺﾞｯ(๑°ㅁ°๑)‼✧更に色々指示してあげたらもっといい感じになりそう✨キャラは以前チャッピーにお願いして描いて貰った我が分身です( *¯ ꒳¯*),https://opennana.com/awesome-prompt-gallery/gpt-image-character-sheet
日式温泉旅馆人像,https://img.opennana.com/prompts/assets/202604/1776646868548-zx0wg4lb-1776646869100-1.jpg,"35mm film photography, warm vintage Japanese onsen ryokan aesthetic, soft ambient wooden lantern lighting mixed with gentle natural window light, subtle film grain, gentle color shift, high atmosphere editorial style, intimate medium shot, early 20s beautiful Chinese female idol with ultra-realistic delicate refined Chinese features, seductive almond-shaped fox eyes with natural double eyelids, high nose bridge, small sharp V-shaped jawline, flawless porcelain skin with warm ivory undertone, visible subtle skin texture and micro pores, soft natural makeup with dewy glow, subtle rosy flush on cheeks, natural soft pink lips slightly parted, long dark brown hair tied in a loose low bun with some messy strands falling around face and neck, wearing a loose white yukata (traditional Japanese bathrobe) deliberately slipped off one shoulder and loosely tied at the waist, the fabric slightly open revealing smooth skin and subtle cleavage, barefoot, seductive relaxed sitting pose on the edge of a traditional wooden engawa veranda at a vintage onsen ryokan, body slightly turned toward the camera, one leg bent with foot resting on the wooden floor, the other leg gently dangling, one hand lightly holding the yukata collar, the other hand resting on the wooden floor behind her for support, softly arched back to gently accentuate curves, intensely seductive yet gentle and inviting gaze straight at the viewer with soft doe eyes full of quiet temptation and warmth, warm wooden interior with paper sliding doors and distant steaming hot spring in soft focus, gentle rim lighting highlighting skin and fabric texture, authentic vintage film color grading with warm tones, extremely sharp yet soft skin rendering, natural hair strands, realistic fabric wrinkles and drape on the yukata, no plastic skin, no digital over-sharpening, no airbrushing, no blemishes, no moles, no oily skin, no watermark, no text, authentic 35mm film Japanese onsen ryokan atmosphere",,https://opennana.com/awesome-prompt-gallery/japanese-hot-spring-inn
橙红渐变中的孤独剪影,https://img.opennana.com/prompts/assets/202604/1776646750181-j63h7nmo-1776646751332-1.jpg,"Generate a cinematic minimal portrait of a solitary man standing in an intense orange to red gradient environment, strong silhouette lighting, deep shadow contrast, reflective glossy floor, symmetrical composition, minimal",生成一张电影级极简肖像，一个孤独的男人站在强烈的橙色到红色渐变环境中，强烈的剪影光，深邃的阴影对比，反光的光滑地面，对称构图，极简,https://opennana.com/awesome-prompt-gallery/orange-red-lonely-silhouette
成都吃货暴走手绘美食地图,https://img.opennana.com/prompts/assets/202604/1776647244876-zg87zv6d-1776647245721-1.jpg,"A hand-drawn style city food map themed around Chengdu. The background is a bird's-eye view hand-drawn simplified city map, marking main roads and landmarks, not pursuing precise proportions but pursuing a cute hand-drawn feel. Distributed on the map are exquisite hand-drawn small illustrations of 12 food locations: Chuandu Chuanxiang skewers at Chunxi Road (a bunch of bamboo skewers with various ingredients emitting steam), Sandapao at Kuanzhai Alley (three glutinous rice balls flying towards a copper plate), Danhonggao at Jianshe Road (golden and crispy, being flipped), hotpot at Yulin Road (nine-grid pot rolling and bubbling), etc. Each illustration accounts for about 5% of the map area, with handwritten store names and a recommendation phrase ""the one with a queue even at 2 AM"" next to it. The edge of the map is decorated with hand-drawn vines and chili peppers to form a border. There is a hand-drawn compass and legend description in the bottom right corner. The title ""Chengdu · Foodie Walking Map"" in the top left corner uses chubby round hand-drawn artistic fonts decorated with chili peppers. The overall art style is a mixed hand-drawn texture of watercolor and colored pencils, with colors mainly in warm tones (chili red, ginger yellow, emerald green), image ratio 1:1.","一张手绘风格的城市美食地图，以成都为主题。画面以鸟瞰视角的手绘简化城市地图为底，标注主要道路和地标但不追求精确比例而是追求可爱的手绘感。地图上分布着 12 个美食地点的精致手绘小插画：春熙路的串串香（一把竹签插着各种食材冒着热气）、宽窄巷子的三大炮（三个糯米团子飞向铜盘）、建设路的蛋烘糕（金黄酥脆正在翻面）、玉林路的火锅（九宫格锅翻滚冒泡）等，每个插画约占地图的 5% 面积，旁边用手写体标注店名和一句推荐语""凌晨两点还在排队的那家""。地图边缘用手绘藤蔓和辣椒装饰形成边框。右下角有一个手绘指南针和图例说明。左上角标题""成都·吃货暴走地图""使用胖圆的手绘美术字配辣椒装饰。整体画风为水彩+彩铅混合的手绘质感，颜色以暖色系（辣椒红、姜黄、翠绿）为主，图片比例 1:1。",https://opennana.com/awesome-prompt-gallery/chengdu-foodie-walking-map
一张采用分层蒙太奇构图的电影海报,https://img.opennana.com/prompts/assets/202604/1776526972578-td0hm5vb-1776526980244-1.jpeg,"A cinematic movie poster utilizing a layered montage composition. In the background, a coastal town at sunset with calm ocean water reflecting a glowing sun glare, distant birds in a hazy sky, and the silhouette of utility poles along a coastal road. In the left midground, a middle-aged man with dark wavy hair in a dark grey jacket stands near a concrete sea wall, looking downward with a melancholic expression, backlit by the late afternoon sun. Dominating the right foreground is a large, closely cropped profile portrait of a young woman looking right; she wears a dark school sailor uniform with white stripes, has wet dark hair clinging to her face, and a single tear rolls down her cheek under soft, diffuse lighting. In the lower center foreground, a Shiba Inu dog looks upwards toward the right, its reddish-brown fur catching warm rim lighting. Along the very bottom edge is a horizontal film strip of five distinct rectangular scene thumbnails: a dog and girl on a beach, a girl on a bicycle looking at the water, a girl and man sitting at an indoor table, a man and girl standing facing each other on a beach, and a close-up of a girl hugging a Shiba Inu. Overlaid on the image is specific text. In the top left, large dark teal serif text reads 'The Quiet Between Winds' with a subtitle below reading '— To You, That Day —'. Below that, smaller dark serif body text reads 'What is lost will not return. And yet, when hearts connect, even just a little, we can face tomorrow again.'. On the mid-right side, dark serif text reads 'There was a time when you taught me how to live. I won't forget it.'. In the bottom left, large white text reads 'OCTOBER 31 FRI. IN THEATERS'. In the lower right corner, small white sans-serif credit text reads 'Starring: Mako Fukunami / Shusaku Kirimine Original Story & Screenplay: Shibano Maruo Director: Nanami Imakura Theme Song: SyVa \""Umi no Mieru de\"" (Dogstar★RECORDS) Production: \""Yūnagi no Shippo\"" Film Partners Production Company: DABUSHIBANU-NU Distribution: GOODSHIBALERS ©2026 \""Yūnagi no Shippo\"" Film Partners'.""
  segmented:
    - layer_index: 0
      segment: ""In the background, a coastal town at sunset with calm ocean water reflecting a glowing sun glare, distant birds in a hazy sky, and the silhouette of utility poles along a coastal road.""
    - layer_index: 1
      segment: ""In the left midground, a middle-aged man with dark wavy hair in a dark grey jacket stands near a concrete sea wall, looking downward with a melancholic expression, backlit by the late afternoon sun.""
    - layer_index: 2
      segment: ""Dominating the right foreground is a large, closely cropped profile portrait of a young woman looking right; she wears a dark school sailor uniform with white stripes, has wet dark hair clinging to her face, and a single tear rolls down her cheek under soft, diffuse lighting.""
    - layer_index: 3
      segment: ""In the lower center foreground, a Shiba Inu dog looks upwards toward the right, its reddish-brown fur catching warm rim lighting.""
    - layer_index: 4
      segment: ""Along the very bottom edge is a horizontal film strip of five distinct rectangular scene thumbnails: a dog and girl on a beach, a girl on a bicycle looking at the water, a girl and man sitting at an indoor table, a man and girl standing facing each other on a beach, and a close-up of a girl hugging a Shiba Inu.""
    - layer_indices: [5, 6, 7, 8]
      segment: ""Overlaid on the image is specific text. In the top left, large dark teal serif text reads 'The Quiet Between Winds' with a subtitle below reading '— To You, That Day —'. Below that, smaller dark serif body text reads 'What is lost will not return. And yet, when hearts connect, even just a little, we can face tomorrow again.'. On the mid-right side, dark serif text reads 'There was a time when you taught me how to live. I won't forget it.'. In the bottom left, large white text reads 'OCTOBER 31 FRI. IN THEATERS'. In the lower right corner, small white sans-serif credit text reads 'Starring: Mako Fukunami / Shusaku Kirimine Original Story & Screenplay: Shibano Maruo Director: Nanami Imakura Theme Song: SyVa \""Umi no Mieru de\"" (Dogstar★RECORDS) Production: \""Yūnagi no Shippo\"" Film Partners Production Company: DABUSHIBANU-NU Distribution: GOODSHIBALERS ©2026 \""Yūnagi no Shippo\"" Film Partners'.""

negative: ""flat lighting, untextured surfaces, symmetrical composition, empty bottom margin, missing text, translated text, paraphrased text, 3D render, cartoon, high-contrast harsh shadows, dry hair, bright cheerful expressions","“一张采用分层蒙太奇构图的电影海报。背景为日落时分的海滨小镇，平静的海面倒映着耀眼的日光眩光，薄雾笼罩的天空中有远处飞鸟，沿海公路旁立着电线杆剪影。左侧中景处，一位身着深灰色外套、留着深色卷发的中年男子站在混凝土海堤边，神情忧郁地低头凝视，被傍晚的阳光逆光勾勒轮廓。右侧前景主体为一张大幅特写年轻女子侧脸肖像，她望向右侧，身穿带白色条纹的深色水手校服，湿润的黑发贴在脸颊，柔和漫射光线下，一滴泪珠从她脸颊滑落。画面下方中央前景处，一只柴犬抬头朝右侧望去，红棕色毛发被温暖的轮廓光点亮。画面最底端为一条横向电影胶片，内含五幅独立矩形场景缩略图：女孩与柴犬在海滩、女孩骑车望向海面、女孩与男子坐在室内桌前、男子与女孩在海滩面对面站立、女孩拥抱柴犬的特写。画面叠加指定文字：左上角为深青绿色大号衬线字体标题《风间静语》，下方副标题为「—— 致那日的你 ——」；标题下方为小号深色衬线正文：“逝去之物，不复归来。然而，只要心灵稍稍相连，我们便能再度直面明日。” 画面右侧中部为深色衬线字体文字：“曾有一段时光，是你教会我如何生活。我永不会忘。” 左下角为大号白色文字：“10 月 31 日 周五 影院上映”。右下角为小号白色无衬线字体演职人员表：“主演：福波真子 / 桐嶋秀作 原作与剧本：柴野麻吕 导演：今仓七海 主题曲：SyVa《看得见海的地方》（Dogstar★唱片） 制作：《夕凪之尾》影视伙伴 制作公司：DABUSHIBANU-NU 发行：GOODSHIBALERS ©2026《夕凪之尾》影视伙伴”。
分段提示词：
图层索引：0
片段：“背景为日落时分的海滨小镇，平静海面倒映耀眼日光眩光，薄雾天空中有远处飞鸟，沿海公路旁有电线杆剪影。”
图层索引：1
片段：“左侧中景处，身着深灰色外套、留深色卷发的中年男子站在混凝土海堤边，神情忧郁低头，被傍晚阳光逆光照射。”
图层索引：2
片段：“右侧前景主体为大幅特写年轻女子侧脸肖像，她望向右侧，身穿带白条纹的深色水手校服，湿润黑发贴脸，柔和漫射光下一滴泪珠滑落脸颊。”
图层索引：3
片段：“画面下方中央前景处，一只柴犬抬头望向右侧，红棕色毛发被温暖轮廓光点亮。”
图层索引：4
片段：“画面最底端为横向电影胶片，内含五幅独立矩形场景缩略图：女孩与柴犬在海滩、女孩骑车望向水面、女孩与男子坐在室内桌前、男子与女孩在海滩面对面、女孩拥抱柴犬特写。”
图层索引：[5,6,7,8]
片段：“画面叠加指定文字：左上角为深青绿色大号衬线字体《风间静语》，下方副标题「—— 致那日的你 ——」；其下小号深色衬线正文：“逝去之物，不复归来。然而，只要心灵稍稍相连，我们便能再度直面明日。” 右侧中部深色衬线文字：“曾有一段时光，是你教会我如何生活。我永不会忘。” 左下角大号白色文字：“10 月 31 日 周五 影院上映”。右下角小号白色无衬线字体演职信息：“主演：福波真子 / 桐嶋秀作 原作与剧本：柴野麻吕 导演：今仓七海 主题曲：SyVa《看得见海的地方》（Dogstar★唱片） 制作：《夕凪之尾》影视伙伴 制作公司：DABUSHIBANU-NU 发行：GOODSHIBALERS ©2026《夕凪之尾》影视伙伴”。
负面提示词：
“平光照明，无质感表面，对称构图，底部留白空荡，文字缺失，翻译文字，改写文字，3D 渲染，卡通风格，高对比生硬阴影，干涩头发，明亮欢快表情”",https://opennana.com/awesome-prompt-gallery/film-poster-with-layered-montage
红绸幻化壮阔国潮羊城,https://img.opennana.com/prompts/assets/202604/1776647354066-qbu0tt3i-1776647355142-1.jpg,"A 2026 city promotional poster full of a festive Chinese New Year atmosphere yet maintaining an elegant style.
Double exposure, the composition continues the flowing sense of an S-shape;
In the lower right corner of the pure white textured background, a miniature figure wearing traditional Chinese clothing is waving a long red silk dance ribbon, this red silk dances in the air, not only showing the smooth texture of the silk, but also in the process of drifting to the upper left, magically transforming into a magnificent mountain range and river.
In this ""river"", a hand-drawn map of Guangzhou city with mountains, sea, and rivers is superimposed, Guochao, the scenery is fully in view, magnificent and majestic, breathtaking.
Guangzhou's landmark buildings (Canton Tower, Pearl River New City building complex, Pearl River, ancient buildings in Guangzhou city, cruise ships, Baiyun Mountain).
Surrounded by clouds and mist, ethereal and misty, rich in colors, complex in structure, rich in details, but because of a large area of negative space, the picture still appears fresh and refined, the lower left corner is typeset with ""SPRING 2026"" and vertical promotional slogans, the overall implication is ""Millennium Commercial Capital, Charming Guangzhou"".
Beautiful and generous typography, clear and complete handwriting, aspect ratio 9:16.","一张充满新春喜庆氛围但不失高雅格调的 2026 城市宣传海报。
双重曝光，构图延续了S型的流动感；
在纯白的纹理背景右下角，一个身穿中国传统服饰的微缩人物正在挥舞着一条长长的红色丝绸舞带，这条红绸在空中舞动，不仅展现出丝绸的柔顺质感，更在向左上方飘动的过程中，奇幻地变形成了一条壮丽的山脉河流。
在这条""河流""中，叠加了一个有山有海河的广州城市手绘图，国潮，景色尽在眼底，壮阔雄伟，令人震撼。
广州的地标建筑(广州塔，珠江新城建筑群，珠江, 广州城里古建筑，游轮，白云山）。
云雾环绕，仙气缥缈，色彩丰富，结构复杂，细节丰富，但因为大面积的留白，画面依然显得清新脱俗，左下角排版着""SPRING 2026""和竖排的宣传语，整体寓意""千年商都，魅力广州""。
文字排版优美，大方，字迹清晰完整，尺寸9:16。",https://opennana.com/awesome-prompt-gallery/red-silk-guochao-guangzhou
奢华魅力黑人女性海滨摄影,https://img.opennana.com/prompts/assets/202604/1776647015408-y45n5335-1776647015942-1.jpg,"Luxury Glam Beauty Portrait:, Beautiful Black woman, youthful spirit, creamy vanilla, silk press, mahogany red, subtle confidence, textured fabric, sapphire blue, minimal jewelry, beachside breeze, lens flare effect, nostalgic, cinematic lens, symmetrical composition, soft focus, high fashion photography, monochromatic, dewy finish, mysterious tension, layered elements","奢华魅力美容肖像：, 美丽的黑人女性, 青春活力, 奶油香草色, 丝绸柔顺发, 红木色, 微妙的自信, 有质感的面料, 蓝宝石色, 极简珠宝, 海滨微风, 镜头光晕效果, 怀旧的, 电影镜头, 对称构图, 柔焦, 高级时尚摄影, 单色的, 水光质感, 神秘张力, 分层元素",https://opennana.com/awesome-prompt-gallery/luxury-glam-beauty-portrait
阿马尔菲海岸复古旅行海报,https://img.opennana.com/prompts/assets/202604/1776647192059-z26vvudz-1776647192846-1.jpg,"Modern pencil illustration of Vintage travel poster illustration of the Amalfi Coast, Italy, panoramic coastal cliff road scene, classic 1960s white car driving along a curved seaside road, deep blue Mediterranean sea with small sailboats, colorful pastel hillside village, bright blue sky with soft clouds, lemon tree branches with vibrant yellow lemons framing the foreground, warm summer sunlight, bold vibrant colors, retro 1950s travel poster style, cinematic composition, high detail, screen print texture, graphic illustration. Hand-drawn style, illustration with loose strokes and defined contours. High-contrast color palette, maintaining chromatic harmony between background and elements. Contemporary and decorative aesthetic.",现代铅笔插画，意大利阿马尔菲海岸复古旅行海报插画，全景海岸悬崖公路场景，经典1960年代白色汽车沿着弯曲的海滨公路行驶，带有小帆船的深蓝色地中海，色彩缤纷的粉彩山腰村庄，带有柔软云朵的明亮蓝天，带有鲜艳黄色柠檬的柠檬树枝框定前景，温暖的夏日阳光，大胆鲜艳的色彩，复古1950年代旅行海报风格，电影级构图，高细节，丝网印刷质感，图形插画。手绘风格，带有松散笔触和清晰轮廓的插画。高对比度调色板，保持背景与元素之间的色彩和谐。现代与装饰性美学。,https://opennana.com/awesome-prompt-gallery/amalfi-coast-retro-poster
裂痕里的水墨东方山水画卷,https://img.opennana.com/prompts/assets/202604/1776647309409-j5ioy99k-1776647309934-1.jpg,,"Minimalist neo-Chinese aesthetic style, the picture uses an elegant grayish-white as the background, presenting a three-dimensional sense like paper art silhouettes. A winding S-shaped crack-like edge divides the picture, as if tearing open a layer of paper, revealing the colorful oriental landscape scene inside. Inside the crack, a winding river runs through the entire composition from top to bottom, the river water is rendered in different shades of blue, with clear layers, like a flowing ribbon. Both sides of the riverbank are dotted with verdant hills and terraced fields, the colors are soft, green and red interwoven, showing the tranquil beauty of the pastoral. Ancient-style buildings built along the river are well-proportioned, with flying eaves and upturned corners, white walls and black tiles, appearing more quaint and elegant against the light and shadow. The trees on the bank are lush, the branches and leaves are light and graceful, a small boat is quietly moored in the middle of the water, adding a bit of leisurely artistic conception. The overall composition presents an S-shaped curve, full of rhythm, as if the harmonious coexistence of nature and humanity. The edges of the painting adopt a torn paper effect, creating a visual experience like a three-dimensional relief. The inscription ""东方美学"" at the bottom is written in black regular script, the date ""2026/04/18"" echoes with the red seal, the word ""CHINA"" at the bottom is solemn and eye-catching, and the signature ""@LIYUE"" ends in a low-key way. The overall atmosphere is quiet and profound, full of poetry and philosophical thinking.",https://opennana.com/awesome-prompt-gallery/cracked-ink-oriental-landscape
涂鸦速写风AI建造者大师,https://img.opennana.com/prompts/assets/202604/1776647559544-xrha4n2w-1776647560359-1.jpg,"Express [an awesome AI builder] in a graffiti sketch style, overall presenting a visual effect of quick sketching, free deformation, impromptu hand-drawing and draft-like. The lines are casual, exaggerated, and can vary in thickness, slightly messy but with rhythm and expressiveness, emphasizing summarization, exaggeration, fun and casualness, rather than rigorous realism or fine depiction. The colors use rough blocks with obvious dry brush feel, retaining uneven smearing traces, brush strokes, flying white and covering feel, the colors automatically adapt according to [theme/subject], but overall maintain a graffiti-style, sketch-style, and summarized expression. Do not use transparent watercolor smudging effects, do not use delicate watercolor transitions, do not use paper texture, do not use soft atomization, do not use dreamy texture. The background is mainly blank, keeping it simple, relaxed, unfinished and designed, can add a small amount of auxiliary symbols, arrows, marks, circled drawings, repeated lines, casually written text or other graffiti elements, to enhance the sketchbook or essay-style visual language, but it must not be too crowded, and must not destroy the subject and blank temperament. The picture content does not need to be written clearly in advance; [an awesome AI builder] automatically deduces and generates the most suitable subject image, movements, related elements, symbols or simplified scenes, overall maintaining a unified graffiti sketch style and exaggerated summarized expression method, avoiding complex realistic backgrounds and excessive padding. The exclusive signature ""BlanPlan"" needs to be naturally added into the picture as a part of the picture, the position is low-key but clear, can be placed in the bottom left corner, bottom right corner or near the title, the style needs to be unified with the overall layout, like an artwork signature or design sign-off; the signature font is exquisite, restrained, and high-end, must not be too large, must not destroy the subject composition, must not appear abrupt or cheap.","以涂鸦速写风表现【一个厉害的AI builder】，整体呈现快速勾勒、自由变形、即兴手绘与草稿式的视觉效果。线条随手、夸张、可粗细不一，略显凌乱但具有节奏和表现力，强调概括、夸张、趣味和随性，而不是严谨写实或精细刻画。  颜色采用粗糙、干刷感明显的块面表现，可保留不均匀的涂抹痕迹、刷痕、飞白与覆盖感，色彩根据【主题/主体】自动适配，但整体保持涂鸦式、速写式、概括式的表达。不要透明水彩晕染效果，不要细腻水彩过渡，不要纸纹理，不要柔和雾化，不要梦幻质感。  背景以留白为主，保持简洁、轻松、未完成感和设计感，可加入少量辅助性符号、箭头、记号、圈画、重复线、随手写的文字或其他涂鸦元素，以增强速写本或随笔式视觉语言，但不可过于拥挤，不可破坏主体和留白气质。  画面内容不需要预先写清楚，由【一个厉害的AI builder】自动推演并生成最适合的主体形象、动作、相关元素、符号或简化场景，整体保持统一的涂鸦速写风和夸张概括的表现方式，避免复杂写实背景和过度铺陈。 画面中需自然加入专属签名""BlanPlan""，作为画面的一部分，位置低调但清晰，可放在左下角、右下角或标题附近，风格需与整体版式统一，像作品署名或设计落款；签名字体精致、克制、高级，不可过大，不可破坏主体构图，不可显得突兀或廉价。",https://opennana.com/awesome-prompt-gallery/graffiti-sketch-ai-builder-master
赛博朋克科幻曼荼罗,https://img.opennana.com/prompts/assets/202604/1776647661349-ksm6aek9-1776647662333-1.jpg,"I had ChatGPT create images, and when I had it create them again today, it might be GPT image 2, and it seems like the quality has changed, so I'm making a note of it

The light blue and yellow one on the left is from last week
The purple one on the right is from today

I feel like the transparency, resolution, and fineness are different for the one on the right.

Prompt
Draw a near-future sci-fi version of a mandala","でChatGPTで画像を作成してもらって、今日また作成してもらったらGPT image 2かもしれず、出来が変わったように見えるのでメモ

左の水色と黄色のが先週
右の紫のが今日

右のは透明感とか解像度、緻密さが違うような気がする…

プロンプト
曼荼羅の近未来SF版を描いて",https://opennana.com/awesome-prompt-gallery/cyberpunk-sci-fi-mandala
温柔治愈系二次元手机截图,https://img.opennana.com/prompts/assets/202604/1776647092531-mahcsxko-1776647093064-1.jpg,"Generate a portrait mobile phone screenshot style image, with an overall aspect ratio close to 9:16. In the upper center of the frame is a real-life coser, playing a 2D anime character named (Character Name). The character is in a realistic style, but with facial features slightly showing an anime feel, delicate skin, slightly larger eyes, a gentle expression looking at the camera, sitting in an indoor casual scene, such as in front of a cafe or bar counter, with background props fitting the scene. At the very top of the image, add a mobile phone system status bar UI, including icons for time, battery, signal, and network, to make the whole image look like a mobile phone screenshot. At the bottom of the image, overlay a wide semi-transparent galgame style dialog box, place an anime or Q-version avatar corresponding to the character in the image on the left side of the dialog box; on the right side of the dialog box, typeset text: the first line displays the same character name as before in a larger font, the following one to two lines display a piece of Simplified Chinese dialogue suitable for this character's personality, in a gentle and healing style, automatically created by you. Then add an operation bar below the dialog box, imitating the galgame UI. The overall style is high-definition, rich in details, with soft lighting, and a natural fusion of 2D anime and real-life photography.",生成一张竖版手机截图风格的图片，整体比例接近 9:16。画面中心偏上是一位真人 coser，扮演（角色名称）的二次元角色。人物为写实风格，但五官略带动漫感，皮肤细腻，眼睛稍大，表情温柔地看向镜头，坐在室内的休闲场景中，例如咖啡厅或酒吧吧台前，背景有符合场景的道具。画面最上方加入手机系统状态栏 UI，包括时间、电量、信号、网络等图标，让整张图看起来像手机截图。画面底部叠加一块宽大的半透明 galgame 风格对话框，对话框左侧放一个与画面人物对应的动漫或 Q 版头像；对话框右侧排版文字：第一行用较大字体显示与前面相同的角色名字，下面一到两行显示一段适合这个角色人设的、温柔治愈风格的简体中文台词，由你自动创作。再在对话框下方加一条操作栏，仿照 galgame UI。整体风格高清、细节丰富、光线柔和、二次元与真人写真自然融合。,https://opennana.com/awesome-prompt-gallery/gentle-healing-anime-screenshot
小恶魔莉莉香超任游戏海报,https://img.opennana.com/prompts/assets/202604/1776647720029-8gg1qu9v-1776647720849-1.jpg,"that ""Think of a poster when the little devil Lilim Lily-chan was a Super Famicom game"" with just a few images
this quality without any detailed explanation spells is amazing!","が「小悪魔リリムリリィちゃんが　スーパーファミコンのゲームだったときのポスターを考えて」に　画像数枚だけで
このクオリティ　細かい説明呪文なし　すごいぜ！",https://opennana.com/awesome-prompt-gallery/little-devil-lily-sfc-poster
温馨卧室里的少女自拍,https://img.opennana.com/prompts/assets/202604/1776646950180-v0k8foxg-1776646950754-1.jpg,"A stunning 18-year-old Chinese girl with a youthful, pure face and realistic skin texture, sitting on a cozy, slightly messy bed in her bedroom. She is taking a mirror selfie with a smartphone, capturing a natural and intimate moment. Wearing casual gray loungewear and neat white crew socks. Soft natural light (golden hour) streams in from a side window, creating a warm, moody, and cinematic atmosphere. 35mm lens, sharp focus on the subject in the mirror, depth of field with a beautifully blurred background (bokeh). Photorealistic, 8K, high resolution, studio quality, masterpiece.
Negative Prompts: no extra limbs, no deformed hands, no blur, no noise, no watermark, no text, no cartoon/anime style. Aspect Ratio: 3:4.",一个惊艳的18岁中国女孩，拥有年轻纯真的脸庞和逼真的皮肤纹理，坐在她卧室里一张舒适且略显凌乱的床上。她正用智能手机拍镜子自拍，捕捉一个自然且亲密的瞬间。穿着随意的灰色居家服和整洁的白色船袜。柔和的自然光（黄金时刻）从侧面窗户照进来，营造出一种温暖、富有情绪感和电影般的氛围。35毫米镜头，对镜子中的主体保持锐利对焦，带有美丽模糊背景（散景）的景深。照片写实，8K，高分辨率，影棚级质量，杰作。反向提示词：没有多余的肢体，没有变形的手，没有模糊，没有噪点，没有水印，没有文字，没有卡通/动漫风格。长宽比：3:4。,https://opennana.com/awesome-prompt-gallery/cozy-bedroom-girl-selfie
真实动漫画面快照,https://img.opennana.com/prompts/assets/202604/1776648147046-wpaonk6a-1776648147469-1.jpg,Show me the attached image as a snapshot from an actual anime,向我展示这张附带的图像作为一部真实动漫的快照,https://opennana.com/awesome-prompt-gallery/real-anime-snapshot
珠江新城剪纸璀璨夜景,https://img.opennana.com/prompts/assets/202604/1776648055004-203e9jn1-1776648055894-1.jpg,"Paper-cut art inspired by the modern urban landscape of Zhujiang New Town, through exquisite hollow-carving techniques on a single sheet of paper, three-dimensionally depicting landmark buildings such as Canton Tower, East and West Twin Towers, and the bustling cityscape. All buildings and elements are connected by smooth lines and structures, with no isolated parts, forming a complete urban scroll. The picture uses metallic foil or glossy paper material, with delicate light and dark gloss on the surface, presenting soft highlights and shadows under illumination, as if gently illuminated by city lights. The background is set against a blurred Zhujiang New Town skyline, dotted with faintly visible outlines of Huacheng Square and trees, overall revealing a modern romantic atmosphere. The work cleverly integrates light dandelion fluff or starlight-like dynamic light points, symbolizing dreams and vitality fluttering and flying in this new city. The overall presents 8K ultra-high-definition vision, rich in details, realistic and full of artistic appeal.","以珠江新城现代都市景观为灵感的剪纸艺术，通过精巧的镂空手法在一整幅纸上，立体刻画广州塔、东西双塔等地标建筑与繁华城景。
所有建筑与元素均以流畅的线条与结构相连，无孤立部分，构成一幅完整的都市画卷。
画面采用金属箔或光泽纸材质，表面带有细腻的明暗光泽，在光照下呈现柔和的高光与阴影，仿佛被城市灯光轻轻照亮。
背景以虚化的珠江新城天际线为衬，点缀隐约可见的花城广场与树木轮廓，整体透出现代浪漫的氛围。
作品中巧妙融入轻盈的蒲公英绒毛或星光般的动态光点，象征梦想与活力在这座新城中飘散飞扬。整体呈现8K超高清视觉，细节丰富，真实而富有艺术感染力。",https://opennana.com/awesome-prompt-gallery/zhujiang-new-town-paper-cut-night
不知火舞的小红书主页,https://img.opennana.com/prompts/assets/202604/1776525235338-hpphzbth-1776525244931-1.jpeg,Generate a screenshot of Mai Shiranui's Xiaohongshu homepage,,https://opennana.com/awesome-prompt-gallery/mai-shiranui-xiaohongshu
抖音美女直播间界面设计,https://img.opennana.com/prompts/assets/202604/1776525372786-z3yu2f3w-1776525381382-1.jpeg,"Generate a TikTok live stream interface, the content is a beautiful woman live streaming",,https://opennana.com/awesome-prompt-gallery/tiktok-beauty-live-interface
特朗普金正恩抖音直播打PK,https://img.opennana.com/prompts/assets/202604/1776525231015-is7rotsa-1776525236567-1.jpeg,Generate a screenshot of Trump and Kim Jong-un doing a PK battle in a TikTok live stream room,生成特朗普和金正恩在抖音直播间打PK的截图,https://opennana.com/awesome-prompt-gallery/trump-kim-tiktok-pk
古风诗人镭射典藏卡牌,https://img.opennana.com/prompts/assets/202604/1776525802224-5a5ednw5-1776525822587-1.jpeg,"Design a set of game cards for ancient Chinese poets, classified by SSR SR R grades, with key cards having an enlarged display effect, including card face design and character introduction, having a very high-end game card texture, rare cards will also have special light and shadow effects such as holographic laser effects, requiring set card design and skill design, along with relatively detailed descriptions",为中国古代诗人设计一套游戏卡片，并按照SSR SR R 分级，重点卡片有放大展示的效果，包括卡面设计和人物介绍，有很高级的游戏卡片质感，稀有卡片还会有特色的光影例如镭射效果 需要有套卡设计和技能设计，并附带较为详细的说明,https://opennana.com/awesome-prompt-gallery/ancient-poet-holographic-collection
极致奢华的弹珠店梦幻宣传单,https://img.opennana.com/prompts/assets/202604/1776526234443-9hpkmik8-1776526249356-1.jpeg,"Create a sparkling flyer like those of a pachinko parlor at a 3:4 aspect ratio. Place a realistic, highly detailed modern cute Japanese woman. Make full use of sparkling, three-dimensional richly decorated rainbow typography, etc., and be sure to achieve extreme luxury. Introduce several non-existent fictional new models side by side.",以 3:4 比例制作一家弹珠店那种闪闪发光的宣传单。放置一个真实、精细的现代可爱日本女性。充分利用闪闪发光、立体感丰富的豪华装饰彩虹字体等，务必做到极致奢华。并列介绍几个不存在的虚构新机型。,https://opennana.com/awesome-prompt-gallery/luxurious-pachinko-flyer
明朝登基宝玉的推文页面,https://img.opennana.com/prompts/assets/202604/1776525706488-cqvbcfn0-1776525713548-1.jpeg,"Create a new X post page illustrated for Baoyu (refer to the homepage and some posts of this Twitter user at https://x.com/dotey) after time-traveling to the Ming Dynasty and ascending the throne, based on his business/personality.",创建一个宝玉（查阅 https://x.com/dotey 这个推主的主页及部分推文）穿越到明朝，登基之后依据其业务/个性，绘制的其新的X帖子页面。,https://opennana.com/awesome-prompt-gallery/ming-dynasty-baoyu-tweet
聚焦人工智能的校园日报,https://img.opennana.com/prompts/assets/202604/1776525517075-n2mzyfzh-1776525526017-1.jpeg,"Generate a campus daily newspaper, theme AI education",,https://opennana.com/awesome-prompt-gallery/focusing-on-ai-campus-daily
精美潮汕菜馆菜单图,https://img.opennana.com/prompts/assets/202604/1776525522661-g3vics4w-1776525543539-1.jpeg,Generate a Teochew restaurant menu image.,,https://opennana.com/awesome-prompt-gallery/exquisite-teochew-menu
复古传统老黄历二零二六年四月十八,https://img.opennana.com/prompts/assets/202604/1776525531952-le3fnwzg-1776525557920-1.jpeg,"Generate an old almanac for April 18, 2026",,https://opennana.com/awesome-prompt-gallery/retro-traditional-almanac-2026
博物馆级中文拆解信息图鉴,https://img.opennana.com/prompts/assets/202604/1776525650259-f09xp6eg-1776525668755-1.jpeg,"Please automatically generate a ""museum catalog-style Chinese disassembly infographic"" based on the [Subject].

The entire image is required to combine a realistic main visual, structural disassembly, Chinese annotations, material descriptions, pattern meanings, color meanings, and core feature summaries. You need to automatically determine the most appropriate main subject, clothing system, artifact structure, era style, key components, material craftsmanship, color scheme, and layout structure based on the [Subject], and the user does not need to provide any other information.

The overall style should be: national museum exhibition boards, historical clothing catalogs, and cultural/museum thematic infographics, rather than ordinary posters, ancient-style portraits, e-commerce detail pages, or anime illustrations. The background uses paper textures such as off-white, silk white, and light tea color, making the overall look premium, restrained, professional, and collectible.

The layout is fixed as:
- Top: Chinese main title + subtitle + introduction
- Left: Structural disassembly area, with Chinese lead lines annotating key components, accompanied by close-up details
- Upper right: Material / craftsmanship / texture area, displaying real texture samples with descriptions
- Middle right: Pattern / color / meaning area, displaying the main color palette, pattern samples, and cultural explanations
- Bottom: Dressing order / composition flowchart + core feature summary

If the subject is suitable for character display, use a full-body standing posture of a real person as the central subject; if it is more suitable for artifacts or single structures, change it to a central subject disassembly diagram, but the overall form remains a complete Chinese infographic. All text must be in Simplified Chinese, clear, neat, and readable, without garbled characters, typos, English, or pinyin. The focus is on highlighting real structures, material differences, cultural explanations, and a catalog atmosphere.

Avoid: poster feel, studio portrait feel, e-commerce feel, anime feel, cosplay feel, random annotations, incorrect structures, blurry text, fake materials, excessive decoration.","请根据【主题】自动生成一张“博物馆图鉴式中文拆解信息图”。

要求整张图兼具真实写实主视觉、结构拆解、中文标注、材质说明、纹样寓意、色彩含义和核心特征总结。你需要根据【主题】自动判断最合适的主体对象、服饰体系、器物结构、时代风格、关键部件、材质工艺、颜色方案与版式结构，用户无需再提供其他信息。

整体风格应为：国家博物馆展板、历史服饰图鉴、文博专题信息图，而不是普通海报、古风写真、电商详情页或动漫插画。背景采用米白、绢纸白、浅茶色等纸张质感，整体高级、克制、专业、可收藏。

版式固定为：
- 顶部：中文主标题 + 副标题 + 导语
- 左侧：结构拆解区，中文引线标注关键部件，并配局部特写
- 右上：材质 / 工艺 / 质感区，展示真实纹理小样并附说明
- 右中：纹样 / 色彩 / 寓意区，展示主色板、纹样样本和文化解释
- 底部：穿着顺序 / 构成流程图 + 核心特征总结

若主题适合人物展示，则以真实人物全身站姿为中央主体；若更适合器物或单体结构，则改为中心主体拆解图，但整体仍保持完整中文信息图形式。所有文字必须为简体中文，清晰、规整、可读，不要乱码、错字、英文或拼音。重点突出真实结构、材质差异、文化说明与图鉴气质。

避免：海报感、影楼感、电商感、动漫感、cosplay感、乱标注、错结构、糊字、假材质、过度装饰。",https://opennana.com/awesome-prompt-gallery/museum-level-chinese-disassembly-infographic
手写食谱变身杂志级跨页,https://img.opennana.com/prompts/assets/202604/1776525912966-b9ho61su-1776525929746-1.jpeg,"Handwritten Recipe → Professional Cookbook Page Upload a messy handwritten family recipe; the model searches for accurate modern measurements/nutrition, then generates a polished, magazine-style double-page spread with step-by-step flat lays, perfect ingredient labels, and calorie breakdowns.

[INSERT_RECIPE_LINK]","手写食谱 → 专业食谱页面 上传一份凌乱的手写家庭食谱；模型会搜索准确的现代计量/营养信息，然后生成一份精致的杂志风格双页跨页，包含分步平铺图、完美的食材标签和卡路里分解。

[INSERT_RECIPE_LINK]",https://opennana.com/awesome-prompt-gallery/handwritten-recipe-to-magazine-spread
梦幻波士顿春季城市海报,https://img.opennana.com/prompts/assets/202604/1776526114438-rh74f8z2-1776526126585-1.jpeg,"A striking Spring 2026 city poster for Boston with an elegant celebratory mood and a bold contemporary design. On a clean off-white textured background with large areas of negative space, a miniature single sculler rows across the lower right corner of the image on a narrow ribbon of reflective water. The wake from the oar sweeps upward in a dynamic calligraphic curve, gradually transforming into the Charles River and then into a dreamlike hand-painted panorama of Boston. Inside this flowing river-shaped composition are iconic Boston elements: the Back Bay skyline, Beacon Hill brownstones, Acorn Street, Boston Public Garden, Swan Boats, Zakim Bridge, Fenway-inspired details, historic brick architecture, harbor ferries, and the city’s waterfront atmosphere. Soft morning fog, golden spring light, subtle festive accents in crimson and gold, rich detail, layered depth, sophisticated city-poster aesthetics, fresh and refined, visually powerful but not overcrowded. Elegant typography in the lower left reads “SPRING 2026” with a vertical slogan “BOSTON, A CITY OF RIVER, MEMORY, AND INVENTION”, text clear and beautifully composed, premium graphic design, 9:16","一张引人注目的2026年春季波士顿城市海报，具有优雅的庆典氛围和大胆的当代设计。在干净的米白色纹理背景上，带有大面积的留白，一个微型的单人赛艇手在图像右下角一条狭窄的反光水带上划行。船桨划出的尾波以动态的书法曲线向上扫过，逐渐变成查尔斯河，然后再变成一幅梦幻般的手绘波士顿全景。在这个流动的河流形状的构图中包含着标志性的波士顿元素：后湾天际线、灯塔山红砖联排别墅、橡树街、波士顿公共花园、天鹅船、扎基姆桥、芬威球场启发的细节、历史悠久的砖砌建筑、港口渡轮，以及这座城市的水滨氛围。柔和的晨雾，金色的春季光线，深红和金色的微妙节日点缀，丰富的细节，层次分明的深度，精致的城市海报美学，清新而优雅，视觉上强有力但不拥挤。左下角的优雅排版写着“SPRING 2026”，并附有垂直标语“BOSTON, A CITY OF RIVER, MEMORY, AND INVENTION”，文字清晰且构图优美，高端平面设计，9:16",https://opennana.com/awesome-prompt-gallery/dreamy-boston-spring-poster
极简留白涂鸦手绘草图,https://img.opennana.com/prompts/assets/202604/1776525007722-xxynjreb-1776525014773-1.jpeg,"Express [Subject/Theme] in a graffiti sketch style, presenting an overall visual effect of quick outlining, free deformation, impromptu hand-drawing, and draft-like appearance. The lines are casual, exaggerated, and can vary in thickness, slightly messy but rhythmic and expressive, emphasizing generalization, exaggeration, playfulness, and spontaneity, rather than rigorous realism or detailed rendering. Colors are expressed in rough blocks with a distinct dry-brush feel, retaining uneven smearing traces, brush strokes, dry-brush effects, and a sense of coverage. Colors automatically adapt to [Subject/Theme], but the overall expression remains graffiti-style, sketch-style, and generalized. Do not use transparent watercolor blooming effects, do not use delicate watercolor transitions, do not use paper textures, do not use soft atomization, and do not use dreamy textures. The background is mainly left blank, maintaining a sense of simplicity, relaxation, incompleteness, and design. A small number of auxiliary symbols, arrows, marks, circled areas, repeated lines, casually written text, or other graffiti elements can be added to enhance the visual language of a sketchbook or jotting style, but it must not be too crowded, and must not destroy the subject and the blank space temperament. The image content does not need to be written out in advance; the most suitable subject image, actions, related elements, symbols, or simplified scenes are automatically deduced and generated by [Subject/Theme], keeping the overall unified graffiti sketch style and exaggerated generalized expression, avoiding complex realistic backgrounds and over-elaboration. The exclusive signature ""voxcat"" needs to be naturally added to the image as a part of the picture. The position should be low-key but clear, and can be placed in the bottom left corner, bottom right corner, or near the title. The style must be consistent with the overall layout, like an artwork signature or a design sign-off; the signature font should be exquisite, restrained, and high-end, must not be too large, must not destroy the subject composition, and must not appear abrupt or cheap.","以涂鸦速写风表现【主题/主体】，整体呈现快速勾勒、自由变形、即兴手绘与草稿式的视觉效果。线条随手、夸张、可粗细不一，略显凌乱但具有节奏和表现力，强调概括、夸张、趣味和随性，而不是严谨写实或精细刻画。

颜色采用粗糙、干刷感明显的块面表现，可保留不均匀的涂抹痕迹、刷痕、飞白与覆盖感，色彩根据【主题/主体】自动适配，但整体保持涂鸦式、速写式、概括式的表达。不要透明水彩晕染效果，不要细腻水彩过渡，不要纸纹理，不要柔和雾化，不要梦幻质感。

背景以留白为主，保持简洁、轻松、未完成感和设计感，可加入少量辅助性符号、箭头、记号、圈画、重复线、随手写的文字或其他涂鸦元素，以增强速写本或随笔式视觉语言，但不可过于拥挤，不可破坏主体和留白气质。

画面内容不需要预先写清楚，由【主题/主体】自动推演并生成最适合的主体形象、动作、相关元素、符号或简化场景，整体保持统一的涂鸦速写风和夸张概括的表现方式，避免复杂写实背景和过度铺陈。
画面中需自然加入专属签名“voxcat”，作为画面的一部分，位置低调但清晰，可放在左下角、右下角或标题附近，风格需与整体版式统一，像作品署名或设计落款；签名字体精致、克制、高级，不可过大，不可破坏主体构图，不可显得突兀或廉价。",https://opennana.com/awesome-prompt-gallery/minimalist-blank-graffiti-draft
黑板上的出师表全文,https://img.opennana.com/prompts/assets/202604/1776525239083-41gkc6hc-1776525247222-1.jpeg,"Generate image: The full text of Chu Shi Biao handwritten on a classroom blackboard, realistic chalk handwriting, taken with an iPhone in real life on a sunny day","生成图片:
手写在教室黑板上的出师表全文，真实感的粉笔字迹，晴朗白天用iPhone手机实拍",https://opennana.com/awesome-prompt-gallery/blackboard-chu-shi-biao-full-text
终结者机器人淘宝详情页,https://img.opennana.com/prompts/assets/202604/1776525244016-kqgvc373-1776525250142-1.jpeg,"Generate image:
Taobao product detail page of a T-800 robot, showing:
front, side, and back three-view drawings of the robot,
product price,
product details,
functions and usage scenarios","生成图片:
T-800机器人的淘宝商品详情页，展示:
机器人的正面侧面背面三视图，
产品价格，
产品细节，
功能和使用场景等",https://opennana.com/awesome-prompt-gallery/terminator-taobao-page
九位大师的机械键盘设计图鉴,https://img.opennana.com/prompts/assets/202604/1776525330845-cnps5dwe-1776525345767-1.jpeg,"A nine-grid image showing the same group of objects designed by nine contemporary famous designers: mechanical keyboards, including designer avatars, designers' Chinese text interpretations of the designs, and artwork presentations. Unified layout rules",一个九宫格图片，展现九位当代知名设计师设计的同一组物体：机械键盘，包括设计师头像，设计师对于设计的中文文字解读和作品呈现。排版统一规则,https://opennana.com/awesome-prompt-gallery/master-mechanical-keyboard-design
人教版三年级语文课本内页,https://img.opennana.com/prompts/assets/202604/1776525527475-fn5igqe2-1776525549682-1.jpeg,Generate a page from the PEP (People's Education Press) primary school third-grade Chinese textbook,,https://opennana.com/awesome-prompt-gallery/pep-third-grade-chinese-textbook
荧光蓝穷奇新中式山水画,https://img.opennana.com/prompts/assets/202604/1776525754418-004mf9wu-1776525769834-1.jpeg,,"Minimalism, Neo-Chinese style three-dimensional graphic design, at the bottom of the image there are Chinese characters in regular script: ""东方美学"", ""2026/04/18"", signature ""CHINA"", and ""
@LIYUE
"";
Drawn on flat, pure white matte textured thick art paper, a creative landscape painting full of oriental poetic atmosphere, irregular torn paper effect;
Chinese mythical beast: Qiongqi, complete body pattern, magnificent,, soft and agile lines, bright piercing eyes, majestic demeanor, elegant posture, luxury decorative art, Chinese traditional patterns;
Fluorescent blue lines, 0.5mm ultra-fine gold metallic texture outlining, large strokes of splashed white ink, color rendering, red background, romantic and poetic blue vision;
Dreamy and aesthetic scene where cold and warm lights intertwine, strong light and shadow contrast atmosphere, time narrative of flowers dancing lightly, Oriental Zen, the picture has a large area of blank space, framework composition, blank space at the bottom, clear details.",https://opennana.com/awesome-prompt-gallery/neon-qiongqi-chinese-painting
深夜便利店里的性感霓虹少女,https://img.opennana.com/prompts/assets/202604/1776525954188-msoh7y9x-1776525963054-1.jpeg,"35mm film photography with harsh convenience store fluorescent lighting mixed with colorful neon signs from outside, authentic film grain, high contrast, slight color cast, cinematic street editorial style, intimate medium shot, early 20s sexy Chinese female idol with ultra-realistic delicate refined Chinese features, seductive almond-shaped fox eyes with natural double eyelids, high nose bridge, small sharp V-shaped jawline, flawless porcelain skin with cool ivory undertone and visible specular highlights from fluorescent light, subtle skin texture and micro pores, natural dewy makeup with soft flush on cheeks, glossy natural pink lips slightly parted, subtle natural freckles across nose and cheeks, long dark brown hair in a messy high ponytail with many loose strands falling around face and neck, wearing an oversized white button-up shirt as the only top, unbuttoned at the top with deep cleavage and loosely tied at the waist, paired with a tiny black pleated mini skirt, barefoot in simple white slides, seductive casual leaning pose against the glass door of a 24-hour convenience store at late night, body slightly arched, one leg bent with foot resting against the door frame, the other leg straight, one hand holding a bottle of iced drink, the other hand lightly pulling the hem of her mini skirt, intensely seductive playful yet slightly vulnerable gaze straight at the viewer with soft doe eyes full of quiet temptation and teasing smile, bright cold fluorescent store light from inside mixed with pink and blue neon glow from outside signs, realistic reflections on glass door, blurred convenience store interior with shelves and snacks in background, authentic 35mm film color grading with harsh lighting and neon accents, extremely sharp yet soft skin rendering, natural hair strands, realistic fabric wrinkles and drape on the oversized shirt and mini skirt, no plastic skin, no digital over-sharpening, no airbrushing, no blemishes, no moles, no oily skin, no watermark, no text, authentic late-night convenience store atmosphere",35毫米胶片摄影，带有刺眼的便利店荧光灯照明，混合着外面色彩斑斓的霓虹灯牌，真实的胶片颗粒，高对比度，轻微的偏色，电影感街头编辑风格，亲密的中景镜头，20岁出头性感的华人女性偶像，拥有超逼真精致细腻的东方五官，诱人的杏眼狐眼搭配天然双眼皮，高鼻梁，小巧尖锐的V型下颌线，无瑕的瓷白肌肤带有冷象牙底色以及来自荧光灯的可见高光，细腻的皮肤纹理和微小毛孔，自然清透妆容带有脸颊上的柔和红晕，水润自然的粉唇微张，鼻子和脸颊上散布着微妙的自然雀斑，深棕色的长发扎成凌乱的高马尾，许多松散的发丝垂在脸庞和颈部周围，穿着一件超大号的白衬衫作为唯一的上衣，顶部敞开露出深邃乳沟并在腰部宽松打结，搭配一条极小的黑色百褶迷你裙，赤脚穿着简约的白色拖鞋，在深夜24小时便利店的玻璃门上呈现出诱人随性的倚靠姿势，身体微微拱起，一条腿弯曲，脚搭在门框上，另一条腿伸直，一只手拿着一瓶冰饮，另一只手轻轻拉扯迷你裙的裙摆，极其诱人俏皮却又略显脆弱的目光直视观看者，柔和的鹿眼中充满安静的诱惑与挑逗的微笑，来自店内明亮冷调的荧光灯光混合着来自外面招牌的粉色和蓝色霓虹光芒，玻璃门上真实的反射，模糊的便利店内部，背景中有货架和零食，真实的35毫米胶片调色，带有刺眼的光照和霓虹点缀，极其锐利却又柔和的皮肤渲染，自然的发丝，超大号衬衫和迷你裙上逼真的织物褶皱和垂坠感，无塑料感皮肤，无数字过度锐化，无磨皮，无瑕疵，无痣，无油性皮肤，无水印，无文字，真实的深夜便利店氛围,https://opennana.com/awesome-prompt-gallery/late-night-convenience-store-neon-girl
官方角色设定资料卡,https://img.opennana.com/prompts/assets/202604/1776524857071-8hmltf3n-1776524860314-1.jpeg,"Based on this character and background, please create a character reference sheet similar to official setting materials.
・Includes three-view drawings: front view, side view, and back view
・Add variations of the character's facial expressions
・Break down and display detailed parts of the clothing and equipment
・Add a color palette
・Include a brief explanation of the worldview setting
・Overall, use an organized layout (white background, illustration style)","基于此角色和背景，请制作一份类似官方设定资料的角色资料卡。
・包含三视图：正面、侧面和背面
・添加角色面部表情的变化・分解并展示服装和装备的详细部分
・添加色板・包含世界观设定的简要说明
・总体上，使用有组织的布局（白色背景，插画风格）",https://opennana.com/awesome-prompt-gallery/official-character-reference-sheet
红绸舞动千年商都广州,https://img.opennana.com/prompts/assets/202604/1776524652228-ydebxtpb-1776524656832-1.jpeg,"A 2026 city promotional poster filled with a festive Spring Festival atmosphere without losing its elegant style.
Double exposure, the composition continues the flowing sense of an S-shape;
In the lower right corner of the pure white textured background, a miniature figure wearing traditional Chinese clothing is waving a long red silk dance ribbon. This red silk dances in the air, not only showing the smooth texture of the silk, but also magically transforming into a magnificent mountain range and river during the process of floating to the upper left.
In this ""river"", a hand-drawn map of Guangzhou city with mountains, sea, and rivers is superimposed, Guochao, the scenery is in full view, magnificent and majestic, shocking.
Guangzhou's landmark buildings (Canton Tower, Pearl River New City building complex, Pearl River, ancient buildings in Guangzhou city, cruise ships, Baiyun Mountain).
Surrounded by clouds and mist, ethereal and misty, rich in color, complex in structure, rich in details, but because of a large area of blank space, the picture still looks fresh and refined. In the lower left corner, ""SPRING 2026"" and vertical promotional slogans are typeset. The overall implication is ""Millennium Commercial Capital, Charming Guangzhou"".
The typography is beautiful and generous, the handwriting is clear and complete, aspect ratio 9:16.","一张充满新春喜庆氛围但不失高雅格调的 2026 城市宣传海报。
双重曝光，构图延续了S型的流动感；
在纯白的纹理背景右下角，一个身穿中国传统服饰的微缩人物正在挥舞着一条长长的红色丝绸舞带，这条红绸在空中舞动，不仅展现出丝绸的柔顺质感，更在向左上方飘动的过程中，奇幻地变形成了一条壮丽的山脉河流。
在这条“河流”中，叠加了一个有山有海河的广州城市手绘图，国潮，景色尽在眼底，壮阔雄伟，令人震撼。
广州的地标建筑(广州塔，珠江新城建筑群，珠江, 广州城里古建筑，游轮，白云山）。
云雾环绕，仙气缥缈，色彩丰富，结构复杂，细节丰富，但因为大面积的留白，画面依然显得清新脱俗，左下角排版着“SPRING 2026”和竖排的宣传语，整体寓意“千年商都，魅力广州”。
文字排版优美，大方，字迹清晰完整，尺寸9:16。",https://opennana.com/awesome-prompt-gallery/red-ribbon-dancing-guangzhou
抖音直播截图画面,https://img.opennana.com/prompts/assets/202604/1776408209788-c38fkved-1776408211178-1.jpeg,"9:16 aspect ratio, generate a screenshot of a Douyin live stream, inside is xxx live streaming, xxx is holding a sign in their hand, the sign says xxxx.",9:16 的图片比例，生成一张抖音直播的截图，里面是 xxx 在直播，xxx 手里拿着牌子，牌子里写着 xxxx。,https://opennana.com/awesome-prompt-gallery/douyin-livestream-screenshot
创意树叶拼贴构成的角色画像,https://img.opennana.com/prompts/assets/202603/1773331399608-8r3h8k10-1.jpeg,"{
  CHARACTER NAME
} made entirely from natural leaves,
creative leaf collage art,
layered green and dry leaves forming body,
face and clothes,
visible leaf veins and textures,
handcrafted botanical art style,
clean white background,
top-down flat lay composition,
highly detailed,
soft natural lighting,
realistic leaf textures,
8k","{
  角色名称
} 完全由天然树叶制成，
创意树叶拼贴艺术，
分层绿叶和干叶构成身体、面部和衣服，
可见叶脉和纹理，
手工植物艺术风格，
干净的白色背景，
俯视平铺构图，
高度细节，
柔和自然光，
逼真树叶纹理，
8k",https://opennana.com/awesome-prompt-gallery/creative-leaf-collage-portrait
零食品牌技术分解图,https://img.opennana.com/prompts/assets/202603/1773332307174-dnudjvn7-1.jpeg,"Create a branded technical infographic of a [SNACK], combining a realistic photograph or photoreal render of the product with technical annotation overlays placed directly on top. Use black ink–style line drawings with strategic [BRAND COLOR] accents (architectural sketch look) on a pure white studio background, including:
• Key component labels
• Internal cross-section showing structure, layering, or internal design
• Measurements, dimensions, and specifications
• Material callouts with composition and quantities
• Arrows indicating function for primary features and structural integrity
• Simple schematic or sectional diagram showing key mechanical or design elements
• Sustainability callouts
Title placement: Inside a hand-drawn technical annotation box with accent border reading the product name in bold font, positioned in upper corner.
Style & layout rules:
• The realistic product remains clearly visible
• Annotations feel sketched, technical, and architectural
• Accents used for highlight (20-30% of linework), black for primary technical lines (70-80%)
• Clean composition with balanced negative space
• Educational, food-engineering vibe with premium branding
• Include subtle brand logo mark in corner
Visual style: Minimal technical illustration aesthetic, black linework with accents over realistic imagery, precise but slightly hand-drawn feel.
Color palette: White background, black annotation lines/text, [BRAND COLOR] for accents and key callouts only.
Output: 1080×1080, ultra-crisp, social-feed optimized, no watermark.","创建一个 [SNACK] 的品牌技术信息图，结合产品的真实照片或照片级真实渲染，并将技术注释覆盖层直接置于其上。在纯白摄影棚背景上使用带有策略性 [BRAND COLOR] 点缀的黑色墨水风格线条画（建筑草图外观），包括：
• 关键组件标签
• 显示结构、分层或内部设计的内部截面图
• 测量数据、尺寸和规格
• 带有成分和数量的材料标注
• 指示主要功能和结构完整性的箭头
• 显示关键机械或设计元素的简单示意图或剖面图
• 可持续性标注
标题位置：位于手绘技术注释框内，带有强调色边框，粗体字显示产品名称，置于上角。
风格与布局规则：
• 真实产品保持清晰可见
• 注释具有素描感、技术感和建筑感
• 强调色用于高光（占线条工作的 20-30%），黑色用于主要技术线条（70-80%）
• 构图整洁，负空间平衡
• 具有教育意义、食品工程氛围和高端品牌感
• 在角落包含微妙的品牌标志
视觉风格：极简技术插画美学，黑色线条在真实图像上带有点缀，精确但略带手绘感。
调色板：白色背景，黑色注释线/文本，[BRAND COLOR] 仅用于点缀和关键标注。
输出：1080×1080，超清晰，社交媒体动态优化，无水印。",https://opennana.com/awesome-prompt-gallery/snack-brand-technical-breakdown
晨曦薰衣草田梦幻少女三联画,https://img.opennana.com/prompts/assets/202603/1772465342699-yfqywm1b-1.jpeg,"Horizontal triptych of a woman in a lavender field at sunrise.
Top: Waist-up, eyes closed, pale lilac dress, one hand in hair, blurred lavender foreground.
Middle: Close-up, looking at camera, tousled hair, sheer scarf, sunlight on face.
Bottom: Three-quarter shot, holding lavender bouquet, flowing skirt, soft pastel sky, warm dreamy tones.","日出时分薰衣草田中女子的水平三联画。
上部：半身像，闭着眼睛，淡紫色连衣裙，一只手放在头发里，模糊的薰衣草前景。
中部：特写镜头，看着镜头，蓬乱的头发，薄纱围巾，脸上的阳光。
下部：四分之三镜头，手持薰衣草花束，飘逸的裙子，柔和的粉彩天空，温暖的梦幻色调。",https://opennana.com/awesome-prompt-gallery/lavender-sunrise-dreamy-triptych
鲜艳霓虹光影下的动感苏打水飞溅商业海报,https://img.opennana.com/prompts/assets/202603/1772464721838-fpheu1wo-1.jpeg,"{
  ""prompt"": ""Three ultra-dynamic soda cans in one vibrant high-end advertising composition — a can of TROPICAL RUSH exploding with dramatic water and tropical fruit splash, vibrant orange and pink background lighting; a can of LEMON ICED splashed with cold water against a glowing green dynamic light background; both cans covered in realistic condensation and motion-blurred droplets, bursting with fruity, refreshing energy. Deep orange, pink, and neon green lighting blend together in a bold studio setup. Captured by a professional photographer using a Canon 50mm lens, hyper-realistic textures, crisp details, ultra high resolution, bright commercial poster aesthetic, rich color vibrancy, cinematic splash effects --ar 3:4""
}","{
  ""prompt"": ""一个充满活力的高端广告构图中的三个超动态苏打水罐 —— 一罐热带冲刺苏打水伴随着戏剧性的水和热带水果飞溅而爆炸，鲜艳的橙色和粉色背景光；一罐柠檬冰爽苏打水在发光的绿色动态光背景下被冷水泼溅；两罐都覆盖着逼真的冷凝水和运动模糊的水滴，充满果味和清爽的能量。深橙色、粉色和霓虹绿灯光在大胆的演播室布置中融合。由使用佳能 50mm 镜头的专业摄影师拍摄，超写实纹理，清晰的细节，超高分辨率，明亮的商业海报美学，丰富的色彩鲜艳度，电影级飞溅效果 --ar 3:4""
}",https://opennana.com/awesome-prompt-gallery/vibrant-neon-soda-splash-poster
梦幻蓝紫烟雾环绕的NUBELLA奢华护肤软管,https://img.opennana.com/prompts/assets/202603/1772382710956-097tb10d-1.jpeg,"{
  ""style"": ""Ultra-realistic luxury cosmetic product photography"",
  ""composition"": {
    ""color_scheme"": ""Dramatic monochromatic blue-violet"",
    ""resolution"": ""8K ultra-high resolution"",
    ""depth"": ""Cinematic depth"",
    ""aesthetic"": ""High-end perfumed skincare advertising style""
  },
  ""product"": {
    ""type"": ""Squeeze tube"",
    ""finish"": ""Satin-finish"",
    ""color"": ""Periwinkle-blue"",
    ""label"": ""NUBELLA"",
    ""typography"": ""Elegant silver"",
    ""cap"": ""Reflective metallic chrome"",
    ""position"": ""Vertically centered""
  },
  ""surroundings"": {
    ""smoke"": {
      ""type"": ""Ink-like swirling clouds"",
      ""colors"": [
        ""Lavender"",
        ""Indigo"",
        ""Icy blue""
      ],
      ""texture"": ""Soft, billowing"",
      ""interaction"": ""Wrapping around the product""
    },
    ""flowers"": {
      ""primary"": [
        {
          ""color"": ""Purple"",
          ""details"": ""Intricate petal details"",
          ""center"": ""Vibrant yellow""
        },
        {
          ""color"": ""Lilac"",
          ""details"": ""Intricate petal details"",
          ""center"": ""Vibrant yellow""
        }
      ],
      ""secondary"": {
        ""type"": ""Tiny violet blossoms"",
        ""purpose"": ""Added dimension""
      }
    }
  },
  ""lighting"": {
    ""direction"": ""Soft directional lighting from upper left"",
    ""effects"": [
      ""Highlights smooth curvature of the tube"",
      ""Adds subtle sheen to metallic cap"",
      ""Creates depth within smoke plumes""
    ]
  },
  ""background"": {
    ""blend"": ""Seamless cool blue and purple tones"",
    ""enhancement"": ""Ethereal floral fragrance aesthetic""
  },
  ""details"": ""Hyper-detailed textures of petals and vapor""
}","{
  ""style"": ""超写实奢华化妆品产品摄影"",
  ""composition"": {
    ""color_scheme"": ""戏剧性的单色蓝紫色"",
    ""resolution"": ""8K超高分辨率"",
    ""depth"": ""电影级景深"",
    ""aesthetic"": ""高端香氛护肤品广告风格""
  },
  ""product"": {
    ""type"": ""软管包装"",
    ""finish"": ""缎面质感"",
    ""color"": ""长春花蓝"",
    ""label"": ""NUBELLA"",
    ""typography"": ""优雅的银色字体"",
    ""cap"": ""反光金属铬盖"",
    ""position"": ""垂直居中""
  },
  ""surroundings"": {
    ""smoke"": {
      ""type"": ""墨水般的旋涡云雾"",
      ""colors"": [
        ""薰衣草色"",
        ""靛蓝色"",
        ""冰蓝色""
      ],
      ""texture"": ""柔软、翻腾"",
      ""interaction"": ""环绕在产品周围""
    },
    ""flowers"": {
      ""primary"": [
        {
          ""color"": ""紫色"",
          ""details"": ""错综复杂的花瓣细节"",
          ""center"": ""鲜艳的黄色""
        },
        {
          ""color"": ""紫丁香色"",
          ""details"": ""错综复杂的花瓣细节"",
          ""center"": ""鲜艳的黄色""
        }
      ],
      ""secondary"": {
        ""type"": ""细小的紫罗兰色花朵"",
        ""purpose"": ""增加立体感""
      }
    }
  },
  ""lighting"": {
    ""direction"": ""来自左上方的柔和定向照明"",
    ""effects"": [
      ""突显软管的光滑曲度"",
      ""为金属盖增添微妙的光泽"",
      ""在烟雾中营造深度""
    ]
  },
  ""background"": {
    ""blend"": ""无缝的冷色调蓝色和紫色调"",
    ""enhancement"": ""空灵的花香美学""
  },
  ""details"": ""花瓣和蒸汽的超精细纹理""
}",https://opennana.com/awesome-prompt-gallery/dreamy-blue-purple-nubella-skincare
红蓝光影下的未来都市双重曝光青年,https://img.opennana.com/prompts/assets/202603/1772374518725-5xe5pxb9-1.jpeg,"{
  ""prompt"": ""A hyper-realistic cinematic double exposure portrait of a young man in side profile, intense focused expression, detailed skin texture and sharp eyes. His face seamlessly blended with a futuristic city skyline emerging from his silhouette, skyscrapers and urban buildings forming his neck and jawline. Strong contrast of deep blue and vibrant red tones symbolizing conflict and power. Abstract digital scratches, fractured glass textures, and light leaks overlaying the face for a dramatic effect. Clean white background, ultra-detailed lighting, professional movie poster style, high contrast, sharp focus, 8K resolution, realistic hair strands, editorial poster composition, modern graphic design aesthetics, dramatic mood, ultra-HD, photorealistic."",
  ""negative_prompt"": ""blurry, low resolution, distorted face, extra limbs, oversaturated colors, noisy background, flat lighting, cartoonish, low detail"",
  ""resolution"": ""8K"",
  ""style"": ""cinematic, double exposure, photorealistic, editorial poster"",
  ""background"": ""clean white"",
  ""lighting"": ""high contrast, dramatic blue and red split lighting""
}","{
  ""prompt"": ""一位年轻男子的超写实电影级双重曝光侧脸肖像，表情专注强烈，皮肤纹理细节丰富，眼神锐利。他的面部与从剪影中浮现的未来主义城市天际线无缝融合，摩天大楼和城市建筑构成了他的颈部和下颌线。深蓝色和鲜艳红色的强烈对比，象征着冲突与力量。抽象的数字划痕、碎裂的玻璃纹理和漏光效果覆盖在面部，营造出戏剧性的效果。干净的白色背景，超精细的灯光，专业电影海报风格，高对比度，清晰聚焦，8K分辨率，逼真的发丝，社论海报构图，现代平面设计美学，戏剧性的氛围，超高清，照片级真实。"",
  ""negative_prompt"": ""模糊，低分辨率，扭曲的面部，多余的肢体，过饱和的颜色，嘈杂的背景，平淡的灯光，卡通化，低细节"",
  ""resolution"": ""8K"",
  ""style"": ""电影感，双重曝光，照片级真实感，社论海报"",
  ""background"": ""干净的白色"",
  ""lighting"": ""高对比度，戏剧性的蓝红分割布光""
}",https://opennana.com/awesome-prompt-gallery/red-blue-light-future-city-double-exposure-youth
棘龙巨口中的酷飒少女与史前奇观,https://img.opennana.com/prompts/assets/202603/1772373599949-45krpuqa-1.jpeg,"Ultra-realistic cinematic fantasy scene set in a lush prehistoric jungle valley. A colossal Spinosaurus stands beside a shallow river, its long crocodile-like jaws stretched wide open. Seated calmly inside the dinosaur’s open mouth is a young woman, perfectly centered, legs hanging slightly forward. She has straight dark hair, a composed fearless expression, and realistic skin texture. She is wearing a fitted black long-sleeve crop top, blue denim shorts, and black knee-high combat boots. Small blood smears and light scratches are visible on her clothes and legs, adding dramatic tension without gore. She gently cradles a small baby dinosaur in her arms, holding it protectively.

Behind them, a tall dramatic waterfall cascades down steep jungle cliffs covered in dense green foliage and mist. Multiple dinosaurs populate the scene: several Velociraptors stalking the riverbank, small herbivores running through the background, and flying pterosaurs circling overhead. The environment is rich with mossy rocks, flowing water, tropical plants, and soft atmospheric fog.

Lighting is cinematic and natural, with diffused daylight illuminating the scene, detailed shadows, sharp focus on the woman and the Spinosaurus, and shallow depth of field for background elements. Hyper-real textures on dinosaur scales, teeth, water droplets, foliage, and fabric. Epic fantasy realism, dramatic composition, vertical framing, ultra-detailed, photorealistic, 4K, cinematic color grading, no text, no watermark.","超写实电影级奇幻场景，设定在郁郁葱葱的史前丛林山谷中。一只巨大的棘龙站在浅河边，它那长而类似鳄鱼的巨颚张得很大。一位年轻女子平静地坐在恐龙张开的嘴里，完美居中，双腿微微向前悬挂。她有一头深色直发，表情镇定无畏，皮肤纹理逼真。她身穿合身的黑色长袖短款上衣，蓝色牛仔短裤和黑色及膝战术靴。衣服和腿上可见微小的血迹和轻微划痕，增加了戏剧性的紧张感但并不血腥。她怀里温柔地抱着一只小恐龙幼崽，充满保护欲地抱着它。

在他们身后，一道高耸而充满戏剧性的瀑布顺着覆盖着茂密绿色植被和薄雾的陡峭丛林悬崖倾泻而下。场景中栖息着多只恐龙：几只迅猛龙在河岸边潜行，小型食草动物在背景中奔跑，飞翔的翼龙在头顶盘旋。环境丰富，有长满苔藓的岩石、流动的河水、热带植物和柔和的大气雾。

灯光具有电影感和自然感，漫射的日光照亮场景，阴影细节丰富，焦点清晰地聚在女子和棘龙身上，背景元素采用浅景深。恐龙鳞片、牙齿、水珠、树叶和织物上的超写实纹理。史诗奇幻写实主义，戏剧性构图，垂直构图，超精细，照片级真实感，4K，电影级调色，无文字，无水印。",https://opennana.com/awesome-prompt-gallery/fierce-girl-in-spinosaurus-jaws
冲破次元壁的写实漫画跑者,https://img.opennana.com/prompts/assets/202603/1772370879093-klk7hbpq-1.jpeg,"{
  ""prompt"": ""Ultra-realistic, vibrant photorealistic rendering of a young man with short curly dark hair, neatly trimmed beard, and black rectangular glasses, wearing a dark textured turtleneck sweater and jeans. He is captured mid-run in a dynamic, forward-breaking pose, dramatically emerging from a torn manga panel — one leg and one arm bursting into the real world while the rest of his body remains inside the comic frame. His expression is energetic and joyful, with sharp facial details, natural skin texture, and dramatic cinematic lighting with high contrast and depth. \n\nBackground: a highly detailed black-and-white manga layout filled with humorous, exaggerated reaction scenes that directly interact with him. The surrounding manga characters display shocked and comedic expressions, with bold speech bubbles and motion lines. The manga panels are illustrated in a classic high-contrast ink style with crisp linework and halftone shading. Torn paper edges and debris enhance the illusion of him breaking through the comic world. The fully colored, photorealistic figure contrasts strongly against the monochrome manga environment, creating a dynamic hybrid between reality and comic art. Ultra-detailed, 8k resolution, sharp focus, dramatic shadows, cinematic depth of field.""
}","{
  ""prompt"": ""超写实，一位留着深色短卷发、修剪整齐的胡须和黑色方形眼镜的年轻男子的鲜艳逼真渲染，身穿深色纹理高领毛衣和牛仔裤。他奔跑到一半被捕捉下来，姿态充满动感，向前突破，充满戏剧性地从一个破碎的漫画分镜框中显现——一条腿和一只手臂冲入现实世界，而身体的其余部分仍留在漫画框内。他的表情充满活力和喜悦，拥有锐利的面部细节，自然的皮肤纹理，以及具有高对比度和深度的戏剧性电影灯光。\n\n背景：一个非常详细的黑白漫画布局，充满了幽默、夸张的且与他直接互动的反应场景。周围的漫画人物表现出震惊和喜剧的表情，配有粗体的对话气泡和速度线。漫画分镜采用经典的高对比度水墨风格绘制，线条清晰，网点阴影。撕裂的纸张边缘和碎片增强了他冲破漫画世界的幻觉。全彩色的写实人物与单色的漫画环境形成强烈对比，创造出写实与漫画艺术之间的动态混合体。超精细，8k分辨率，清晰聚焦，戏剧性的阴影，电影级景深。""
}",https://opennana.com/awesome-prompt-gallery/realistic-runner-breaking-manga
震撼视觉的深红影棚广角美妆大片,https://img.opennana.com/prompts/assets/202602/1772111294034-xpxiipdw-1.jpeg,"Photorealistic bold beauty campaign using uploaded model as exact identity reference. No facial changes, no smoothing.  
Scene: deep red saturated studio environment with high-contrast floor pattern or glossy surface.  
Product: the product held or positioned extremely close to the lens, appearing large due to perspective.   
Model pose: playful or confident smile, arm fully extended toward camera, fingers slightly distorted by wide lens. Strong eye contact through sunglasses or natural gaze.  
Camera: ultra-wide 20–28mm aesthetic, dynamic foreground exaggeration, shallow-to-medium depth of field.  
Lighting: punchy commercial lighting with defined highlights and reflections, crisp packaging edges, vibrant color grading. Hyper-detailed skin texture and fabric realism.","照片级真实感的大胆美妆宣传活动，使用上传的模特作为精确的身份参考。不做面部改变，不做平滑处理。
场景：深红色饱和的摄影棚环境，具有高对比度的地板图案或光滑表面。
产品：产品被握持或放置在极其靠近镜头的位置，由于透视关系显得巨大。
模特姿势：俏皮或自信的微笑，手臂完全伸向相机，手指因广角镜头而略微变形。透过太阳镜的强烈眼神交流或自然凝视。
相机：超广角 20–28mm 美学，动态前景夸张，浅至中等景深。
灯光：强有力的商业照明，具有清晰的高光和反射，锐利的包装边缘，充满活力的调色。超精细的皮肤纹理和织物真实感。",https://opennana.com/awesome-prompt-gallery/stunning-red-studio-wide-angle-beauty
珊瑚色极简影棚时尚商业大片,https://img.opennana.com/prompts/assets/202602/1772111289141-hzd4rr9r-1.jpeg,"Ultra-realistic high-fashion commercial campaign using the uploaded model photo as strict identity reference. Preserve exact facial features, proportions and natural skin texture — no retouching, no reshaping.  
Scene: coral monochrome studio box with glossy reflective checker or minimal polished floor. Clean geometric walls with soft light gradients.  
Product: the product placed oversized in the center foreground, dominating the frame due to wide-angle perspective. The packaging is ultra-sharp, fully readable, realistic reflections and material texture. Smaller product units can be placed symmetrically in the background.  
Model pose: standing behind the product, slightly crouched or leaning forward, one hand reaching toward the camera to create depth. Strong confident expression, fashion attitude.  
Camera: low-angle 24–35mm lens look, dramatic perspective distortion, deep focus on both product and model.  
Lighting: bright commercial studio lighting, soft shadows, glossy highlights on packaging, high-end campaign finish. 4K–8K realism, no watermark, no embedded text.i ar 9:13",超写实高端时尚商业广告大片，使用上传的模特照片作为严格的身份参考。保留精确的面部特征、比例和自然皮肤纹理——无修图，无变形。场景：珊瑚色单色工作室盒，配有光泽反光棋盘格或极简抛光地板。拥有柔和光线渐变的干净几何墙壁。产品：产品放置在前景中心超大位置，因广角透视而占据画面主导地位。包装超清晰，文字完全可读，具有逼真的反射和材质纹理。较小的产品单元可对称放置在背景中。模特姿势：站在产品后方，微蹲或前倾，一只手伸向镜头以创造深度感。强烈自信的表情，时尚态度。相机：低角度 24-35mm 镜头感，戏剧性透视畸变，对产品和模特都进行深焦处理。灯光：明亮的商业影棚灯光，柔和阴影，包装上有光泽高光，高端广告成片质感。4K–8K 写实主义，无水印，无嵌入式文本。纵横比 9:13,https://opennana.com/awesome-prompt-gallery/coral-minimalist-fashion-campaign
鸟群织就的梦幻高定时装秀,https://img.opennana.com/prompts/assets/202602/1771992723517-11xkvi5s-1.jpeg,"A playful high-fashion runway scene featuring a confident woman walking a luxury fashion show catwalk, wearing an extraordinary couture dress made entirely of birds. Hundreds of elegant, vividly colored birds form the shape of a flowing, sculptural gown, layered like living feathers, with wings partially spread to create the illusion of fabric and motion. Some birds lift gently into the air around her, captured mid-flight, adding a magical, surreal sense of movement. The birds display a rich variety of colors — iridescent blues, radiant reds, golden yellows, and soft whites — with intricate feather details and natural textures. She poses mid-stride with a joyful, confident expression, expressive eyes, and refined runway makeup. Dramatic stage lighting with glowing highlights, dark blurred audience background, cinematic depth of field, fantasy realism, ultra-detailed textures, high contrast, sharp focus, whimsical luxury fashion show, surreal couture, 4K resolution, professional color grading.",一个充满趣味的高级时装T台场景，主角是一位自信的女性，正走在奢华时装秀的T台上，身穿一件完全由鸟类制成的非凡高级定制礼服。数百只优雅、色彩鲜艳的鸟类构成了飘逸的雕塑感礼服形状，像活着的羽毛一样层叠，翅膀微微张开，营造出布料和运动的错觉。一些鸟儿在她周围轻轻升入空中，捕捉于飞行瞬间，增添了神奇、超现实的运动感。鸟儿们展现出丰富多样的色彩——彩虹般的蓝色、光芒四射的红色、金黄色和柔和的白色——拥有错综复杂的羽毛细节和自然纹理。她在迈步间摆出姿势，带着快乐、自信的表情，富有表现力的眼睛，以及精致的T台妆容。戏剧性的舞台灯光配以发光的高光，黑暗模糊的观众背景，电影级的景深，奇幻现实主义，超精细纹理，高对比度，清晰聚焦，奇思妙想的奢华时装秀，超现实主义高级定制，4K分辨率，专业调色。,https://opennana.com/awesome-prompt-gallery/bird-woven-dream-couture
冰火双雄背靠背史诗电影海报,https://img.opennana.com/prompts/assets/202602/1771924760833-8i25qoj7-1.jpeg,"A dramatic cinematic poster-style portrait of two epic fantasy warriors standing back-to-back in a frozen storm. On the left, a battle-worn male warrior with wet, curly dark hair, head bowed in quiet resolve, gripping a medieval sword planted into the ice. Frost and snow cling to his fur-lined cloak and shoulders. On the right, a powerful female warrior in profile, pale skin glowing with fiery orange light, her body partially engulfed in flames thatcontrast against the icy blue atmosphere. Snow particles swirl through the air, blending fire and ice in a symbolic clash. Ultra-detailed faces, emotional intensity, volumetric fog, cinematic lighting, cold blue tones mixed with warm fire highlights, shallow depth of field, epic fantasy movie poster, hyper-realistic, 8K resolution, dramatic composition, sharp focus, high contrast, photorealistic textures.",一幅戏剧性的电影海报风格肖像，描绘了两位史诗奇幻战士在冰冻风暴中背靠背站立。左侧是一位身经百战的男性战士，留着湿漉漉的深色卷发，低头以此表达坚定的决心，紧握着一把插在冰里的中世纪长剑。霜雪附着在他毛皮镶边的斗篷和肩膀上。右侧是一位强有力的女性战士侧影，苍白的皮肤在炽热的橙色光芒下闪耀，她的身体部分被火焰吞没，与冰冷的蓝色氛围形成对比。雪花粒子在空中盘旋，在象征性的冲突中融合了火与冰。超精细的面部细节，情感强度，体积雾，电影级布光，冷蓝色调混合温暖的火焰高光，浅景深，史诗奇幻电影海报，超写实，8K分辨率，戏剧性构图，清晰聚焦，高对比度，逼真纹理。,https://opennana.com/awesome-prompt-gallery/ice-fire-warriors-epic-poster
都市落日时尚大片,https://img.opennana.com/prompts/assets/202602/1770225784375-9h5ld4nn-1.jpeg,"A hyper-realistic cinematic fashion photograph of a stunning young woman in her early 20s, full body visible, standing in a modern city center during golden hour.
She leans casually with one shoulder against a traffic light pole, unaware of the camera, as if the moment was captured naturally.
She wears skinny blue jeans, brown leather boots, and a cropped brown suede jacket with a soft shearling collar. Under the jacket, a minimal dark crop top reveals a subtle cleavage and toned midriff.

Her physique is naturally feminine, balanced and elegant, with confident posture.
One hand runs through her long, voluminous curly light-brown hair, lifting it back in motion. Her head is turned slightly toward that side, eyes looking away naturally, not posing.

Skin tone is lightly sun-kissed with a soft creamy glow, realistic skin texture, subtle pores and highlights — no plastic look.
Makeup is striking but refined: defined eyes, bold lashes, sculpted cheeks, soft contour, and natural glossy lips — editorial beauty campaign quality.
Lighting is warm golden hour sunlight, wrapping around her silhouette and hair, creating soft highlights and cinematic contrast.
Background is an urban street with cars and city lights rendered in strong bokeh, shallow depth of field — focus locked on the woman.

Shot on a full-frame cinema camera, 85mm lens, f/1.8, ultra-realistic detail, high dynamic range, cinematic color grading, film-like tones, premium fashion editorial aesthetic, high-budget movie still feeling.","一张超现实电影感时尚照片，一位二十出头惊艳的年轻女性，全身可见，站在现代城市中心，黄金时段。  
她随意地单肩靠在交通信号灯杆上，没有意识到相机的存在，仿佛这一刻是自然捕捉的。  
她穿着紧身蓝色牛仔裤、棕色皮靴，以及一件短款棕色麂皮夹克，带有柔软羊皮翻领。夹克下，一件极简深色露脐上衣，隐约露出精致的乳沟和紧致的腹部。  

她的体型天生女性化，均衡而优雅，姿态自信。  
一只手穿过她丰盈的浅棕色长发，将其向后撩起，头部微微转向那一侧，眼睛自然地看向别处，没有摆拍。  

肤色为轻微日晒后的奶油般柔和光泽，真实肌肤纹理，细腻毛孔与高光——毫无塑料感。  
妆容醒目却精致：清晰的眼部、浓密睫毛、立体腮红、柔和修容，以及自然光泽唇——具备高端美妆广告质感。  
光线为温暖金色时段阳光，包裹她的轮廓与发丝，营造柔和高光与电影感对比。  
背景为城市街道，汽车与都市灯光以强烈散景呈现，浅景深——焦点锁定在女性身上。  

使用全画幅电影摄影机拍摄，85mm镜头，f/1.8，超现实细节，高动态范围，电影级调色，胶片质感，顶级时尚大片美学，高预算电影剧照氛围。",https://opennana.com/awesome-prompt-gallery/urban-sunset-fashion-silhouette
街头炫瓶男模,https://img.opennana.com/prompts/assets/202601/1769873890606-csyjkxj3-1.jpeg,"Professional photo, a guy, a 30-year-old Russian model (reference image), is facing the lens, tilted towards the camera, angle from below, shot with a wide-angle lens. The guy is tilted and shows a bottle close-up to the camera, a hand with a bottle close-up right in front of the lens. The label and direction of the bottle are straight so the label is readable. He's wearing white sneakers, one foot in front of the camera. The guy is standing on the street, wet asphalt and splashes from below. Bright colors, cinematic lighting, the light is behind and on the model’s face. --v7 --ar 3:4 --style raw",专业照片，一位男士，30岁的俄罗斯模特（参考图像），正对着镜头，向相机倾斜，从下往上拍摄，使用广角镜头。男士倾斜着身体，近距离将一瓶饮料展示给镜头，一只手拿着瓶子，紧贴在镜头前。瓶子的标签和方向保持笔直，以便标签清晰可读。他穿着白色运动鞋，一只脚在镜头前方。男士站在街道上，湿漉漉的沥青和飞溅的水花从下方拍出。鲜艳的色彩，电影级灯光，光线从后方打在模特的脸上。--v7 --ar 3:4 --style raw,https://opennana.com/awesome-prompt-gallery/street-model-flaunt-bottle
超真实3D INS广告大片,https://img.opennana.com/prompts/assets/202601/1769442575444-xj11mror-1.jpeg,"Create a hyper-realistic, cinematic Instagram post layout where the Instagram UI exists as a physical, tangible 3D object, photographed like a premium commercial product shot. The result should feel indistinguishable from a real studio photograph.
Instagram Frame (UI Accuracy – Critical)
Authentic Instagram interface rendered as a solid white physical 3D card
Smooth matte plastic surface with subtle micro-texture
Slight thickness visible on edges, realistic bevels
Perfectly rounded corners (exact Instagram radius)
Soft studio reflections and realistic edge highlights
Top Bar (Pixel-accurate UI):
Circular profile avatar on the left
Username text: “June” in Instagram’s default bold UI font
Light blue FOLLOW button with correct proportions
Three-dot menu icon aligned to the far right
Exact spacing, typography, and icon sizing matching the real Instagram app
Aspect ratio 1:1, centered, balanced, premium composition.
Main Subject (Pose – Match Reference Image Exactly)
A photorealistic athletic woman partially emerging out of the Instagram frame into real 3D space
Seated pose identical to the reference image:
Both legs bent and angled to the side
One knee slightly raised and closer to the chest
Arms gently wrapped around the raised knee
Hands relaxed, fingers naturally resting
Torso leaning slightly back against the frame edge
Expression: calm, thoughtful, self-assured
Gaze: looking slightly to the side and upward, not engaging the camera
Natural body proportions, relaxed posture, editorial realism
No exaggerated curves, no artificial posing
Clothing (Nike Only – Realistic Fit)
Muted ivory / off-white Nike fitted short-sleeve blouse
Soft neutral tone that contrasts beautifully with the background
Visible white Nike swoosh
Natural fabric stretch and tension
Deep blue Nike athletic pants, length up to the knee
Tailored, performance-fit silhouette
Realistic fabric weight with subtle folds at the knee bend
Clean stitching and breathable sports material
Clean white Nike sneakers
Slight wear realism
Correct sole texture and stitching
Premium sportswear look, real commercial styling
No distortion, no fantasy fashion
Background (Inside the Instagram Post Only)
Dark indoor gym or studio environment
Cool blue and muted purple cinematic lighting
Soft haze in the background
Subtle volumetric light beams barely visible
Shallow depth of field, background softly blurred
Subject and Instagram frame remain sharp and dominant
Lighting & Photorealism
Studio-grade cinematic lighting
Soft key light illuminating the subject naturally
Gentle rim light outlining the body and Instagram frame
Realistic skin texture with visible pores and natural highlights
Accurate contact shadows where the subject touches the frame
Physically correct light falloff and reflections
Footer UI (Engagement Section)
Instagram action icons: like, comment, share, save (accurate icons)
Text visible: “785 likes”
Caption begins with June
Caption text:
Freedom isn’t found in comfort.
It’s built in the quiet moments where discipline meets belief.
Hashtags partially visible and naturally cropped
Overall Style & Quality
Ultra-high resolution
Advertising-grade realism
Clean, modern, editorial Instagram aesthetic
Hyper-realistic blend of 3D object + real photography
No extra elements
No text errors
No distortion
Looks like a real product photoshoot, not AI art",,https://opennana.com/awesome-prompt-gallery/hyper-realistic-3d-instagram-ad
复古巴士上的红风衣女郎,https://img.opennana.com/prompts/assets/202601/1769340463229-ret3fajs-1.jpeg,"A stylish young woman sitting on the front edge of an old vintage bus, wearing a long red trench coat, woolen beanie cap, round blue reflective sunglasses, layered necklaces, and rugged brown leather boots. She has wavy blonde hair and a confident, dreamy expression, looking upward toward the sky. The bus is weathered with peeling paint in turquoise and rust red tones.Bright clear blue sky, urban background with minimal buildings, soft daylight, cinematic color grading, shallow depth of field, high fashion travel vibe, editorial photography, ultra-realistic, 4K resolution, sharp focus, natural skin texture, dramatic composition, film still aesthetic.",一位时尚年轻女子坐在老式复古巴士的前缘，身穿红色长风衣、羊毛无檐小便帽、圆形蓝色反光太阳镜、叠层项链和粗犷的棕色皮靴。她有着波浪状金发，带着自信而梦幻的表情，仰望天空。巴士漆面剥落，呈青绿色与铁锈红色调。明亮清澈的蓝天，城市背景建筑极少，柔和日光，电影级色彩分级，浅景深，高端时尚旅行氛围，编辑摄影，超写实，4K分辨率，锐利对焦，自然肌肤质感，戏剧性构图，电影静帧美学。,https://opennana.com/awesome-prompt-gallery/vintage-bus-red-trench-girl
皮克斯风阳光少年,https://img.opennana.com/prompts/assets/202601/1768919593335-uya7wlam-1.jpeg,"A stylized 3D cartoon portrait of a young man with short brown hair and expressive green eyes, smiling warmly. He is wearing a black blazer over a white t-shirt, modern casual fashion. Pixar-like / Disney-style character design with smooth skin, soft lighting, and slightly exaggerated facial features. High detail, polished 3D render, friendly and approachable expression. Gradient background with soft teal and pink colors, studio lighting, shallow depth of field, high resolution.",一个风格化的3D卡通肖像，一位年轻男子，拥有短棕发和富有表现力的绿色眼睛，温暖地微笑。他穿着黑色西装外套内搭白色T恤，现代休闲时尚。类似皮克斯/迪士尼风格角色设计，皮肤光滑，柔和光照，略微夸张的面部特征。高细节、精美的3D渲染，友好且平易近人的表情。渐变背景为柔和的蓝绿色和粉色，工作室灯光，浅景深，高分辨率。,https://opennana.com/awesome-prompt-gallery/pixar-style-sunny-youth
红蓝撞色高跟诱惑,https://img.opennana.com/prompts/assets/202601/1768707835224-f9ei2nr1-1.jpeg,"{
  ""global_settings"": {
    ""resolution"": ""8K"",
    ""quality"": ""ultra-high definition"",
    ""aspect_ratio"": ""2:3"",
    ""render_style"": ""AI-edited, high-detail 3D render"",
    ""lighting_quality"": ""soft studio lighting with realistic shadows"",
    ""sharpness"": ""extreme clarity, crisp edges"",
    ""noise"": ""none"",
    ""compression"": ""none""
  },
  ""Module_1_Image_1_Style"": {
    ""subject"": {
      ""character_type"": ""stylized 3D cartoon female"",
      ""pose"": ""standing, body slightly angled, one hand raised with index finger touching lips"",
      ""expression"": ""cheerful smile, wide eyes"",
      ""hair"": {
        ""color"": ""black"",
        ""style"": ""two braided pigtails"",
        ""accessories"": ""green cap""
      },
      ""face"": {
        ""eyes"": ""large, rounded, dark pupils"",
        ""skin"": ""smooth, matte, stylized texture""
      }
    },
    ""clothing"": {
      ""top"": ""sleeveless green crop top"",
      ""bottom"": ""loose green jogger-style pants with drawstring"",
      ""footwear"": ""white sneakers""
    },
    ""accessories"": {
      ""luggage"": ""green hard-shell suitcase with extended handle""
    },
    ""color_palette"": [
      ""multiple shades of green"",
      ""white accents""
    ],
    ""background"": {
      ""color"": ""solid green"",
      ""texture"": ""soft, slightly grainy studio backdrop""
    },
    ""composition"": {
      ""framing"": ""full body"",
      ""camera_angle"": ""eye-level"",
      ""depth"": ""subject sharply separated from background""
    }
  },
  ""Module_2_Image_2_Style"": {
    ""subject"": {
      ""character_type"": ""stylized 3D cartoon female"",
      ""pose"": ""leaning slightly backward against background"",
      ""expression"": ""playful, lips slightly pursed, eyes looking sideways"",
      ""hair"": {
        ""color"": ""brown"",
        ""style"": ""short, tousled"",
        ""accessories"": ""red sunglasses resting on head""
      }
    },
    ""clothing"": {
      ""dress"": ""form-fitting blue ribbed dress with thin straps"",
      ""footwear"": ""red high-heel sandals with bow detail""
    },
    ""color_palette"": [
      ""bold red"",
      ""deep blue""
    ],
    ""background"": {
      ""color"": ""solid red"",
      ""texture"": ""smooth matte surface""
    },
    ""lighting"": {
      ""direction"": ""soft directional light from one side"",
      ""shadow"": ""defined shadow cast on red background""
    },
    ""composition"": {
      ""framing"": ""full body"",
      ""pose_emphasis"": ""curved posture, crossed legs""
    }
  },
  ""Module_3_Image_3_Style"": {
    ""subject"": {
      ""characters"": [
        {
          ""type"": ""stylized 3D cartoon female"",
          ""position"": ""left"",
          ""wrapped_in"": ""red textured blanket"",
          ""expression"": ""calm, slight smile, eyes looking upward""
        },
        {
          ""type"": ""stylized 3D cartoon male"",
          ""position"": ""right"",
          ""wrapped_in"": ""orange textured blanket"",
          ""expression"": ""neutral, gentle gaze upward""
        }
      ]
    },
    ""environment"": {
      ""furniture"": ""red sofa"",
      ""floor"": ""red surface"",
      ""background"": {
        ""color"": ""deep red"",
        ""texture"": ""fabric-like horizontal texture""
      }
    },
    ""details"": {
      ""feet"": ""female barefoot, male wearing socks"",
      ""blanket_texture"": ""thick, knitted fabric""
    },
    ""composition"": {
      ""framing"": ""centered, medium-wide shot"",
      ""symmetry"": ""balanced left and right composition""
    }
  }","{
  ""global_settings"": {
    ""resolution"": ""8K"",
    ""quality"": ""超高清晰度"",
    ""aspect_ratio"": ""2:3"",
    ""render_style"": ""AI编辑、高细节3D渲染"",
    ""lighting_quality"": ""柔和影棚光与逼真阴影"",
    ""sharpness"": ""极致清晰、锐利边缘"",
    ""noise"": ""无"",
    ""compression"": ""无""
  },
  ""Module_1_Image_1_Style"": {
    ""subject"": {
      ""character_type"": ""风格化3D卡通女性"",
      ""pose"": ""站立、身体微微侧转、一手抬起食指触唇"",
      ""expression"": ""灿烂微笑、大眼睛"",
      ""hair"": {
        ""color"": ""黑色"",
        ""style"": ""双辫马尾"",
        ""accessories"": ""绿色帽子""
      },
      ""face"": {
        ""eyes"": ""大而圆、深色瞳孔"",
        ""skin"": ""光滑、哑光、风格化纹理""
      }
    },
    ""clothing"": {
      ""top"": ""无袖绿色短款上衣"",
      ""bottom"": ""宽松绿色束脚运动裤配抽绳"",
      ""footwear"": ""白色运动鞋""
    },
    ""accessories"": {
      ""luggage"": ""绿色硬壳拉杆行李箱""
    },
    ""color_palette"": [
      ""多种绿色"",
      ""白色点缀""
    ],
    ""background"": {
      ""color"": ""纯绿色"",
      ""texture"": ""柔软、微颗粒影棚背景""
    },
    ""composition"": {
      ""framing"": ""全身"",
      ""camera_angle"": ""平视"",
      ""depth"": ""主体与背景锐利分离""
    }
  },
  ""Module_2_Image_2_Style"": {
    ""subject"": {
      ""character_type"": ""风格化3D卡通女性"",
      ""pose"": ""微微后仰靠在背景上"",
      ""expression"": ""俏皮、嘴唇轻撅、眼睛斜视"",
      ""hair"": {
        ""color"": ""棕色"",
        ""style"": ""短发、凌乱"",
        ""accessories"": ""红色太阳镜架在头顶""
      }
    },
    ""clothing"": {
      ""dress"": ""贴身蓝色罗纹吊带裙"",
      ""footwear"": ""红色高跟凉鞋配蝴蝶结""
    },
    ""color_palette"": [
      ""大胆红色"",
      ""深蓝""
    ],
    ""background"": {
      ""color"": ""纯红色"",
      ""texture"": ""光滑哑光表面""
    },
    ""lighting"": {
      ""direction"": ""一侧柔和定向光"",
      ""shadow"": ""在红色背景上投下清晰影子""
    },
    ""composition"": {
      ""framing"": ""全身"",
      ""pose_emphasis"": ""弯曲身姿、交叉双腿""
    }
  },
  ""Module_3_Image_3_Style"": {
    ""subject"": {
      ""characters"": [
        {
          ""type"": ""风格化3D卡通女性"",
          ""position"": ""左侧"",
          ""wrapped_in"": ""红色纹理毯子"",
          ""expression"": ""平静、浅笑、眼睛向上看""
        },
        {
          ""type"": ""风格化3D卡通男性"",
          ""position"": ""右侧"",
          ""wrapped_in"": ""橙色纹理毯子"",
          ""expression"": ""中性、温柔目光向上""
        }
      ]
    },
    ""environment"": {
      ""furniture"": ""红色沙发"",
      ""floor"": ""红色地面"",
      ""background"": {
        ""color"": ""深红色"",
        ""texture"": ""织物状横向纹理""
      }
    },
    ""details"": {
      ""feet"": ""女性赤脚、男性穿袜"",
      ""blanket_texture"": ""厚实针织面料""
    },
    ""composition"": {
      ""framing"": ""居中、中景宽镜头"",
      ""symmetry"": ""左右平衡构图""
    }
  }
}",https://opennana.com/awesome-prompt-gallery/red-blue-stiletto-seduction
沉香玫瑰悬浮幻景,https://img.opennana.com/prompts/assets/202601/1768402800354-cyso7pp1-1.jpeg,"{
  ""master_prompt_type"": ""Ultra-detailed 8K AI image generation"",
  ""global_settings"": {
    ""resolution"": ""8K UHD"",
    ""aspect_ratio"": ""2:3 vertical"",
    ""render_quality"": ""extreme sharpness, ultra-fine detail, cinematic lighting"",
    ""style"": ""hyper-realistic commercial product photography"",
    ""color_profile"": ""warm golden tones with soft amber highlights"",
    ""environment"": {
      ""location"": ""ancient Middle Eastern market corridor"",
      ""architecture"": {
        ""walls"": ""aged stone walls with visible texture and wear"",
        ""arches"": ""large stone archway in background"",
        ""floor"": ""stone flooring, warm brown tone""
      },
      ""background_elements"": [
        ""wooden shelves filled with spices"",
        ""sacks and bowls of dried goods"",
        ""hanging bundles of herbs"",
        ""traditional metal lanterns emitting warm yellow light""
      ],
      ""lighting"": {
        ""primary"": ""soft golden ambient light"",
        ""secondary"": ""warm lantern glow from both sides"",
        ""atmosphere"": ""slight haze enhancing light diffusion"" ""main_subject"": {
          ""type"": ""perfume bottle"",
          ""position"": ""center foreground"",
          ""placement"": ""on top of an ornate wooden table"",
          ""material"": {
            ""bottle"": ""transparent clear glass"",
            ""cap"": ""gold metallic rectangular cap"",
            ""liquid"": ""light golden perfume liquid""
          },
          ""design"": {
            ""shape"": ""rectangular bottle with rounded edges"",
            ""finish"": ""glossy reflective surface"",
            ""label"": ""no visible label"" ""table"": {
              ""material"": ""dark carved wood"",
              ""shape"": ""square top"",
              ""details"": [
                ""intricate floral and geometric carvings"",
                ""golden inlay accents"",
                ""polished surface reflecting light"" ""floating_elements"": {
                  ""composition_style"": ""vertical ingredient stack"",
                  ""motion"": ""ingredients appear suspended with swirling golden light"",
                  ""effects"": [
                    ""glowing particles"",
                    ""sparkling dust"",
                    ""soft light trails connecting elements""
                  ],
                  ""elements_order_top_to_bottom"": [
                    {
                      ""ingredient"": ""amber resin"",
                      ""appearance"": ""translucent golden-brown resin chunks"",
                      ""glow"": ""warm internal glow"" ""ingredient"": ""damask rose"",
                      ""appearance"": ""fully bloomed pink rose"",
                      ""details"": [
                        ""soft layered petals"",
                        ""natural green leaves"",
                        ""petals gently floating nearby""
                      ] ""ingredient"": ""white musk"",
                      ""appearance"": ""smooth white crystal-like stone"",
                      ""additional"": ""fine white powder beneath the stone"" ""ingredient"": ""aged agarwood"",
                      ""appearance"": ""dark brown wooden pieces"",
                      ""texture"": ""rough, fibrous wood grain"",
                      ""effect"": ""thin white smoke rising upward"" ""text_elements"": {
                        ""title"": {
                          ""text"": ""Exquisite Syrian Perfume"",
                          ""font_style"": ""elegant serif"",
                          ""color"": ""gold"",
                          ""position"": ""top center""
                        },
                        ""subtitle"": {
                          ""text"": ""Luxury Syrian Perfume"",
                          ""font_style"": ""smaller serif"",
                          ""color"": ""gold"",
                          ""position"": ""below main title""
                        },
                        ""ingredient_labels"": [
                          {
                            ""title"": ""Pure Amber"",
                            ""description"": ""Precious resin from the depths of nature""
                          } ""title"": ""Damask Rose"",
                          ""description"": ""Symbol of beauty and Syrian heritage""
                        },
                        {
                          ""title"": ""White Musk"",
                          ""description"": ""Clean, powdery scent of timeless elegance""
                        },
                        {
                          ""title"": ""Aged Agarwood"",
                          ""description"": ""Rich, smoky wood with deep warmth""
                        }
                      ],
                      ""typography_details"": {
                        ""connector_lines"": ""thin curved golden lines connecting text to ingredients"",
                        ""icons"": ""small circular markers at line endpoints""
                      } ""opacity"": ""slightly translucent""
                    } ""overall_mood"": ""tone"": ""luxurious, warm, elegant"",
                    ""theme"": ""heritage perfume craftsmanship"",
                    ""visual_feel"": ""rich, premium, cinematic ads","{
  ""master_prompt_type"": ""超精细8K AI图像生成"",
  ""global_settings"": {
    ""resolution"": ""8K UHD"",
    ""aspect_ratio"": ""2:3 竖版"",
    ""render_quality"": ""极致锐度、超微细节、电影级光效"",
    ""style"": ""超现实商业产品摄影"",
    ""color_profile"": ""温暖金调搭配柔和琥珀高光"",
    ""environment"": {
      ""location"": ""古老中东市场走廊"",
      ""architecture"": {
        ""walls"": ""岁月痕迹的粗糙石墙与可见纹理"",
        ""arches"": ""背景巨型石拱"",
        ""floor"": ""暖棕色石材地面""
      },
      ""background_elements"": [
        ""装满香料的木架"",
        ""袋装与碗装干货"",
        ""悬挂草药束"",
        ""散发暖黄光的传统金属灯笼""
      ],
      ""lighting"": {
        ""primary"": ""柔和金色环境光"",
        ""secondary"": ""两侧暖灯笼辉光"",
        ""atmosphere"": ""薄雾增强光线漫射""
      }
    },
    ""main_subject"": {
      ""type"": ""香水瓶"",
      ""position"": ""中心前景"",
      ""placement"": ""置于华丽木桌之上"",
      ""material"": {
        ""bottle"": ""透明清玻璃"",
        ""cap"": ""黄金金属矩形瓶盖"",
        ""liquid"": ""淡金香水液体""
      },
      ""design"": {
        ""shape"": ""圆角矩形瓶身"",
        ""finish"": ""高光反射表面"",
        ""label"": ""无可见标签""
      },
      ""table"": {
        ""material"": ""深色雕花木材"",
        ""shape"": ""方形台面"",
        ""details"": [
          ""繁复花卉与几何雕刻"",
          ""金色镶嵌装饰"",
          ""抛光表面映光""
        ]
      },
      ""floating_elements"": {
        ""composition_style"": ""竖向成分堆叠"",
        ""motion"": ""成分悬浮并伴随旋转金光"",
        ""effects"": [
          ""发光粒子"",
          ""闪耀尘埃"",
          ""柔光尾迹连接元素""
        ],
        ""elements_order_top_to_bottom"": [
          {
            ""ingredient"": ""琥珀树脂"",
            ""appearance"": ""半透明金棕树脂块"",
            ""glow"": ""温暖内发光""
          },
          {
            ""ingredient"": ""大马士革玫瑰"",
            ""appearance"": ""盛放粉色玫瑰"",
            ""details"": [
              ""柔软层叠花瓣"",
              ""自然绿叶"",
              ""轻飘附近花瓣""
            ]
          },
          {
            ""ingredient"": ""白麝香"",
            ""appearance"": ""光滑白水晶状石块"",
            ""additional"": ""石下细白粉末""
          },
          {
            ""ingredient"": ""陈年沉香"",
            ""appearance"": ""深棕木片"",
            ""texture"": ""粗糙纤维木纹"",
            ""effect"": ""缕缕白烟上升""
          }
        ]
      },
      ""text_elements"": {
        ""title"": {
          ""text"": ""精致叙利亚香水"",
          ""font_style"": ""优雅衬线体"",
          ""color"": ""金色"",
          ""position"": ""顶部中央""
        },
        ""subtitle"": {
          ""text"": ""奢华叙利亚香水"",
          ""font_style"": ""较小衬线体"",
          ""color"": ""金色"",
          ""position"": ""主标题下方""
        },
        ""ingredient_labels"": [
          {
            ""title"": ""纯琥珀"",
            ""description"": ""来自自然深处的珍贵树脂""
          },
          {
            ""title"": ""大马士革玫瑰"",
            ""description"": ""美丽与叙利亚传承的象征""
          },
          {
            ""title"": ""白麝香"",
            ""description"": ""干净、粉感、永恒优雅的香氛""
          },
          {
            ""title"": ""陈年沉香"",
            ""description"": ""深邃温暖、浓郁烟熏木香""
          }
        ],
        ""typography_details"": {
          ""connector_lines"": ""细弯金线连接文字与成分"",
          ""icons"": ""线末端小圆点标记""
        },
        ""opacity"": ""轻微半透明""
      }
    },
    ""overall_mood"": {
      ""tone"": ""奢华、温暖、优雅"",
      ""theme"": ""传承香水工艺"",
      ""visual_feel"": ""浓郁、高端、电影级广告""
    }
  }
}",https://opennana.com/awesome-prompt-gallery/floating-rose-agarwood-scene
俯拍巨女城景自拍,https://img.opennana.com/prompts/assets/202601/1768056882155-qis0af56-1.jpeg,"{
  ""type"": ""image_generation_prompt"",
  ""language"": ""en"",
  ""style"": ""hyper-realistic cinematic selfie photography"",
  ""aspect_ratio"": ""9:16"",
  ""identity_preservation"": {
    ""use_reference_image"": true,
    ""strict_identity_lock"": true,
    ""alter_face"": false,
    ""alter_skin"": false,
    ""alter_hair"": false,
    ""alter_gender"": false,
    ""notes"": ""Preserve identical facial features, skin texture, hair, glasses, age, and gender from the uploaded reference image. No synthetic skin or sculptural look.""
  },
  ""subject"": {
    ""gender"": ""female"",
    ""capture_method"": ""selfie taken by the subject herself"",
    ""pose"": {
      ""selfie_arm"": {
        ""description"": ""one arm fully straight and completely extended upward holding the camera that takes the selfie"",
        ""visibility"": ""arm clearly visible, straight and dominant in frame"",
        ""camera_visibility"": ""the selfie camera device itself must NOT be visible in the frame""
      },
      ""product_arm"": {
        ""description"": ""the other arm fully extended toward the camera holding the attached Canon camera"",
        ""importance"": ""product is closest to the camera and visually dominant""
      },
      ""head"": {
        ""tilt"": ""slightly tilted toward the selfie camera""
      },
      ""expression"": ""natural and relaxed facial expression""
    },
    ""body_visibility"": ""full body visible from head to toe"",
    ""feet"": ""feet clearly touching the road surface""
  },
  ""composition"": {
    ""perspective"": ""natural selfie perspective at chest height"",
    ""camera_angle"": ""extreme top-down angle, camera above the subject looking directly downward"",
    ""layer_depth"": [
      ""product (closest to camera)"",
      ""face"",
      ""full body"",
      ""city environment (background)""
    ]
  },
  ""scale_and_perspective"": {
    ""effect"": ""forced perspective"",
    ""subject_scale"": ""the woman appears extremely giant"",
    ""buildings_scale"": ""buildings appear much smaller, reaching no higher than her knees"",
    ""dominance"": ""the subject visually dominates the entire scene"",
    ""realism"": ""inspiring scale while remaining physically believable""
  },
  ""environment"": {
    ""location"": ""real urban intersection"",
    ""elements"": [
      ""pedestrian crosswalk"",
      ""road markings"",
      ""traffic signs"",
      ""cars"",
      ""bicycles"",
      ""pedestrians at realistic human scale""
    ],
    ""setting"": ""ground-level urban environment""
  },
  ""lighting"": {
    ""type"": ""natural daylight"",
    ""conditions"": ""clear or lightly cloudy sky"",
    ""shadows"": ""soft and realistic"",
    ""restrictions"": ""no fantasy or dramatic lighting""
  },
  ""product_rules"": {
    ""usage"": ""use the uploaded Canon product exactly as provided"",
    ""distortion"": ""none"",
    ""logo"": ""unchanged"",
    ""appearance"": ""natural reflections and realistic highlights only""
  },
  ""camera_quality"": {
    ""realism"": ""maximum photorealism"",
    ""depth"": ""clear separation of foreground, subject, and background"",
    ""artifacts"": ""none""
  },
  ""constraints"": [
    ""No AI-art look"",
    ""No plastic or sculpted skin"",
    ""No distortion of face or body"",
    ""No extra limbs or incorrect anatomy"",
    ""No text or watermarks"",
    ""No visible selfie camera device""
  ],
  ""output_goal"": ""Create a hyper-realistic cinematic selfie image of a woman using her exact reference identity, captured from an extreme top-down perspective in a real urban crosswalk, with forced perspective scale, natural daylight, and a Canon camera product prominently held toward the lens.""
}","{
  ""type"": ""图像生成提示词"",
  ""language"": ""zh"",
  ""style"": ""超现实电影感自拍摄影"",
  ""aspect_ratio"": ""9:16"",
  ""identity_preservation"": {
    ""use_reference_image"": true,
    ""strict_identity_lock"": true,
    ""alter_face"": false,
    ""alter_skin"": false,
    ""alter_hair"": false,
    ""alter_gender"": false,
    ""notes"": ""保留上传参考图像中完全一致的脸部特征、皮肤纹理、头发、眼镜、年龄和性别。禁止合成皮肤或雕塑感。""
  },
  ""subject"": {
    ""gender"": ""女性"",
    ""capture_method"": ""由主体本人拍摄的自拍"",
    ""pose"": {
      ""selfie_arm"": {
        ""description"": ""一只手臂完全伸直并完全向上伸展，手持拍摄自拍的相机"",
        ""visibility"": ""手臂在画面中清晰可见、笔直且占主导地位"",
        ""camera_visibility"": ""自拍相机设备本身不得在画面中出现""
      },
      ""product_arm"": {
        ""description"": ""另一只手臂完全伸向相机，手持附带的佳能相机"",
        ""importance"": ""产品最靠近相机并在视觉上占主导地位""
      },
      ""head"": {
        ""tilt"": ""头部向自拍相机微微倾斜""
      },
      ""expression"": ""自然放松的面部表情""
    },
    ""body_visibility"": ""从头到脚全身可见"",
    ""feet"": ""双脚清晰接触路面""
  },
  ""composition"": {
    ""perspective"": ""胸部高度的自然自拍视角"",
    ""camera_angle"": ""极端俯拍角度，相机位于主体正上方并直视下方"",
    ""layer_depth"": [
      ""产品（最靠近相机）"",
      ""脸部"",
      ""全身"",
      ""城市环境（背景）""
    ]
  },
  ""scale_and_perspective"": {
    ""effect"": ""强制透视"",
    ""subject_scale"": ""女性呈现极度巨大"",
    ""buildings_scale"": ""建筑物显得小得多，最高不超过她的膝盖"",
    ""dominance"": ""主体在视觉上完全主导整个场景"",
    ""realism"": ""激发规模感同时保持物理可信""
  },
  ""environment"": {
    ""location"": ""真实城市十字路口"",
    ""elements"": [
      ""人行横道"",
      ""道路标线"",
      ""交通标志"",
      ""汽车"",
      ""自行车"",
      ""真实人类尺度的行人""
    ],
    ""setting"": ""地面层城市环境""
  },
  ""lighting"": {
    ""type"": ""自然日光"",
    ""conditions"": ""晴朗或轻度多云天空"",
    ""shadows"": ""柔和且真实"",
    ""restrictions"": ""禁止奇幻或戏剧性照明""
  },
  ""product_rules"": {
    ""usage"": ""完全按提供的上传佳能产品使用"",
    ""distortion"": ""无"",
    ""logo"": ""保持不变"",
    ""appearance"": ""仅有自然反射和真实高光""
  },
  ""camera_quality"": {
    ""realism"": ""最大照片真实感"",
    ""depth"": ""前景、主体与背景清晰分离"",
    ""artifacts"": ""无""
  },
  ""constraints"": [
    ""禁止AI艺术感"",
    ""禁止塑料或雕塑皮肤"",
    ""禁止扭曲脸部或身体"",
    ""禁止多余肢体或错误解剖"",
    ""禁止文字或水印"",
    ""禁止可见自拍相机设备""
  ],
  ""output_goal"": ""创作一张超现实电影感自拍图像：女性使用其确切参考身份，从极端俯拍视角在真实城市人行横道拍摄，具备强制透视比例、自然日光，并将佳能相机产品明显持向镜头。""
}",https://opennana.com/awesome-prompt-gallery/giant-woman-topdown-selfie
烬甲猎鹰者与燃翼神禽,https://img.opennana.com/prompts/images/1145.jpeg,"A cinematic fantasy scene of a fierce female use image for face reference warrior falconer walking through a dark misty forest, wearing battle-worn leather armor infused with glowing ember textures. Her arm is raised, commanding a massive phoenix-eagle hybrid with blazing wings and flaming feathers, fire trailing from its tips. The bird radiates molten orange and red light, casting sparks and embers into the air.The warrior has braided hair, ash-streaked skin, and a determined expression, carrying a rope and utility pouch. Ultra-detailed feathers, realistic fire physics, dramatic lighting, volumetric fog, shallow depth of field, epic fantasy atmosphere, hyper-realistic, cinematic color grading, dark moody background, 8k, concept art, unreal engine quality.",一幅充满奇幻色彩的电影场景：一位英姿飒爽的女战士兼猎鹰师，身着饱经战火洗礼、饰以闪耀余烬纹理的皮甲，漫步于幽暗迷雾笼罩的森林之中。她高举手臂，指挥着一头巨大的凤凰与雄鹰的混合体，这头猛禽双翼燃烧，羽毛燃焰，尖端喷吐着火焰。它周身散发着橙红色的熔岩光芒，火星和余烬飞溅。女战士梳着辫子，皮肤上沾满了灰烬，神情坚定，手中拿着绳索和工具袋。画面细节丰富，羽毛纹理逼真，火焰物理效果自然，光照效果极具戏剧性，运用了体积雾、浅景深等技术，营造出史诗般的奇幻氛围，色彩调校极具电影质感，背景阴郁深沉，分辨率高达8K，呈现出概念艺术的精髓，并采用了虚幻引擎的渲染效果。,https://opennana.com/awesome-prompt-gallery/prompt-1145
